segmentId,newSegmentId,speedLimit,frc,distance,lat,lon,timeSet,timeSetName,dateRange,averageSpeed,medianSpeed,harmonicAverageSpeed,standardDeviationSpeed,averageTravelTime,medianTravelTime,travelTimeRatio,sampleSize,travelTimeStandardDeviation,speedP5,speedP10,speedP15,speedP20,speedP25,speedP30,speedP35,speedP40,speedP45,speedP50,speedP55,speedP60,speedP65,speedP70,speedP75,speedP80,speedP85,speedP90,speedP95
-15040002514826,-00004d41-3200-0400-0000-0000004c4d11,60,4,43.2,33.5614,-7.66965,4,16:00-21:00,1,17.7,18.0,12.7,8.4,12.28,8.64,1.06,597,10.32,5,7,8,10,12,14,15,16,17,18,19,20,21,21,22,24,25,27,30
-15040001884050,-00004d41-3200-0400-0000-0000004c4ed4,60,7,24.29,33.56148,-7.66993,4,16:00-21:00,1,19.8,19.0,12.5,9.1,7.01,4.6,1.19,97,11.1,4,9,12,13,15,16,17,17,18,19,20,21,22,23,24,25,26,33,39
-15040005524537,-00004d41-3200-0400-0000-0000004c531a,60,3,46.56,33.56522,-7.66785,4,16:00-21:00,1,21.4,20.0,9.8,14.9,17.05,8.38,0.97,3746,19.13,3,3,5,7,10,12,15,16,18,20,21,23,24,26,29,33,38,43,50
-15040001873374,-00004d41-3200-0400-0000-0000004c531b,60,3,239.64,33.5648,-7.66792,4,16:00-21:00,1,29.8,30.0,23.7,12.4,36.47,28.76,1.05,3662,22.91,12,14,16,18,19,21,23,25,28,30,31,33,35,37,39,41,43,46,50
-15040001877588,-00004d41-3200-0400-0000-0000004c531d,60,3,27.05,33.56267,-7.66829,4,16:00-21:00,1,22.3,21.0,14.1,11.5,6.9,4.64,1.05,3864,7.44,4,7,10,13,15,16,16,18,20,21,23,24,26,28,30,32,35,38,42
-15040002519005,-00004d41-3200-0400-0000-0000004c5321,60,3,43.76,33.57478,-7.67179,4,16:00-21:00,1,28.4,30.0,23.5,9.1,6.7,5.25,1.19,10101,5.31,12,16,18,20,22,24,26,27,28,30,31,32,33,34,35,36,37,39,41
-15040002604526,-00004d41-3200-0400-0000-0000004c5322,60,3,40.93,33.5751,-7.67201,4,16:00-21:00,1,29.7,31.0,24.1,9.1,6.11,4.75,1.13,10127,8.35,14,17,20,22,24,26,27,29,30,31,32,33,34,35,36,37,39,40,43
-15040001873381,-00004d41-3200-0400-0000-0000004c5323,60,3,41.37,33.57543,-7.67222,4,16:00-21:00,1,29.5,30.0,25.4,9.0,5.87,4.96,1.08,10144,4.38,14,17,19,21,23,25,26,28,29,30,31,32,33,35,36,37,38,40,43
-15040001884888,-00004d41-3200-0400-0000-0000004c5324,60,3,41.35,33.57575,-7.67245,4,16:00-21:00,1,29.6,30.0,25.8,9.0,5.77,4.96,1.07,10144,3.46,14,17,20,22,23,25,27,28,29,30,32,33,34,35,36,37,38,40,43
-15040001877598,-00004d41-3200-0400-0000-0000004c5325,60,3,38.69,33.57605,-7.67266,4,16:00-21:00,1,29.2,30.0,25.5,8.7,5.47,4.64,1.06,10167,3.58,14,18,20,22,23,25,26,28,29,30,31,32,33,34,35,36,38,40,43
-15040003211682,-00004d41-3200-0400-0000-0000004c5327,60,3,45.48,33.5764,-7.67293,4,16:00-21:00,1,26.5,26.0,22.1,9.2,7.43,6.3,1.11,10116,6.34,12,15,17,19,20,21,23,24,25,26,28,29,30,31,33,34,36,38,42
-15040002602801,-00004d41-3200-0400-0000-0000004c5328,60,3,55.48,33.57682,-7.67325,4,16:00-21:00,1,24.3,24.0,19.5,8.7,10.27,8.32,1.1,10255,10.68,11,13,15,17,19,20,21,22,23,24,25,26,28,29,30,31,33,35,39
-15040004756282,-00004d41-3200-0400-0000-0000004c5898,60,6,43.86,33.56792,-7.67717,4,16:00-21:00,1,24.0,24.0,19.8,9.3,7.99,6.58,1.13,2014,5.75,10,13,15,17,18,20,21,22,23,24,25,26,26,28,29,30,31,34,40
-15040002523745,-00004d41-3200-0400-0000-0000004c58a1,60,7,15.38,33.56504,-7.67302,4,16:00-21:00,1,16.6,17.0,14.1,5.5,3.94,3.26,0.94,40,2.18,6,8,12,13,13,14,15,15,16,17,17,18,18,18,19,20,21,23,26
-15040004756287,-00004d41-3200-0400-0000-0000004c58a8,60,6,59.19,33.56775,-7.67759,4,16:00-21:00,1,30.3,31.0,26.1,9.6,8.18,6.87,1.12,1996,4.47,13,17,20,22,24,26,27,29,30,31,32,33,34,35,37,38,39,41,45
-15040002523739,-00004d41-3200-0400-0000-0000004c58a9,60,6,61.39,33.56752,-7.67817,4,16:00-21:00,1,28.9,28.0,24.2,9.8,9.12,7.89,1.16,2008,6.28,13,16,19,21,23,24,25,26,27,28,30,32,33,34,36,37,39,41,44
-15040002577868,-00004d41-3200-0400-0000-0000004c599f,60,3,199.7,33.56701,-7.66761,4,16:00-21:00,1,31.5,31.0,23.6,14.7,30.51,23.19,1.1,3233,20.29,11,13,15,17,18,20,22,25,28,31,34,37,39,42,43,46,48,51,55
-15040004756379,-00004d41-3200-0400-0000-0000004c59e8,60,5,77.35,33.54897,-7.68481,4,16:00-21:00,1,24.6,25.0,20.6,7.7,13.55,11.14,1.04,1372,11.58,12,16,17,19,20,21,22,23,24,25,26,27,27,28,29,30,31,33,36
-15040002604518,-00004d41-3200-0400-0000-0000004ca3cf,60,4,31.35,33.56065,-7.67233,4,16:00-21:00,1,32.9,34.0,28.8,9.2,3.92,3.32,1.03,5622,2.89,17,20,23,25,28,29,30,32,33,34,35,36,37,38,39,40,41,43,47
-15040005060406,-00004d41-3200-0400-0000-0000004ca3d0,60,4,25.04,33.56071,-7.67207,4,16:00-21:00,1,33.6,35.0,29.4,9.3,3.07,2.58,1.03,5641,2.58,17,20,23,26,28,30,31,33,34,35,36,36,37,38,39,41,42,44,47
-15040002570606,-00004d41-3200-0400-0000-0000004ca3d1,60,4,29.05,33.5608,-7.67178,4,16:00-21:00,1,33.3,34.0,29.0,9.2,3.61,3.08,1.07,5613,4.51,17,20,23,26,28,30,31,32,33,34,35,36,37,38,39,40,42,44,47
-15040002561298,-00004d41-3200-0400-0000-0000004ca3d2,60,4,25.41,33.56088,-7.67152,4,16:00-21:00,1,33.1,34.0,29.1,9.0,3.14,2.69,1.06,5627,3.46,17,20,23,26,28,30,31,32,33,34,35,36,37,38,39,40,41,43,46
-15040001918370,-00004d41-3200-0400-0000-0000004ca3d3,60,4,28.21,33.56105,-7.67096,4,16:00-21:00,1,31.6,32.0,27.3,9.0,3.72,3.17,1.06,5577,3.65,16,20,22,24,26,28,29,30,31,32,33,34,35,36,37,39,40,42,45
-15040001921828,-00004d41-3200-0400-0000-0000004ca3d4,60,4,27.06,33.56115,-7.6707,4,16:00-21:00,1,30.9,32.0,26.9,9.1,3.63,3.04,1.04,5569,2.43,15,19,21,23,25,27,28,29,30,32,33,34,35,36,37,38,39,42,45
-15040004281954,-00004d41-3200-0400-0000-0000004ca3da,60,4,75.56,33.55766,-7.68097,4,16:00-21:00,1,22.1,21.0,13.6,12.8,20.06,12.95,1.03,3871,19.1,5,7,8,9,11,13,15,17,19,21,23,25,27,29,31,33,36,40,45
-15040002550795,-00004d41-3200-0400-0000-0000004ca689,60,7,28.62,33.57195,-7.67441,4,16:00-21:00,1,7.3,5.7,4.2,4.8,24.34,18.08,1.6,38,24.99,2,2,2,3,4,4,5,5,6,6,7,7,8,9,11,12,13,14,16
-15040002584577,-00004d41-3200-0400-0000-0000004cd21a,60,6,115.82,33.55111,-7.6792,4,16:00-21:00,1,20.4,18.0,15.2,10.7,27.38,23.16,0.99,3252,16.4,8,9,9,10,11,12,14,15,17,18,20,21,23,25,27,30,33,37,41
-15040001959434,-00004d41-3200-0400-0000-0000004cd21b,60,6,51.31,33.54558,-7.67918,4,16:00-21:00,1,14.1,12.0,11.0,6.6,16.82,15.39,1.04,1064,10.51,5,6,7,9,9,9,11,12,12,12,14,16,17,18,18,18,20,23,27
-15040001952049,-00004d41-3200-0400-0000-0000004cd21c,60,7,44.45,33.54541,-7.67969,4,16:00-21:00,1,18.2,19.0,15.3,6.2,10.43,8.42,1.13,192,5.6,7,9,11,13,15,15,17,17,18,19,19,20,21,21,22,23,24,26,28
-15040001968631,-00004d41-3200-0400-0000-0000004cd21d,60,6,81.2,33.55285,-7.67733,4,16:00-21:00,1,22.0,22.0,18.4,7.3,15.92,13.29,0.96,1813,12.09,10,13,14,16,17,18,19,20,21,22,23,24,25,26,27,28,29,31,33
-15040002571345,-00004d41-3200-0400-0000-0000004cd24e,60,7,51.96,33.57293,-7.67287,4,16:00-21:00,1,17.8,17.0,15.4,5.7,12.16,11.0,0.98,393,7.12,9,11,12,13,14,15,16,16,17,17,19,19,20,21,22,22,24,26,28
-15040002568251,-00004d41-3200-0400-0000-0000004cd250,60,7,58.76,33.57253,-7.66963,4,16:00-21:00,1,23.8,24.0,20.3,7.5,10.4,8.81,0.88,214,7.09,11,16,18,20,21,21,22,22,23,24,24,25,26,26,27,28,29,32,34
-15040001971117,-00004d41-3200-0400-0000-0000004ce0d3,60,7,24.09,33.54712,-7.68063,4,16:00-21:00,1,16.5,17.0,12.3,6.6,7.05,5.1,1.07,152,6.16,5,7,9,11,12,13,15,15,16,17,18,19,20,20,21,22,23,24,26
-15040005075847,-00004d41-3200-0400-0000-0000004ce0e0,60,4,111.0,33.54902,-7.68609,4,16:00-21:00,1,29.3,29.0,24.3,8.9,16.43,13.78,0.99,1375,18.83,14,18,21,23,24,25,26,27,29,29,31,32,32,34,35,36,37,40,43
-15040002627734,-00004d41-3200-0400-0000-0000004ce0e1,60,7,35.74,33.54857,-7.68502,4,16:00-21:00,1,15.2,15.0,12.0,7.2,10.77,8.58,0.8,197,7.04,5,7,9,11,12,13,13,14,14,15,15,16,16,17,18,18,20,22,27
-15040004763545,-00004d41-3200-0400-0000-0000004ce2a2,60,7,70.01,33.56342,-7.67527,4,16:00-21:00,1,20.2,20.0,17.3,5.5,14.55,12.6,1.1,87,11.24,12,14,16,16,17,18,18,19,19,20,20,21,22,23,24,25,26,27,29
-15040001972385,-00004d41-3200-0400-0000-0000004ce2a3,60,7,86.78,33.56361,-7.67436,4,16:00-21:00,1,21.5,20.0,18.4,5.7,16.97,15.62,1.13,91,13.67,14,16,17,18,18,19,19,20,20,20,22,23,23,24,25,26,27,28,30
-15040001982764,-00004d41-3200-0400-0000-0000004ce2c5,60,7,66.1,33.56376,-7.67607,4,16:00-21:00,1,20.5,20.0,17.1,6.9,13.91,11.9,1.08,158,11.67,10,14,16,17,17,18,19,19,20,20,21,22,22,23,23,24,25,26,30
-15040003496597,-00004d41-3200-0400-0000-0000004ce2c6,60,7,63.5,33.56403,-7.67546,4,16:00-21:00,1,18.8,19.0,15.1,6.4,15.11,12.03,1.02,400,15.36,8,10,13,14,15,16,17,17,18,19,20,21,21,22,23,24,25,27,29
-15040004284052,-00004d41-3200-0400-0000-0000004ce2c8,60,7,45.73,33.56219,-7.67614,4,16:00-21:00,1,19.5,18.0,13.7,10.0,12.06,9.15,1.01,350,9.76,6,7,8,10,11,12,14,16,16,18,20,22,23,26,27,29,31,33,36
-15040002553035,-00004d41-3200-0400-0000-0000004ce2c9,60,7,32.0,33.56235,-7.67569,4,16:00-21:00,1,26.2,26.0,20.2,9.9,5.69,4.43,1.01,531,7.48,11,14,16,18,20,21,23,24,25,26,27,28,29,30,31,33,35,38,44
-15040001972221,-00004d41-3200-0400-0000-0000004ce2cb,60,7,53.39,33.56313,-7.67326,4,16:00-21:00,1,19.2,20.0,15.7,6.8,12.23,9.61,1.09,78,7.72,5,10,12,14,15,15,17,18,19,20,21,21,22,23,24,24,25,27,32
-15040002612957,-00004d41-3200-0400-0000-0000004ce2ce,60,7,136.19,33.56494,-7.66886,4,16:00-21:00,1,20.3,21.0,17.7,5.6,27.74,23.35,0.73,53,16.65,9,13,15,15,18,18,20,20,21,21,21,22,23,23,23,25,26,26,28
-15040002570062,-00004d41-3200-0400-0000-0000004ce2cf,60,7,72.62,33.56556,-7.66864,4,16:00-21:00,1,14.9,15.0,11.2,6.2,23.41,17.43,0.89,390,21.37,5,7,9,10,11,12,13,13,14,15,15,16,17,18,19,19,21,22,24
-15040004771610,-00004d41-3200-0400-0000-0000004ce2e0,60,7,63.22,33.56504,-7.66953,4,16:00-21:00,1,22.1,23.0,15.6,9.5,14.56,9.9,1.01,919,19.41,7,10,12,14,16,17,18,20,22,23,23,24,25,25,27,28,31,34,41
-15040002539963,-00004d41-3200-0400-0000-0000004ce528,60,7,33.08,33.57094,-7.6824,4,16:00-21:00,1,16.0,17.0,11.1,7.8,10.78,7.01,0.89,30,8.5,5,6,7,7,8,10,12,15,16,17,17,19,20,21,22,23,24,24,26
-15040002629760,-00004d41-3200-0400-0000-0000004ce529,60,7,125.35,33.57136,-7.67933,4,16:00-21:00,1,11.9,12.0,10.1,4.5,44.59,37.6,1.04,47,20.97,5,6,7,8,9,9,11,11,12,12,13,13,13,14,14,16,16,17,18
-15040004299312,-00004d41-3200-0400-0000-0000004ce52a,60,6,31.31,33.57036,-7.67869,4,16:00-21:00,1,16.7,17.0,11.9,6.7,9.48,6.63,1.55,596,12.62,5,8,10,11,12,13,14,15,16,17,17,18,19,20,21,23,24,26,27
-15040001983904,-00004d41-3200-0400-0000-0000004ce52d,60,7,54.07,33.5714,-7.67068,4,16:00-21:00,1,14.9,14.0,12.1,5.9,16.14,13.9,0.76,60,10.23,5,7,9,10,11,12,12,13,14,14,15,16,17,17,18,19,20,23,25
-15040004764660,-00004d41-3200-0400-0000-0000004ceb8a,60,7,73.54,33.55837,-7.68156,4,16:00-21:00,1,15.2,16.0,11.7,6.4,22.62,16.55,1.17,66,14.9,5,6,8,10,10,12,12,13,15,16,17,17,18,19,19,19,22,23,26
-15040003508876,-00004d41-3200-0400-0000-0000004ceb8e,60,7,106.12,33.54912,-7.68519,4,16:00-21:00,1,19.3,21.0,14.8,7.5,25.77,18.19,0.84,35,18.67,5,6,12,13,14,15,18,18,19,21,22,22,23,23,24,25,26,28,32
-15040003320673,-00004d41-3200-0400-0000-0000004ceb8f,60,7,39.75,33.54897,-7.68481,4,16:00-21:00,1,18.9,16.0,15.2,8.9,9.45,8.94,0.83,53,5.3,8,10,11,13,14,14,15,15,16,16,17,18,19,20,23,26,31,32,35
-15040005624292,-00004d41-3200-0400-0000-0000004ceb92,60,4,17.32,33.54914,-7.68648,4,16:00-21:00,1,35.9,36.0,26.4,12.1,2.36,1.73,1.04,1360,6.61,17,22,24,27,29,30,32,33,35,36,37,39,40,41,43,45,47,50,55
-15040001978612,-00004d41-3200-0400-0000-0000004ceb93,60,4,22.09,33.54911,-7.6863,4,16:00-21:00,1,35.7,36.0,25.4,12.1,3.13,2.21,1.06,1407,8.16,16,21,23,26,28,30,31,33,35,36,37,39,40,41,43,45,47,50,56
-15040002635949,-00004d41-3200-0400-0000-0000004ceba1,60,7,29.97,33.55015,-7.68648,4,16:00-21:00,1,16.3,17.0,12.4,7.0,8.67,6.35,1.13,43,5.74,6,6,7,11,12,12,14,15,17,17,18,18,18,19,20,22,25,26,27
-15040004764670,-00004d41-3200-0400-0000-0000004ceba2,60,7,40.5,33.55047,-7.68667,4,16:00-21:00,1,17.0,18.0,13.4,6.8,10.92,8.1,1.12,32,7.06,6,7,8,12,13,14,15,17,17,18,18,18,18,19,20,22,25,26,28
-15040001995411,-00004d41-3200-0400-0000-0000004cebad,60,7,31.73,33.56993,-7.68548,4,16:00-21:00,1,17.4,16.0,11.1,12.1,10.3,7.14,1.16,94,8.04,4,5,6,8,10,10,12,13,15,16,17,19,22,23,23,25,26,27,36
-15040003508975,-00004d41-3200-0400-0000-0000004cebae,60,7,26.25,33.57004,-7.68523,4,16:00-21:00,1,19.3,17.0,14.9,10.8,6.36,5.56,1.15,97,4.75,6,10,11,13,15,15,16,16,17,17,18,20,21,22,23,24,25,27,34
-15040004764684,-00004d41-3200-0400-0000-0000004cebba,60,7,73.46,33.55495,-7.68468,4,16:00-21:00,1,16.4,16.0,14.6,5.4,18.1,16.53,0.81,34,6.7,9,10,11,11,12,13,14,14,15,16,17,18,19,20,20,21,21,24,26
-15040001978657,-00004d41-3200-0400-0000-0000004cebbb,60,7,68.36,33.55553,-7.68492,4,16:00-21:00,1,16.4,17.0,10.8,9.4,22.79,14.48,1.35,35,18.19,4,5,7,7,10,11,11,11,14,17,18,18,20,20,21,24,26,28,32
-15040001995400,-00004d41-3200-0400-0000-0000004cebbd,60,7,45.33,33.55355,-7.68347,4,16:00-21:00,1,15.1,15.0,12.2,5.8,13.35,10.88,1.02,418,9.59,6,7,9,10,11,12,13,14,14,15,15,16,17,18,19,20,21,23,24
-15040003320738,-00004d41-3200-0400-0000-0000004cebbf,60,7,32.08,33.5545,-7.68396,4,16:00-21:00,1,18.2,18.0,15.9,5.0,7.26,6.42,1.03,439,4.38,9,13,14,15,15,16,17,17,18,18,19,20,20,21,21,22,23,24,26
-15040004764691,-00004d41-3200-0400-0000-0000004cebc2,60,7,46.39,33.55104,-7.67937,4,16:00-21:00,1,19.2,17.0,12.8,14.8,13.09,9.82,0.77,32,8.22,5,6,8,9,9,10,12,14,14,17,18,19,19,23,23,24,27,28,63
-15040003320760,-00004d41-3200-0400-0000-0000004cebc7,60,7,57.55,33.56241,-7.67942,4,16:00-21:00,1,22.9,22.0,21.0,6.0,9.86,9.42,0.96,140,4.17,16,17,18,19,20,20,21,21,22,22,23,24,24,25,26,26,27,29,31
-15040004772974,-00004d41-3200-0400-0000-0000004cebc8,60,7,94.52,33.56273,-7.67849,4,16:00-21:00,1,22.9,22.0,21.7,5.8,15.66,15.47,0.98,112,3.97,17,18,18,19,20,20,21,21,22,22,23,24,24,24,25,26,27,29,31
-15040002636000,-00004d41-3200-0400-0000-0000004cebc9,60,7,66.43,33.563,-7.67785,4,16:00-21:00,1,22.9,22.0,21.7,5.8,11.0,10.87,0.98,112,2.79,17,18,18,19,20,20,21,21,22,22,23,24,24,24,25,26,27,29,31
-15040004764696,-00004d41-3200-0400-0000-0000004cebca,60,7,120.12,33.56351,-7.67671,4,16:00-21:00,1,23.3,22.0,21.7,7.0,19.93,19.66,0.9,147,5.66,16,17,18,19,20,20,21,21,22,22,23,24,24,25,26,26,27,29,32
-15040001978643,-00004d41-3200-0400-0000-0000004cebcb,60,7,47.0,33.56422,-7.67501,4,16:00-21:00,1,22.5,23.0,18.8,6.5,8.98,7.36,1.15,358,7.35,10,15,17,18,19,20,21,21,22,23,23,24,25,26,26,27,29,30,34
-15040001995403,-00004d41-3200-0400-0000-0000004cebcd,60,7,26.5,33.55259,-7.68136,4,16:00-21:00,1,19.5,15.0,13.4,17.7,7.15,6.36,0.62,31,3.68,7,9,9,10,11,12,12,12,13,15,15,16,17,18,20,22,23,25,75
-15040003508929,-00004d41-3200-0400-0000-0000004cebce,60,7,12.51,33.55254,-7.68149,4,16:00-21:00,1,19.4,15.0,10.7,17.7,4.19,3.0,0.77,32,5.39,5,8,9,9,10,12,12,13,15,15,15,16,17,19,19,22,23,31,75
-15040001978637,-00004d41-3200-0400-0000-0000004cebd3,60,7,39.17,33.55195,-7.68199,4,16:00-21:00,1,17.9,15.0,11.7,14.4,12.01,9.4,0.92,37,8.65,5,6,8,8,9,12,13,15,15,15,16,17,19,19,20,22,23,25,49
-15040003508971,-00004d41-3200-0400-0000-0000004cebd6,60,7,42.01,33.55086,-7.68197,4,16:00-21:00,1,15.9,15.0,11.4,8.6,13.24,10.08,0.86,93,12.79,6,7,8,9,10,11,12,14,14,15,16,16,17,18,20,21,23,24,27
-15040001978631,-00004d41-3200-0400-0000-0000004cebdb,60,6,21.09,33.55135,-7.67667,4,16:00-21:00,1,26.1,27.0,20.1,9.4,3.77,2.81,1.03,1785,4.02,10,14,16,18,20,22,23,24,26,27,28,29,30,31,32,34,35,37,40
-15040002635971,-00004d41-3200-0400-0000-0000004cebe1,60,4,63.95,33.56525,-7.67716,4,16:00-21:00,1,32.1,32.0,26.8,10.2,8.59,7.19,1.0,1758,7.67,16,19,23,25,26,28,29,30,31,32,33,34,35,37,38,40,42,44,50
-15040002588994,-00004d41-3200-0400-0000-0000004cebe8,60,6,84.74,33.55508,-7.67773,4,16:00-21:00,1,28.6,30.0,21.4,10.2,14.29,10.17,1.01,695,13.88,8,14,17,20,22,25,27,28,29,30,31,32,33,34,35,36,38,40,44
-15040005032433,-00004d41-3200-0400-0000-0000004cebea,60,6,18.68,33.55403,-7.68085,4,16:00-21:00,1,22.7,23.0,16.0,10.3,4.21,2.92,0.93,887,4.22,6,9,12,14,15,17,19,20,21,23,24,25,27,28,29,31,33,35,40
-15040001978723,-00004d41-3200-0400-0000-0000004cebeb,60,7,90.89,33.56071,-7.67726,4,16:00-21:00,1,24.9,25.0,21.4,8.2,15.27,13.09,1.06,93,8.01,11,14,17,19,20,21,22,23,24,25,26,27,28,28,29,31,34,35,39
-15040001969820,-00004d41-3200-0400-0000-0000004cebec,60,7,117.57,33.56165,-7.67783,4,16:00-21:00,1,24.9,25.0,21.4,8.2,19.76,16.93,1.06,93,10.36,11,14,17,19,20,21,22,23,24,25,26,27,28,28,29,31,32,35,39
-15040001995496,-00004d41-3200-0400-0000-0000004cebed,60,7,71.73,33.56273,-7.67849,4,16:00-21:00,1,27.6,28.0,24.0,7.5,10.76,9.22,1.05,146,6.59,14,19,21,23,24,25,26,27,28,28,29,30,30,31,32,33,34,36,38
-15040003234271,-00004d41-3200-0400-0000-0000004cebee,60,7,62.18,33.56216,-7.67813,4,16:00-21:00,1,25.4,26.0,22.1,7.4,10.14,8.61,1.01,245,5.59,12,17,18,19,21,22,23,24,25,26,27,28,28,29,30,31,33,34,36
-15040003320816,-00004d41-3200-0400-0000-0000004cebef,60,7,63.01,33.56323,-7.67879,4,16:00-21:00,1,27.4,28.0,23.8,7.5,9.55,8.1,1.07,145,5.84,13,18,21,22,24,24,25,27,28,28,28,30,30,31,32,33,34,36,38
-15040002635713,-00004d41-3200-0400-0000-0000004cec09,60,7,64.95,33.56349,-7.67817,4,16:00-21:00,1,24.7,24.0,20.8,10.6,11.23,9.74,0.87,31,5.64,8,16,18,20,21,21,22,22,22,24,25,25,26,26,27,29,29,31,41
-15040001969433,-00004d41-3200-0400-0000-0000004cec14,60,7,99.91,33.56188,-7.67715,4,16:00-21:00,1,32.8,34.0,28.3,8.6,12.72,10.58,0.84,335,9.19,16,22,25,26,28,30,32,32,34,34,35,36,37,38,38,39,40,41,45
-15040001995139,-00004d41-3200-0400-0000-0000004cec15,60,7,67.81,33.56165,-7.67783,4,16:00-21:00,1,27.8,29.0,23.7,7.5,10.31,8.42,1.03,263,8.32,13,17,21,23,24,25,27,28,28,29,30,30,31,32,33,34,35,36,38
-15040003508454,-00004d41-3200-0400-0000-0000004cec16,60,7,51.91,33.56148,-7.67835,4,16:00-21:00,1,24.3,25.0,21.3,6.9,8.79,7.48,0.83,55,4.62,10,16,19,20,21,22,23,23,24,25,26,26,26,27,29,30,31,33,35
-15040004773060,-00004d41-3200-0400-0000-0000004cec68,60,7,30.9,33.56552,-7.67422,4,16:00-21:00,1,22.7,23.0,18.8,7.3,5.92,4.84,1.12,281,4.22,10,13,16,17,18,19,20,21,22,23,23,25,26,26,27,28,30,32,34
-15040002558467,-00004d41-3200-0400-0000-0000004cec69,60,7,69.29,33.56424,-7.67219,4,16:00-21:00,1,20.8,21.0,17.5,5.6,14.24,11.88,1.11,1063,16.42,12,14,16,17,18,19,19,20,20,21,21,22,22,23,24,25,26,27,30
-15040004287427,-00004d41-3200-0400-0000-0000004cec6a,60,7,60.52,33.56451,-7.67162,4,16:00-21:00,1,23.3,23.0,20.4,6.5,10.68,9.47,1.11,1168,9.71,13,15,17,18,19,20,21,22,23,23,24,25,26,27,27,28,30,31,34
-15040001979652,-00004d41-3200-0400-0000-0000004cec6b,60,7,64.04,33.56477,-7.671,4,16:00-21:00,1,31.0,31.0,26.8,8.7,8.6,7.44,1.08,1263,7.52,17,20,22,24,26,27,28,29,30,31,32,33,34,35,36,38,39,41,46
-15040001969521,-00004d41-3200-0400-0000-0000004cec6c,60,7,140.58,33.56618,-7.66996,4,16:00-21:00,1,17.4,17.0,13.9,6.5,36.35,29.77,1.06,389,24.82,6,9,11,12,13,14,15,16,17,17,18,19,20,20,21,22,23,26,28
-15040001995210,-00004d41-3200-0400-0000-0000004cec6d,60,7,98.69,33.5666,-7.67089,4,16:00-21:00,1,17.8,17.0,15.2,6.3,23.46,20.9,1.02,410,12.8,8,10,11,12,14,14,15,16,17,17,18,19,20,21,22,23,24,25,28
-15040002571344,-00004d41-3200-0400-0000-0000004cec70,60,7,29.65,33.56483,-7.67255,4,16:00-21:00,1,16.6,17.0,14.1,5.5,7.59,6.28,0.93,40,4.2,6,8,12,13,13,14,15,15,16,17,17,18,18,18,19,20,21,23,26
-15040002561571,-00004d41-3200-0400-0000-0000004cec8a,60,7,53.02,33.57099,-7.67164,4,16:00-21:00,1,11.8,9.8,6.5,8.4,29.43,19.48,1.0,580,24.26,3,3,3,4,4,5,6,7,8,10,12,13,14,16,18,19,21,24,27
-15040001995218,-00004d41-3200-0400-0000-0000004cec95,60,7,110.96,33.56372,-7.66904,4,16:00-21:00,1,19.8,21.0,17.1,5.9,23.3,19.02,0.77,61,13.84,10,12,13,15,16,17,19,20,21,21,22,22,22,23,23,24,25,27,28
-15040002571343,-00004d41-3200-0400-0000-0000004cec96,60,7,55.52,33.566,-7.66835,4,16:00-21:00,1,14.9,16.0,8.4,6.9,23.88,12.49,1.0,411,33.75,2,5,8,10,11,12,13,14,15,16,16,17,18,18,19,20,21,23,25
-15040002635808,-00004d41-3200-0400-0000-0000004cec99,60,7,62.52,33.56424,-7.67219,4,16:00-21:00,1,16.4,17.0,13.4,7.8,16.84,13.24,1.14,35,7.52,8,8,9,9,10,10,11,11,13,17,17,18,19,21,21,21,23,27,28
-15040002565863,-00004d41-3200-0400-0000-0000004ceca6,60,7,127.57,33.56729,-7.66976,4,16:00-21:00,1,16.6,17.0,13.5,6.0,34.09,27.01,0.99,184,22.2,5,9,10,12,13,14,15,16,16,17,18,18,19,19,20,21,22,23,26
-15040001969679,-00004d41-3200-0400-0000-0000004cecac,60,7,69.03,33.56477,-7.671,4,16:00-21:00,1,19.0,19.0,17.7,4.7,14.08,13.08,1.07,31,4.32,10,12,14,15,16,17,18,18,19,19,19,20,21,22,22,24,25,25,25
-15040003321206,-00004d41-3200-0400-0000-0000004cecaf,60,7,22.92,33.57271,-7.67108,4,16:00-21:00,1,30.3,31.0,24.6,9.1,3.36,2.66,1.11,971,4.08,14,18,21,24,25,27,28,29,30,31,32,33,34,35,36,37,39,41,44
-15040002564042,-00004d41-3200-0400-0000-0000004cecb0,60,7,171.78,33.5666,-7.67089,4,16:00-21:00,1,17.8,18.0,14.3,6.2,43.22,34.36,1.1,264,37.92,8,10,12,13,14,15,16,17,17,18,19,19,20,21,22,23,25,26,27
-15040002637244,-00004d41-3200-0400-0000-0000004cecb1,60,7,57.7,33.56609,-7.67099,4,16:00-21:00,1,18.5,19.0,16.1,5.7,12.92,10.93,0.91,464,6.77,9,11,13,14,16,16,17,17,18,19,19,20,21,21,22,23,24,25,28
-15040003978723,-00004d41-3200-0400-0000-0000004ced50,60,4,38.54,33.54887,-7.67955,4,16:00-21:00,1,26.6,27.0,22.5,8.4,6.16,5.14,0.96,3084,4.51,12,16,18,20,21,23,24,25,26,27,28,29,30,31,32,33,35,37,41
-15040005079623,-00004d41-3200-0400-0000-0000004ced58,60,4,64.3,33.56397,-7.68012,4,16:00-21:00,1,30.6,29.0,24.5,11.5,9.44,7.98,0.97,1813,8.51,12,16,19,22,23,24,25,26,28,29,30,32,34,37,39,42,44,46,50
-15040002582342,-00004d41-3200-0400-0000-0000004ced60,60,7,55.03,33.56128,-7.67901,4,16:00-21:00,1,23.1,23.0,21.0,5.5,9.42,8.61,0.96,275,4.27,13,17,18,19,20,21,22,22,23,23,24,24,25,26,27,27,29,29,31
-15040002542296,-00004d41-3200-0400-0000-0000004cee2e,60,6,165.16,33.57036,-7.67869,4,16:00-21:00,1,21.3,20.0,18.0,7.9,32.98,29.73,1.24,869,17.69,9,12,13,15,16,17,18,19,20,20,22,23,24,24,25,28,30,30,35
-15040003322426,-00004d41-3200-0400-0000-0000004cee2f,60,7,34.03,33.5687,-7.67157,4,16:00-21:00,1,20.7,21.0,14.6,8.4,8.42,5.83,0.71,181,8.92,5,9,12,14,16,17,18,19,20,21,22,23,24,25,26,27,28,30,36
-15040004773297,-00004d41-3200-0400-0000-0000004cee30,60,7,66.53,33.56627,-7.67166,4,16:00-21:00,1,20.7,21.0,19.2,5.0,12.48,11.41,1.06,93,4.37,12,14,15,17,18,19,19,20,20,21,21,22,23,24,24,25,26,26,29
-15040002638398,-00004d41-3200-0400-0000-0000004cee31,60,7,65.77,33.56609,-7.67099,4,16:00-21:00,1,20.6,21.0,17.7,6.3,13.38,11.27,1.15,78,7.2,7,11,15,16,17,18,19,20,20,21,22,22,23,24,25,26,26,29,31
-15040001981564,-00004d41-3200-0400-0000-0000004cee33,60,7,202.86,33.56504,-7.66953,4,16:00-21:00,1,20.1,20.0,18.0,5.8,40.63,36.51,0.94,223,18.69,11,13,15,16,17,18,19,19,20,20,20,21,22,22,23,23,25,27,29
-15040002570806,-00004d41-3200-0400-0000-0000004cee37,60,7,50.08,33.56273,-7.66919,4,16:00-21:00,1,19.8,20.0,14.7,8.1,12.26,9.01,0.85,77,14.66,8,11,12,13,15,16,17,18,19,20,21,21,22,22,23,24,27,28,37
-15040003322454,-00004d41-3200-0400-0000-0000004cee67,60,7,163.3,33.56553,-7.66563,4,16:00-21:00,1,24.9,24.0,19.3,10.7,30.48,24.5,1.17,36,22.95,11,13,14,15,17,17,19,21,23,24,25,28,29,31,32,32,36,39,43
-15040001971750,-00004d41-3200-0400-0000-0000004cef1c,60,7,68.42,33.55045,-7.64512,4,16:00-21:00,1,53.5,53.0,48.3,12.1,5.1,4.65,1.01,15086,6.02,33,39,43,45,47,48,50,51,52,53,55,56,57,59,60,62,65,68,73
-15040001981649,-00004d41-3200-0400-0000-0000004cef2b,60,7,185.14,33.56753,-7.65409,4,16:00-21:00,1,19.5,17.0,13.3,12.0,50.16,39.21,1.06,207,39.88,5,7,9,11,12,13,14,15,16,17,18,19,21,22,24,26,28,31,43
-15040002591518,-00004d41-3200-0400-0000-0000004cf046,60,7,71.12,33.56149,-7.67622,4,16:00-21:00,1,18.9,18.0,14.8,8.5,17.26,14.22,1.1,31,9.64,7,8,9,11,12,13,14,15,17,18,22,22,23,23,25,25,29,29,31
-15040002584567,-00004d41-3200-0400-0000-0000004cf070,60,4,69.21,33.56426,-7.67946,4,16:00-21:00,1,34.8,33.0,29.5,11.5,8.46,7.55,1.0,1815,7.15,17,21,24,26,27,28,29,30,31,33,36,38,40,41,43,45,47,50,54
-15040001973220,-00004d41-3200-0400-0000-0000004cf094,60,7,47.85,33.55015,-7.67815,4,16:00-21:00,1,17.4,17.0,12.6,7.4,13.67,10.13,0.98,72,12.08,5,7,8,10,13,15,15,16,17,17,18,20,21,21,22,23,24,26,28
-15040001999649,-00004d41-3200-0400-0000-0000004cf22d,60,7,58.36,33.56246,-7.67537,4,16:00-21:00,1,28.6,29.0,24.0,8.3,8.75,7.24,1.03,510,7.37,13,18,21,23,25,26,27,28,28,29,30,31,32,32,33,34,36,38,41
-15040001999619,-00004d41-3200-0400-0000-0000004cf255,60,4,63.07,33.56809,-7.67296,4,16:00-21:00,1,26.7,27.0,21.0,9.1,10.79,8.41,1.18,1611,13.9,10,15,17,19,21,22,24,25,26,27,28,30,31,32,33,34,36,38,41
-15040003517548,-00004d41-3200-0400-0000-0000004cf25e,60,7,43.54,33.54762,-7.68373,4,16:00-21:00,1,14.6,12.0,9.1,12.2,17.29,13.06,0.76,78,19.12,4,6,7,7,8,9,10,10,11,12,12,15,15,16,17,18,19,23,37
-15040001999487,-00004d41-3200-0400-0000-0000004cf26d,60,6,66.68,33.55538,-7.67689,4,16:00-21:00,1,28.6,30.0,19.1,11.5,12.55,8.0,1.13,620,16.77,7,12,15,19,21,24,26,28,29,30,31,32,34,35,36,37,39,42,46
-15040003517414,-00004d41-3200-0400-0000-0000004cf26e,60,7,42.82,33.55294,-7.6758,4,16:00-21:00,1,17.8,17.0,15.8,5.7,9.74,9.07,0.88,327,4.68,9,11,13,14,15,15,16,16,17,17,18,19,19,20,20,21,22,24,28
-15040002604524,-00004d41-3200-0400-0000-0000004cf271,60,7,20.14,33.56492,-7.67237,4,16:00-21:00,1,18.0,19.0,13.9,7.9,5.23,3.82,0.97,45,3.11,6,7,7,7,13,14,16,17,18,19,19,19,20,21,22,24,27,28,30
-15040003256431,-00004d41-3200-0400-0000-0000004cf28e,60,7,44.53,33.56532,-7.67234,4,16:00-21:00,1,18.5,19.0,15.3,6.8,10.47,8.44,0.85,31,5.87,6,7,13,13,14,16,17,18,19,19,19,20,20,21,22,24,26,27,29
-15040004765681,-00004d41-3200-0400-0000-0000004cf44a,60,7,41.4,33.54954,-7.68622,4,16:00-21:00,1,18.1,19.0,13.3,6.7,11.21,7.84,1.09,77,11.25,5,7,10,13,15,17,18,19,19,19,21,21,21,22,22,22,23,24,26
-15040001985863,-00004d41-3200-0400-0000-0000004cf44b,60,6,86.85,33.5518,-7.68728,4,16:00-21:00,1,29.9,31.0,23.1,10.1,13.55,10.09,0.93,467,15.12,10,16,20,22,24,25,27,29,30,31,32,33,34,35,36,38,40,42,46
-15040002642068,-00004d41-3200-0400-0000-0000004cf4c9,60,7,43.71,33.54525,-7.68013,4,16:00-21:00,1,18.3,19.0,15.4,6.3,10.21,8.28,1.12,195,5.37,7,9,11,13,15,15,16,17,18,19,20,20,21,22,23,24,24,26,28
-15040004765749,-00004d41-3200-0400-0000-0000004cf4ca,60,6,137.3,33.54603,-7.6778,4,16:00-21:00,1,19.8,20.0,17.1,6.3,28.94,24.71,1.01,1132,16.12,10,11,14,15,16,16,17,18,20,20,20,21,22,23,25,25,25,26,32
-15040001975216,-00004d41-3200-0400-0000-0000004cf4fc,60,7,38.5,33.55308,-7.68245,4,16:00-21:00,1,14.1,15.0,9.9,8.2,14.01,9.24,0.89,31,9.99,4,5,6,8,9,10,11,13,14,15,15,15,15,16,17,18,19,22,23
-15040002002322,-00004d41-3200-0400-0000-0000004cf4fd,60,7,20.44,33.55291,-7.68236,4,16:00-21:00,1,14.5,15.0,9.9,8.0,7.41,4.91,0.91,36,5.67,3,5,5,8,8,10,13,14,15,15,15,16,17,18,19,19,20,22,23
-15040003326357,-00004d41-3200-0400-0000-0000004cf4ff,60,7,27.04,33.5495,-7.68016,4,16:00-21:00,1,20.8,21.0,16.8,12.5,5.78,4.64,0.62,31,2.57,9,11,11,11,12,16,17,17,18,21,21,22,23,23,24,24,26,26,31
-15040002643276,-00004d41-3200-0400-0000-0000004cf501,60,7,42.5,33.55255,-7.68222,4,16:00-21:00,1,14.5,15.0,9.9,8.0,15.42,10.2,0.91,36,11.78,3,5,5,8,8,10,13,14,15,15,15,16,17,18,19,19,19,22,23
-15040004765775,-00004d41-3200-0400-0000-0000004cf502,60,7,30.85,33.55228,-7.68212,4,16:00-21:00,1,14.6,15.0,9.9,8.1,11.17,7.4,0.91,36,8.56,3,5,5,8,8,10,13,14,15,15,15,16,17,18,19,19,20,22,23
-15040001987128,-00004d41-3200-0400-0000-0000004cf52b,60,6,48.86,33.54396,-7.67879,4,16:00-21:00,1,12.1,12.0,9.4,4.9,18.82,14.66,1.22,73,15.0,5,5,7,8,9,9,10,11,11,12,12,13,13,14,15,16,17,19,22
-15040001975369,-00004d41-3200-0400-0000-0000004cf53c,60,7,23.9,33.55053,-7.67694,4,16:00-21:00,1,17.4,17.0,11.7,10.9,7.35,5.06,1.07,91,6.64,4,7,8,12,12,14,14,15,16,17,17,18,19,19,21,23,25,26,29
-15040002002534,-00004d41-3200-0400-0000-0000004cf53d,60,7,16.46,33.55058,-7.67678,4,16:00-21:00,1,17.3,16.0,11.7,10.8,5.07,3.7,1.06,93,4.53,4,7,8,10,12,14,14,15,16,16,17,18,19,19,21,23,25,26,29
-15040003518741,-00004d41-3200-0400-0000-0000004cf53e,60,7,42.1,33.55073,-7.67636,4,16:00-21:00,1,18.1,18.0,12.3,10.6,12.36,8.42,1.05,139,11.57,4,6,8,12,13,14,15,17,18,18,19,19,20,21,22,23,25,25,28
-15040002643230,-00004d41-3200-0400-0000-0000004cf549,60,4,40.06,33.54989,-7.67644,4,16:00-21:00,1,30.2,31.0,23.0,11.2,6.27,4.65,1.02,3938,7.62,11,15,18,20,22,24,26,27,29,31,33,34,35,37,38,40,41,44,47
-15040005280253,-00004d41-3200-0400-0000-0000004cf54a,60,4,41.67,33.54974,-7.67686,4,16:00-21:00,1,33.7,34.0,28.1,11.0,5.34,4.41,1.0,3839,4.37,16,19,21,24,26,28,30,32,33,34,36,37,38,40,41,42,44,47,50
-15040002643146,-00004d41-3200-0400-0000-0000004cf559,60,6,113.48,33.54472,-7.67731,4,16:00-21:00,1,16.5,16.0,13.7,5.9,29.85,25.53,0.95,444,19.95,7,9,11,12,13,14,14,15,16,16,17,18,18,19,20,21,22,23,26
-15040004765813,-00004d41-3200-0400-0000-0000004cf55a,60,6,11.81,33.54477,-7.6772,4,16:00-21:00,1,18.0,18.0,14.5,6.4,2.93,2.36,1.05,595,2.67,8,10,12,13,14,15,15,16,17,18,18,19,20,21,22,23,25,26,29
-15040001987053,-00004d41-3200-0400-0000-0000004cf56b,60,7,45.86,33.55172,-7.67737,4,16:00-21:00,1,17.0,19.0,11.2,7.9,14.7,8.69,1.0,55,13.7,3,5,8,9,10,13,14,15,16,19,20,20,21,22,23,23,24,26,31
-15040004765877,-00004d41-3200-0400-0000-0000004cf5ba,60,7,19.71,33.55228,-7.67524,4,16:00-21:00,1,17.1,17.0,15.9,4.0,4.47,4.17,0.99,282,1.7,11,13,14,14,15,15,16,16,17,17,18,18,18,19,19,20,21,22,24
-15040001986826,-00004d41-3200-0400-0000-0000004cf5bb,60,7,32.77,33.55239,-7.67491,4,16:00-21:00,1,17.1,17.0,15.9,4.0,7.43,6.94,0.99,282,2.82,11,13,14,14,15,15,16,16,17,17,18,18,18,19,19,20,21,22,24
-15040002642954,-00004d41-3200-0400-0000-0000004cf5c1,60,7,42.94,33.56914,-7.67555,4,16:00-21:00,1,10.6,9.9,8.2,5.0,18.84,15.61,1.27,32,12.31,4,6,6,7,7,7,8,8,9,10,11,11,12,13,13,14,17,17,19
-15040002595687,-00004d41-3200-0400-0000-0000004cf5c2,60,7,38.95,33.56945,-7.67573,4,16:00-21:00,1,12.3,12.0,10.7,4.7,13.16,11.69,1.27,32,5.11,6,7,7,7,9,9,10,11,11,12,12,12,13,14,15,15,19,19,21
-15040002551748,-00004d41-3200-0400-0000-0000004cf5e7,60,7,47.39,33.57154,-7.67419,4,16:00-21:00,1,12.8,12.0,11.9,3.6,14.39,14.22,1.07,49,4.38,8,9,10,10,11,11,11,11,12,12,13,13,13,14,15,15,15,17,19
-15040004774094,-00004d41-3200-0400-0000-0000004cf618,60,7,13.14,33.57062,-7.67401,4,16:00-21:00,1,11.9,11.0,9.9,4.6,4.78,4.3,1.3,36,2.36,5,6,7,8,8,8,9,10,11,11,12,13,14,16,16,16,17,18,20
-15040002602800,-00004d41-3200-0400-0000-0000004cf620,60,7,31.39,33.56376,-7.67328,4,16:00-21:00,1,22.5,22.0,19.8,6.4,5.72,5.14,1.01,873,4.18,13,15,17,18,19,20,20,21,22,22,23,23,24,25,26,27,28,30,34
-15040002643096,-00004d41-3200-0400-0000-0000004cf621,60,7,23.34,33.56386,-7.67306,4,16:00-21:00,1,26.9,27.0,22.2,8.0,3.79,3.11,0.88,918,4.32,13,18,20,22,23,24,25,25,26,27,27,28,29,30,31,33,35,37,41
-15040004765913,-00004d41-3200-0400-0000-0000004cf622,60,7,21.99,33.56396,-7.67285,4,16:00-21:00,1,28.4,28.0,21.2,7.9,3.73,2.83,1.17,927,9.22,15,20,21,23,24,25,26,27,28,28,29,30,31,32,33,34,36,39,42
-15040002002447,-00004d41-3200-0400-0000-0000004cf625,60,7,62.91,33.56396,-7.67285,4,16:00-21:00,1,18.9,19.0,15.9,5.6,14.27,11.92,0.84,172,9.72,7,13,14,15,16,17,17,18,18,19,20,20,21,22,22,23,25,26,27
-15040004304519,-00004d41-3200-0400-0000-0000004cf632,60,7,31.3,33.56551,-7.67388,4,16:00-21:00,1,16.6,17.0,14.1,5.5,8.01,6.63,0.93,40,4.43,6,8,12,13,13,14,15,15,16,17,17,18,18,18,19,20,21,23,26
-15040001987071,-00004d41-3200-0400-0000-0000004cf633,60,7,21.17,33.56548,-7.67365,4,16:00-21:00,1,16.6,17.0,14.1,5.5,5.42,4.48,0.35,40,3.0,6,8,12,13,13,14,15,15,16,17,17,18,18,18,19,20,21,23,26
-15040003252210,-00004d41-3200-0400-0000-0000004cf637,18,7,25.59,33.56668,-7.67296,4,16:00-21:00,1,16.0,15.0,9.4,12.0,9.77,6.14,1.21,47,11.23,4,6,6,8,9,9,11,12,14,15,16,17,18,19,20,20,21,23,30
-15040002002570,-00004d41-3200-0400-0000-0000004cf63d,60,7,15.04,33.57009,-7.6737,4,16:00-21:00,1,13.1,13.0,12.2,3.6,4.43,4.16,0.9,63,1.27,8,9,10,11,11,11,12,12,13,13,13,14,14,15,15,15,16,17,19
-15040003520653,-00004d41-3200-0400-0000-0000004cf63e,60,7,24.64,33.57029,-7.67381,4,16:00-21:00,1,13.4,13.0,12.3,3.9,7.21,6.82,0.87,66,2.28,8,9,10,11,11,11,12,12,12,13,13,14,14,15,15,15,17,18,21
-15040002553062,-00004d41-3200-0400-0000-0000004cf63f,60,7,40.68,33.57062,-7.67401,4,16:00-21:00,1,13.3,13.0,12.3,3.9,11.92,11.27,0.87,64,3.73,8,9,10,11,11,11,11,12,12,13,13,14,14,15,15,15,16,18,21
-15040002602802,-00004d41-3200-0400-0000-0000004cf64a,60,7,27.68,33.56527,-7.6735,4,16:00-21:00,1,16.6,17.0,14.1,5.5,7.08,5.86,0.93,40,3.92,6,8,12,13,13,14,15,15,16,17,17,18,18,18,19,20,21,23,26
-15040001987034,-00004d41-3200-0400-0000-0000004cf64b,60,7,25.66,33.56507,-7.67337,4,16:00-21:00,1,16.6,17.0,14.1,5.5,6.57,5.43,0.93,40,3.63,6,8,12,13,13,14,15,15,16,17,17,18,18,18,19,20,21,23,26
-15040003520648,-00004d41-3200-0400-0000-0000004cf656,60,7,30.26,33.56334,-7.67275,4,16:00-21:00,1,17.2,17.0,14.1,6.3,7.74,6.41,1.13,60,4.74,5,10,10,11,13,14,15,15,16,17,18,19,20,21,21,22,24,25,25
-15040003250858,-00004d41-3200-0400-0000-0000004cf657,60,7,29.77,33.56657,-7.6732,4,16:00-21:00,1,13.1,9.7,5.6,14.5,18.99,11.06,1.62,31,31.15,2,4,4,6,6,6,7,8,8,10,12,12,13,13,13,14,17,21,39
-15040001976131,-00004d41-3200-0400-0000-0000004cf65c,60,7,23.78,33.57233,-7.67248,4,16:00-21:00,1,18.2,18.0,15.9,5.4,5.37,4.76,1.08,399,2.84,9,12,13,14,15,15,16,17,17,18,19,19,20,21,22,23,24,25,26
-15040002002738,-00004d41-3200-0400-0000-0000004cf65d,60,7,11.77,33.57224,-7.67242,4,16:00-21:00,1,18.2,18.0,15.9,5.4,2.66,2.35,1.08,399,1.41,9,12,13,14,15,15,16,17,17,18,19,19,20,21,22,23,24,25,26
-15040002002756,-00004d41-3200-0400-0000-0000004cf66d,60,7,32.07,33.5645,-7.67235,4,16:00-21:00,1,14.5,13.0,11.2,7.5,10.27,8.88,0.94,48,5.22,6,6,7,7,8,9,10,11,12,13,14,14,17,18,19,20,22,26,27
-15040003520700,-00004d41-3200-0400-0000-0000004cf66e,60,7,40.7,33.56483,-7.67255,4,16:00-21:00,1,16.4,17.0,12.8,7.2,11.42,8.62,1.0,51,6.37,6,7,7,9,11,12,13,14,14,17,19,19,20,20,21,21,25,26,29
-15040004774147,-00004d41-3200-0400-0000-0000004cf670,60,7,22.61,33.56648,-7.67244,4,16:00-21:00,1,17.8,17.0,14.2,7.8,5.75,4.79,1.11,56,3.25,6,7,8,12,13,15,16,16,17,17,19,19,20,20,21,22,25,27,29
-15040002643227,-00004d41-3200-0400-0000-0000004cf671,60,7,45.42,33.56688,-7.67246,4,16:00-21:00,1,17.6,19.0,12.6,7.3,13.01,8.61,1.26,35,12.88,6,7,8,10,13,15,16,17,19,19,19,19,20,21,21,22,26,27,29
-15040002557632,-00004d41-3200-0400-0000-0000004cf672,60,7,43.65,33.56728,-7.67244,4,16:00-21:00,1,17.8,18.0,12.0,10.9,13.09,8.73,1.09,56,11.63,5,6,7,9,10,12,14,15,17,18,19,19,20,21,22,23,24,28,31
-15040001987132,-00004d41-3200-0400-0000-0000004cf673,60,7,97.2,33.56702,-7.67181,4,16:00-21:00,1,20.3,21.0,16.2,7.4,21.58,16.66,0.99,290,15.64,7,10,12,14,16,17,18,19,20,21,22,23,23,24,25,26,28,29,32
-15040001976235,-00004d41-3200-0400-0000-0000004cf674,60,7,64.65,33.56728,-7.67244,4,16:00-21:00,1,21.8,22.0,17.5,7.8,13.3,10.58,1.01,323,9.66,8,11,13,15,17,18,20,20,21,22,23,24,25,26,27,28,30,31,35
-15040002002731,-00004d41-3200-0400-0000-0000004cf67d,60,7,90.51,33.56814,-7.67067,4,16:00-21:00,1,18.0,18.0,13.5,7.0,24.13,18.1,0.98,80,19.26,4,7,10,12,13,15,17,17,18,18,19,20,21,21,22,23,25,26,28
-15040002561736,-00004d41-3200-0400-0000-0000004cf67e,60,7,16.29,33.56877,-7.67141,4,16:00-21:00,1,20.3,21.0,13.8,9.0,4.25,2.79,0.81,134,4.56,4,9,10,12,14,15,16,18,19,21,22,23,24,25,26,27,29,31,36
-15040004774154,-00004d41-3200-0400-0000-0000004cf680,60,7,20.86,33.57288,-7.67118,4,16:00-21:00,1,30.1,31.0,25.5,8.6,2.94,2.42,1.07,965,2.6,14,18,22,24,25,27,28,29,30,31,32,33,34,34,35,37,38,40,43
-15040002562250,-00004d41-3200-0400-0000-0000004cf681,60,7,25.67,33.57308,-7.6713,4,16:00-21:00,1,28.9,29.0,24.8,8.1,3.73,3.19,0.96,962,3.08,15,18,21,23,24,25,27,28,29,29,30,31,32,33,34,35,37,38,41
-15040002643211,-00004d41-3200-0400-0000-0000004cf689,60,7,44.1,33.57211,-7.6707,4,16:00-21:00,1,30.2,30.0,24.2,8.0,6.58,5.29,1.08,895,11.71,17,21,23,25,26,27,28,29,30,30,31,32,33,34,35,36,38,39,42
-15040004765976,-00004d41-3200-0400-0000-0000004cf68a,60,7,20.76,33.57228,-7.6708,4,16:00-21:00,1,31.9,32.0,28.3,8.2,2.64,2.34,0.97,884,1.69,18,22,25,26,28,29,29,30,31,32,33,34,34,35,37,38,39,42,45
-15040002643000,-00004d41-3200-0400-0000-0000004cf6a1,60,4,67.36,33.54741,-7.65741,4,16:00-21:00,1,42.6,42.0,39.0,9.6,6.22,5.77,1.02,1309,3.97,29,33,35,36,37,38,39,40,41,42,43,44,45,46,47,49,51,54,60
-15040004775284,-00004d41-3200-0400-0000-0000004cff60,60,7,34.26,33.54813,-7.68486,4,16:00-21:00,1,14.5,16.0,8.0,8.3,15.44,7.71,1.11,43,16.49,2,3,4,6,7,8,11,13,14,16,16,17,17,19,21,22,23,25,25
-15040004284220,-00004d41-3200-0400-0000-0000004cff88,60,7,41.19,33.56033,-7.67473,4,16:00-21:00,1,10.7,9.0,5.8,7.3,25.45,16.48,0.96,79,24.88,2,2,3,4,5,6,7,7,8,9,10,11,13,14,16,17,18,22,26
-15040002550768,-00004d41-3200-0400-0000-0000004cff89,60,7,60.57,33.56049,-7.67411,4,16:00-21:00,1,14.5,15.0,7.6,5.4,28.56,14.54,1.41,41,57.27,5,10,11,11,12,12,12,13,13,15,16,16,17,17,17,18,18,21,22
-15040003264209,-00004d41-3200-0400-0000-0000004cff92,60,7,36.86,33.57157,-7.67034,4,16:00-21:00,1,20.7,21.0,17.7,6.2,7.48,6.32,0.84,115,4.78,9,14,15,17,18,18,19,20,20,21,21,21,23,23,25,25,26,28,32
-15040002013102,-00004d41-3200-0400-0000-0000004cff95,60,7,33.5,33.56269,-7.66865,4,16:00-21:00,1,17.0,16.0,12.4,8.6,9.76,7.54,0.92,131,8.07,5,8,9,10,11,12,13,14,15,16,17,19,19,20,21,22,23,25,34
-15040002013342,-00004d41-3200-0400-0000-0000004d002d,60,7,147.67,33.56702,-7.67181,4,16:00-21:00,1,15.6,16.0,11.8,7.5,45.13,33.23,1.41,32,27.85,5,7,7,8,9,10,12,13,15,16,18,19,19,19,19,21,23,24,29
-15040004767107,-00004d41-3200-0400-0000-0000004d003a,60,7,72.76,33.57481,-7.67475,4,16:00-21:00,1,16.7,17.0,14.8,5.3,17.74,15.41,1.13,88,7.54,8,10,10,12,13,14,15,16,17,17,18,18,19,19,20,20,21,23,26
-15040003333413,-00004d41-3200-0400-0000-0000004d0057,60,7,64.66,33.57085,-7.67196,4,16:00-21:00,1,16.9,17.0,15.2,5.0,15.28,13.69,0.96,32,5.94,8,11,12,13,13,14,15,15,16,17,18,18,19,19,19,21,23,24,25
-15040002648970,-00004d41-3200-0400-0000-0000004d0071,60,7,77.03,33.55176,-7.67456,4,16:00-21:00,1,17.2,17.0,16.0,3.9,17.32,16.31,0.99,281,6.13,11,13,14,15,15,15,16,16,17,17,18,18,18,19,19,20,21,22,24
-15040004767235,-00004d41-3200-0400-0000-0000004d017a,60,7,44.85,33.54522,-7.67896,4,16:00-21:00,1,13.9,14.0,9.3,6.9,17.46,11.53,1.04,41,16.72,4,4,7,7,9,9,10,12,14,14,15,16,17,17,19,19,21,23,25
-15040003334732,-00004d41-3200-0400-0000-0000004d018f,60,7,18.59,33.55148,-7.67807,4,16:00-21:00,1,17.0,16.0,11.8,7.4,5.67,4.18,1.05,52,5.06,4,5,9,10,13,13,15,15,16,16,19,20,21,22,23,23,24,26,30
-15040004775613,-00004d41-3200-0400-0000-0000004d0190,60,7,23.88,33.55156,-7.67783,4,16:00-21:00,1,16.7,16.0,11.8,7.3,7.27,5.37,1.0,58,6.25,4,5,8,9,13,13,15,15,16,16,19,20,20,21,22,23,24,26,30
-15040003334725,-00004d41-3200-0400-0000-0000004d0197,60,7,45.07,33.54565,-7.67764,4,16:00-21:00,1,17.2,17.0,13.3,8.6,12.23,9.54,1.22,243,10.19,6,9,11,12,13,14,15,16,16,17,17,18,19,20,20,22,23,25,28
-15040001993624,-00004d41-3200-0400-0000-0000004d01c3,60,7,32.07,33.57281,-7.67552,4,16:00-21:00,1,14.9,15.0,13.6,4.1,8.51,7.7,1.09,46,2.86,8,8,9,12,12,13,13,14,14,15,16,17,17,18,18,19,19,19,21
-15040001981997,-00004d41-3200-0400-0000-0000004d01c4,60,7,21.05,33.57299,-7.67562,4,16:00-21:00,1,14.8,15.0,13.5,4.2,5.61,5.05,1.11,47,1.87,8,8,10,11,12,13,13,13,14,15,15,17,17,18,18,19,19,19,21
-15040002014298,-00004d41-3200-0400-0000-0000004d01cd,60,7,25.92,33.57218,-7.67514,4,16:00-21:00,1,9.6,7.7,5.0,6.7,18.7,12.12,0.78,50,22.01,2,2,3,4,5,5,6,6,7,8,9,10,11,12,14,14,15,16,21
-15040003532248,-00004d41-3200-0400-0000-0000004d01ce,60,7,46.47,33.57255,-7.67537,4,16:00-21:00,1,14.8,15.0,13.5,4.1,12.44,11.15,1.12,45,4.24,8,8,9,10,12,13,13,13,14,15,16,17,18,18,18,18,19,19,20
-15040003532214,-00004d41-3200-0400-0000-0000004d01d6,60,7,18.46,33.57485,-7.67455,4,16:00-21:00,1,16.7,17.0,14.8,5.3,4.5,3.91,1.1,88,1.91,8,10,10,12,13,14,15,16,17,17,18,18,19,19,20,20,21,23,26
-15040002552182,-00004d41-3200-0400-0000-0000004d01e0,60,7,32.01,33.57154,-7.67419,4,16:00-21:00,1,12.1,12.0,10.1,4.6,11.47,9.6,1.05,30,5.92,5,6,8,8,9,9,9,10,11,12,12,13,14,15,16,16,17,18,20
-15040002649647,-00004d41-3200-0400-0000-0000004d01f9,60,7,27.72,33.57111,-7.67138,4,16:00-21:00,1,16.1,13.0,8.5,12.0,11.74,7.68,1.93,64,15.44,3,4,6,7,7,9,10,11,12,13,15,18,21,22,22,24,25,26,29
-15040001984904,-00004d41-3200-0400-0000-0000004d0614,60,6,38.62,33.57334,-7.67191,4,16:00-21:00,1,22.9,24.0,15.8,9.4,8.78,5.79,1.15,1270,11.46,7,10,13,15,16,18,20,21,22,24,25,26,27,28,29,30,32,34,37
-15040002017082,-00004d41-3200-0400-0000-0000004d0615,60,6,43.16,33.57318,-7.67233,4,16:00-21:00,1,25.5,26.0,18.3,9.8,8.48,5.98,1.07,1236,12.18,9,13,15,16,19,21,22,24,25,26,27,28,30,31,32,33,35,37,41
-15040002554117,-00004d41-3200-0400-0000-0000004d0618,60,6,40.68,33.57256,-7.67368,4,16:00-21:00,1,18.1,18.0,12.0,8.8,12.21,8.14,1.22,1067,16.69,5,7,9,10,12,13,14,15,16,18,19,20,21,22,23,25,27,30,34
-15040002553051,-00004d41-3200-0400-0000-0000004d0619,60,6,14.48,33.5725,-7.67382,4,16:00-21:00,1,19.2,19.0,12.1,9.0,4.3,2.74,1.05,1054,8.22,5,8,10,11,13,14,15,16,18,19,20,21,22,23,25,27,29,31,34
-15040003337237,-00004d41-3200-0400-0000-0000004d0627,60,7,89.45,33.56912,-7.66298,4,16:00-21:00,1,20.8,18.0,17.2,10.8,18.72,17.89,1.18,83,9.66,11,12,13,15,15,16,17,17,18,18,20,21,22,23,24,26,27,28,34
-15040002553047,-00004d41-3200-0400-0000-0000004d062a,60,6,52.98,33.57228,-7.67432,4,16:00-21:00,1,18.8,19.0,13.3,8.1,14.39,10.04,1.15,972,18.71,6,8,10,11,13,14,16,17,18,19,20,20,22,23,24,25,27,29,32
-15040001996195,-00004d41-3200-0400-0000-0000004d062b,60,6,29.01,33.5708,-7.67769,4,16:00-21:00,1,16.6,16.0,10.8,9.2,9.7,6.53,1.57,900,11.16,4,6,7,9,10,10,11,12,14,16,18,20,21,21,21,22,25,28,34
-15040001985136,-00004d41-3200-0400-0000-0000004d062c,60,6,22.34,33.57218,-7.67454,4,16:00-21:00,1,17.8,17.0,11.9,7.8,6.79,4.73,1.12,940,12.72,5,8,10,11,12,13,15,15,16,17,19,20,21,22,23,24,26,27,31
-15040002017323,-00004d41-3200-0400-0000-0000004d062d,60,6,58.56,33.57108,-7.67704,4,16:00-21:00,1,15.0,14.0,10.3,7.9,20.57,15.06,1.56,879,21.41,4,6,7,8,9,10,11,12,13,14,15,16,17,19,20,22,23,25,29
-15040002589771,-00004d41-3200-0400-0000-0000004d062e,60,6,36.41,33.57132,-7.67648,4,16:00-21:00,1,16.5,15.0,11.9,8.3,11.05,8.74,1.49,863,9.41,5,7,8,9,10,11,12,13,14,15,16,18,19,20,22,24,25,28,31
-15040003337503,-00004d41-3200-0400-0000-0000004d062f,60,6,12.92,33.57147,-7.67613,4,16:00-21:00,1,15.8,15.0,10.6,8.1,4.38,3.1,1.71,855,5.84,5,7,8,9,10,11,12,13,14,15,16,17,18,19,20,22,24,27,30
-15040004775983,-00004d41-3200-0400-0000-0000004d0630,60,6,5.09,33.57153,-7.67601,4,16:00-21:00,1,16.0,15.0,10.8,7.9,1.7,1.22,1.57,863,2.27,5,7,8,9,10,11,12,13,14,15,16,17,18,19,21,23,24,26,30
-15040002548636,-00004d41-3200-0400-0000-0000004d0631,60,6,17.0,33.57155,-7.67596,4,16:00-21:00,1,15.8,15.0,10.7,7.7,5.7,4.08,1.53,819,6.99,5,7,8,9,10,11,12,13,14,15,16,17,18,19,21,22,24,26,29
-15040001996191,-00004d41-3200-0400-0000-0000004d0633,60,6,15.34,33.57191,-7.67514,4,16:00-21:00,1,16.9,17.0,11.2,7.8,4.95,3.25,1.2,811,6.39,4,7,9,10,11,12,13,15,16,17,18,19,20,21,22,23,25,27,29
-15040001985130,-00004d41-3200-0400-0000-0000004d0634,60,6,48.42,33.57198,-7.675,4,16:00-21:00,1,16.3,16.0,10.8,7.5,16.21,10.89,1.25,892,21.02,4,6,8,10,11,12,13,14,15,16,17,18,19,20,21,22,24,26,28
-15040002017316,-00004d41-3200-0400-0000-0000004d0635,60,6,39.05,33.57092,-7.67742,4,16:00-21:00,1,18.3,18.0,13.0,8.9,10.85,7.81,1.41,874,10.15,5,7,9,10,12,13,14,15,17,18,19,20,22,23,24,25,27,28,34
-15040002569161,-00004d41-3200-0400-0000-0000004d0638,60,7,43.98,33.56885,-7.68501,4,16:00-21:00,1,19.3,19.0,13.9,7.8,11.42,8.33,1.2,311,13.41,6,9,11,13,14,16,16,17,18,19,20,21,22,23,24,25,27,29,32
-15040002544485,-00004d41-3200-0400-0000-0000004d063f,60,6,104.99,33.5708,-7.67769,4,16:00-21:00,1,11.8,11.0,8.1,6.6,46.67,34.36,1.68,960,34.8,3,4,5,6,6,7,8,9,10,11,12,13,13,14,16,17,19,21,25
-15040004767617,-00004d41-3200-0400-0000-0000004d0642,60,6,12.31,33.57173,-7.68475,4,16:00-21:00,1,27.9,28.0,23.8,7.9,1.86,1.58,0.84,1386,1.58,15,18,20,22,23,24,25,26,27,28,29,30,31,32,33,34,36,37,40
-15040001985147,-00004d41-3200-0400-0000-0000004d0644,60,6,30.89,33.57164,-7.68468,4,16:00-21:00,1,28.8,29.0,24.5,8.0,4.54,3.83,0.99,1423,5.01,16,18,21,22,24,25,26,27,28,29,30,31,32,33,34,35,37,39,41
-15040002017292,-00004d41-3200-0400-0000-0000004d064d,60,7,69.98,33.5699,-7.68277,4,16:00-21:00,1,21.0,21.0,17.4,7.2,14.52,12.0,0.9,200,9.98,9,12,14,15,16,17,18,19,20,21,22,23,24,25,25,27,28,30,33
-15040002547672,-00004d41-3200-0400-0000-0000004d0799,60,6,49.07,33.55595,-7.67645,4,16:00-21:00,1,24.9,26.0,17.8,10.2,9.95,6.79,0.91,143,9.34,7,11,13,16,17,19,22,23,24,26,27,28,29,32,33,34,35,38,40
-15040002547283,-00004d41-3200-0400-0000-0000004d079a,60,6,26.48,33.55617,-7.67657,4,16:00-21:00,1,26.4,28.0,17.8,11.1,5.35,3.4,0.95,147,5.73,6,9,14,16,19,22,24,24,26,28,29,31,33,34,34,35,35,39,43
-15040002019096,-00004d41-3200-0400-0000-0000004d07ad,60,6,36.92,33.56235,-7.67569,4,16:00-21:00,1,29.5,30.0,25.4,8.5,5.24,4.43,1.02,2103,4.63,16,19,21,23,24,26,27,28,29,30,31,32,33,34,35,36,38,40,43
-15040002548169,-00004d41-3200-0400-0000-0000004d07ae,60,6,123.99,33.56267,-7.67579,4,16:00-21:00,1,29.7,29.0,27.1,7.5,16.46,15.39,1.01,2067,8.46,18,21,23,24,25,26,27,28,29,29,30,31,32,33,34,35,37,39,42
-15040003338081,-00004d41-3200-0400-0000-0000004d07af,60,6,71.6,33.56172,-7.67551,4,16:00-21:00,1,31.8,32.0,27.8,8.7,9.26,8.06,0.95,2382,6.51,17,21,23,26,27,28,29,30,31,32,33,34,35,36,37,38,40,42,45
-15040004776259,-00004d41-3200-0400-0000-0000004d07b0,60,6,56.81,33.56122,-7.67539,4,16:00-21:00,1,35.9,37.0,28.5,10.7,7.17,5.53,0.94,2414,11.44,16,21,24,27,30,32,34,35,37,37,38,39,40,42,43,44,46,48,51
-15040001997060,-00004d41-3200-0400-0000-0000004d07b3,60,6,68.75,33.56376,-7.67607,4,16:00-21:00,1,32.7,33.0,28.9,9.9,8.56,7.5,1.03,2210,4.48,17,20,22,24,26,28,29,30,31,33,34,35,36,37,39,41,43,46,50
-15040001986048,-00004d41-3200-0400-0000-0000004d07b4,60,6,36.83,33.55987,-7.67507,4,16:00-21:00,1,27.1,27.0,18.4,11.9,7.19,4.91,1.05,2544,10.78,8,12,15,17,19,21,23,24,26,27,29,30,31,32,33,36,38,42,48
-15040002019059,-00004d41-3200-0400-0000-0000004d07b5,60,6,79.1,33.55403,-7.68085,4,16:00-21:00,1,22.5,22.0,16.2,9.8,17.54,12.94,1.35,841,18.41,8,10,12,14,15,16,18,19,21,22,23,25,27,28,29,31,33,34,37
-15040002575950,-00004d41-3200-0400-0000-0000004d07b8,60,6,68.6,33.5534,-7.68261,4,16:00-21:00,1,27.8,28.0,19.4,10.7,12.71,8.82,1.12,687,17.81,10,14,17,18,21,22,25,26,27,28,29,30,32,33,35,37,39,41,45
-15040001997072,-00004d41-3200-0400-0000-0000004d08cb,60,6,49.48,33.54504,-7.68376,4,16:00-21:00,1,29.0,31.0,21.7,10.7,8.22,5.75,1.28,2326,8.32,9,13,17,19,22,24,27,28,30,31,32,33,34,35,37,38,39,41,44
-15040002019868,-00004d41-3200-0400-0000-0000004d08cd,60,6,61.42,33.54685,-7.68164,4,16:00-21:00,1,23.1,24.0,18.3,7.4,12.08,9.21,1.09,2653,14.5,10,14,16,17,19,20,21,22,23,24,24,25,25,26,27,29,30,32,35
-15040003536663,-00004d41-3200-0400-0000-0000004d08ce,60,6,35.89,33.54599,-7.68219,4,16:00-21:00,1,20.5,20.0,17.2,6.1,7.52,6.46,1.04,2536,8.41,11,14,15,16,17,17,18,19,19,20,21,21,22,23,24,25,26,28,31
-15040003339449,-00004d41-3200-0400-0000-0000004d08cf,60,6,20.13,33.54571,-7.68239,4,16:00-21:00,1,25.6,26.0,21.3,7.0,3.41,2.79,1.01,2556,4.63,13,17,19,21,22,23,24,25,25,26,27,27,28,29,30,31,32,33,36
-15040002655332,-00004d41-3200-0400-0000-0000004d08d1,60,6,31.35,33.54505,-7.68429,4,16:00-21:00,1,28.6,30.0,17.7,12.1,6.38,3.76,1.63,2308,9.2,5,11,15,18,20,23,25,27,29,30,32,33,35,36,37,39,40,42,46
-15040004767798,-00004d41-3200-0400-0000-0000004d08d2,60,6,11.91,33.54558,-7.68253,4,16:00-21:00,1,28.4,29.0,23.2,8.1,1.85,1.48,1.11,2566,2.67,13,17,20,23,24,26,27,28,29,29,30,31,32,33,34,34,36,37,40
-15040003339438,-00004d41-3200-0400-0000-0000004d08df,60,6,65.36,33.54695,-7.68126,4,16:00-21:00,1,26.7,27.0,21.8,7.9,10.8,8.71,1.03,1922,12.5,13,17,19,21,22,24,24,25,26,27,28,28,29,30,31,33,34,36,39
-15040002655393,-00004d41-3200-0400-0000-0000004d09a9,60,7,37.51,33.54697,-7.68044,4,16:00-21:00,1,15.4,16.0,10.4,7.6,12.95,8.44,1.14,165,10.92,4,6,7,7,9,10,12,13,15,16,17,18,19,20,21,22,23,24,26
-15040002539967,-00004d41-3200-0400-0000-0000004d09aa,60,6,140.76,33.56846,-7.68274,4,16:00-21:00,1,20.7,20.0,17.8,6.2,28.46,25.34,1.12,734,20.62,11,13,15,16,17,18,18,19,20,20,21,22,23,24,25,25,27,29,31
-15040004531901,-00004d41-3200-0400-0000-0000004d0af8,60,6,8.13,33.56799,-7.67721,4,16:00-21:00,1,19.9,19.0,11.8,10.1,2.49,1.54,1.38,740,7.19,5,8,10,11,13,14,15,17,18,19,20,22,23,24,25,27,29,32,38
-15040005648244,-00004d41-3200-0400-0000-0000004d0e5a,60,3,54.75,33.56714,-7.68389,4,16:00-21:00,1,27.8,29.0,21.4,10.6,9.2,6.8,1.19,5794,8.14,10,13,16,18,20,22,24,26,27,29,30,32,33,34,35,37,38,40,43
-15040001989158,-00004d41-3200-0400-0000-0000004d0e8c,60,7,9.28,33.57224,-7.67242,4,16:00-21:00,1,19.1,19.0,16.6,5.6,2.01,1.76,0.93,392,1.19,9,12,13,15,16,16,17,18,19,19,20,21,21,22,23,24,25,26,28
-15040003540695,-00004d41-3200-0400-0000-0000004d0e96,60,7,15.85,33.56265,-7.67478,4,16:00-21:00,1,24.8,25.0,20.1,8.5,2.84,2.28,0.87,556,2.32,10,14,16,18,20,21,22,23,24,25,26,27,28,29,30,31,33,35,39
-15040002551696,-00004d41-3200-0400-0000-0000004d0ea0,60,7,22.58,33.56532,-7.67423,4,16:00-21:00,1,23.8,23.0,19.6,7.2,4.14,3.53,1.13,242,3.54,11,15,18,19,20,21,22,23,23,23,25,26,26,27,28,29,31,32,35
-15040002551641,-00004d41-3200-0400-0000-0000004d0ea1,60,7,69.78,33.56469,-7.67429,4,16:00-21:00,1,23.9,24.0,20.3,7.1,12.38,10.47,1.16,241,8.81,11,16,18,19,20,21,22,23,23,24,25,26,26,27,28,29,31,32,35
-15040002001685,-00004d41-3200-0400-0000-0000004d0ea3,60,7,44.08,33.56429,-7.67432,4,16:00-21:00,1,23.9,24.0,20.5,6.9,7.74,6.61,1.14,240,5.39,11,16,18,19,20,21,22,23,23,24,25,26,26,27,28,29,31,32,35
-15040004285145,-00004d41-3200-0400-0000-0000004d0ea8,60,7,28.86,33.56364,-7.67358,4,16:00-21:00,1,24.2,24.0,21.2,5.7,4.91,4.33,1.1,865,5.1,16,19,20,21,22,22,23,23,24,24,25,25,26,26,27,28,29,30,33
-15040002544465,-00004d41-3200-0400-0000-0000004d0eaf,60,7,89.77,33.56497,-7.67993,4,16:00-21:00,1,20.5,21.0,17.1,7.1,18.9,15.39,1.01,436,13.13,9,11,13,15,16,17,18,19,20,21,21,22,23,24,25,27,28,30,32
-15040004282920,-00004d41-3200-0400-0000-0000004d0eb2,60,7,64.41,33.55993,-7.67694,4,16:00-21:00,1,18.0,17.0,15.3,6.8,15.14,13.64,1.05,97,6.83,7,9,10,12,13,14,15,16,17,17,18,20,21,22,22,24,25,27,28
-15040004768195,-00004d41-3200-0400-0000-0000004d0f4a,60,6,28.78,33.55171,-7.68758,4,16:00-21:00,1,28.8,30.0,21.9,9.9,4.72,3.45,0.97,432,6.35,12,16,18,20,23,24,26,27,28,30,31,32,33,34,35,36,38,40,45
-15040002023254,-00004d41-3200-0400-0000-0000004d0f65,60,6,33.26,33.55376,-7.68164,4,16:00-21:00,1,27.5,27.0,17.4,12.9,6.9,4.43,1.21,788,10.73,8,11,14,16,18,22,23,24,25,27,28,30,31,33,35,37,39,46,52
-15040003542235,-00004d41-3200-0400-0000-0000004d0f6e,60,7,66.25,33.54927,-7.68082,4,16:00-21:00,1,19.6,19.0,16.2,10.4,14.69,12.55,0.6,54,6.42,9,9,11,11,12,16,17,18,18,19,20,21,21,22,23,24,24,26,31
-15040002660427,-00004d41-3200-0400-0000-0000004d0f71,60,6,86.71,33.55489,-7.6783,4,16:00-21:00,1,22.1,22.0,18.0,7.8,17.4,14.19,0.99,1401,13.93,10,13,14,16,17,18,19,20,21,22,23,24,25,26,27,28,30,32,35
-15040004768349,-00004d41-3200-0400-0000-0000004d10f2,60,7,50.45,33.5735,-7.67153,4,16:00-21:00,1,22.6,23.0,19.1,6.6,9.5,7.9,1.02,962,8.31,12,15,16,17,18,20,20,21,22,23,23,24,25,26,27,28,29,30,34
-15040002003333,-00004d41-3200-0400-0000-0000004d10f3,60,7,82.29,33.56556,-7.66864,4,16:00-21:00,1,12.7,12.0,8.5,6.3,34.81,24.69,1.25,397,35.51,3,5,6,7,8,9,10,11,12,12,13,14,15,16,17,18,19,20,24
-15040004969914,-00004d41-3200-0400-0000-0000004d110a,60,4,60.74,33.5611,-7.68131,4,16:00-21:00,1,34.0,34.0,29.5,9.6,7.41,6.43,1.0,2921,6.2,18,22,24,26,28,30,31,32,33,34,35,36,37,39,40,41,43,46,49
-15040002580459,-00004d41-3200-0400-0000-0000004d6f88,60,4,99.8,33.55811,-7.68028,4,16:00-21:00,1,30.0,31.0,23.6,9.9,15.2,11.59,1.0,3397,16.01,12,16,20,22,24,26,27,29,30,31,32,33,34,35,36,38,39,41,45
-15040002669002,-00004d41-3200-0400-0000-0000004d6f89,60,6,86.59,33.55476,-7.68118,4,16:00-21:00,1,23.7,22.0,15.8,13.1,19.72,14.17,1.04,1503,17.71,7,8,9,11,12,14,16,18,20,22,24,27,29,31,33,36,39,42,47
-15040002670197,-00004d41-3200-0400-0000-0000004d6fe1,60,4,38.53,33.56974,-7.66216,4,16:00-21:00,1,30.6,30.0,26.7,10.2,5.2,4.62,1.0,2090,2.5,15,19,21,22,24,25,27,28,29,30,31,32,33,35,36,38,41,44,48
-15040005659334,-00004d41-3200-0400-0000-0000004d6fe2,60,4,15.76,33.56964,-7.66229,4,16:00-21:00,1,29.4,29.0,21.8,11.8,2.6,1.96,0.97,1866,2.67,9,14,18,20,22,24,25,27,28,29,30,31,33,35,37,39,41,44,49
-15040002013429,-00004d41-3200-0400-0000-0000004d6fe3,60,4,110.15,33.56974,-7.66216,4,16:00-21:00,1,33.8,34.0,30.8,9.2,12.87,11.66,1.02,7078,5.17,19,23,25,27,28,29,30,31,32,34,35,36,37,38,39,40,43,46,50
-15040001997454,-00004d41-3200-0400-0000-0000004d6fe4,60,4,71.5,33.56944,-7.66171,4,16:00-21:00,1,31.1,30.0,28.5,8.5,9.04,8.58,1.0,6275,3.98,19,22,23,25,26,26,27,28,29,30,31,32,33,34,36,38,40,43,47
-15040003553731,-00004d41-3200-0400-0000-0000004d6fe6,60,4,52.85,33.56944,-7.66171,4,16:00-21:00,1,30.0,30.0,18.5,14.9,10.3,6.34,1.01,7602,10.54,5,7,12,18,21,23,25,26,28,30,32,33,35,37,39,42,46,50,56
-15040002035696,-00004d41-3200-0400-0000-0000004d705d,60,6,23.5,33.56872,-7.67532,4,16:00-21:00,1,25.9,26.0,19.5,9.9,4.33,3.25,1.18,2247,5.09,9,13,15,17,19,20,22,24,25,26,28,29,30,31,33,34,36,38,41
-15040003355598,-00004d41-3200-0400-0000-0000004d705f,60,6,19.77,33.56861,-7.67554,4,16:00-21:00,1,25.2,26.0,18.3,10.0,3.89,2.74,1.19,2272,4.48,8,12,14,17,19,20,22,23,24,26,27,28,29,31,32,33,35,38,41
-15040002547297,-00004d41-3200-0400-0000-0000004d7062,60,6,76.7,33.56823,-7.67643,4,16:00-21:00,1,11.5,8.3,6.7,8.7,41.1,33.27,1.25,2157,30.15,3,3,4,4,5,5,6,7,7,8,10,11,13,14,16,19,21,24,29
-15040002013591,-00004d41-3200-0400-0000-0000004d7063,60,6,43.89,33.56841,-7.67601,4,16:00-21:00,1,23.8,25.0,15.5,10.3,10.17,6.32,1.34,2060,12.45,5,9,12,14,16,19,21,22,24,25,26,28,29,30,31,33,34,36,39
-15040002571349,-00004d41-3200-0400-0000-0000004d710e,60,7,88.33,33.56494,-7.66886,4,16:00-21:00,1,11.3,8.5,6.9,8.2,46.28,37.41,0.97,1088,32.47,3,4,4,4,5,5,6,7,7,9,10,11,13,14,16,18,20,23,28
-15040001999215,-00004d41-3200-0400-0000-0000004d744c,60,6,16.18,33.55303,-7.6837,4,16:00-21:00,1,28.4,29.0,15.5,11.4,3.76,2.01,1.43,846,16.04,9,13,16,19,22,23,25,26,28,29,30,31,32,34,35,37,40,43,48
-15040002036856,-00004d41-3200-0400-0000-0000004d744d,60,6,40.47,33.55317,-7.68329,4,16:00-21:00,1,28.5,28.0,19.1,11.3,7.62,5.2,1.25,814,16.4,9,14,17,20,21,23,24,25,27,28,30,31,33,34,35,38,41,43,48
-15040002015174,-00004d41-3200-0400-0000-0000004d7453,60,7,84.39,33.5545,-7.68396,4,16:00-21:00,1,18.3,19.0,15.1,6.3,20.09,15.99,0.91,175,13.06,7,9,12,13,14,16,17,17,18,19,19,20,21,22,22,23,24,25,27
-15040002544466,-00004d41-3200-0400-0000-0000004d746e,60,7,42.55,33.55282,-7.68073,4,16:00-21:00,1,17.1,15.0,11.3,13.1,13.51,10.21,0.49,41,9.81,5,7,8,9,9,11,11,12,14,15,15,16,16,18,19,20,22,31,40
-15040003356976,-00004d41-3200-0400-0000-0000004d746f,60,7,37.83,33.55268,-7.6811,4,16:00-21:00,1,18.2,15.0,11.7,16.0,11.6,9.08,0.65,40,9.28,5,7,9,9,10,12,12,13,15,15,15,16,16,17,18,19,22,23,49
-15040004769423,-00004d41-3200-0400-0000-0000004d7472,60,6,33.87,33.55811,-7.67749,4,16:00-21:00,1,25.3,25.0,15.3,13.9,7.99,4.88,1.32,111,8.25,5,7,9,13,15,17,19,21,23,25,26,28,30,34,36,37,39,41,47
-15040002015208,-00004d41-3200-0400-0000-0000004d7473,60,6,38.13,33.55843,-7.67764,4,16:00-21:00,1,25.2,24.0,15.2,14.0,9.04,5.72,1.37,110,9.31,5,7,9,12,15,16,19,20,23,24,26,28,29,33,36,37,39,41,49
-15040002541756,-00004d41-3200-0400-0000-0000004d7477,60,6,106.02,33.55755,-7.67954,4,16:00-21:00,1,30.1,30.0,26.1,9.2,14.64,12.72,1.03,1668,10.35,14,18,20,23,24,26,27,29,30,30,32,32,33,35,36,37,39,41,44
-15040002544470,-00004d41-3200-0400-0000-0000004d7478,60,6,38.1,33.55592,-7.67876,4,16:00-21:00,1,27.8,28.0,21.1,11.5,6.49,4.9,1.05,1633,5.03,9,12,15,18,20,21,23,25,26,28,29,31,32,34,35,37,40,43,47
-15040002542309,-00004d41-3200-0400-0000-0000004d7479,60,6,88.56,33.55666,-7.67911,4,16:00-21:00,1,28.8,30.0,23.8,10.1,13.39,10.63,1.04,1653,9.12,12,16,18,20,21,23,25,27,29,30,31,32,33,34,35,36,38,40,44
-15040001999284,-00004d41-3200-0400-0000-0000004d747c,60,6,88.16,33.55691,-7.67691,4,16:00-21:00,1,26.6,27.0,19.4,11.1,16.36,11.75,0.98,123,13.79,8,11,14,16,18,21,23,24,25,27,29,31,33,34,34,35,36,39,43
-15040003357024,-00004d41-3200-0400-0000-0000004d747f,60,6,131.35,33.5541,-7.68066,4,16:00-21:00,1,25.0,26.0,19.1,9.4,24.73,18.19,0.95,752,23.19,8,13,16,18,19,21,22,23,24,26,27,27,28,29,31,33,35,36,40
-15040002015187,-00004d41-3200-0400-0000-0000004d7483,60,6,38.26,33.55454,-7.67935,4,16:00-21:00,1,31.9,32.0,22.1,13.0,6.24,4.3,0.93,806,8.39,9,14,18,21,24,26,27,28,30,32,34,36,37,39,41,43,46,49,53
-15040001999231,-00004d41-3200-0400-0000-0000004d7484,60,6,32.1,33.55478,-7.67861,4,16:00-21:00,1,18.8,19.0,9.0,11.9,12.78,6.08,0.98,794,17.68,3,4,5,6,8,11,13,14,16,19,20,22,23,25,27,30,32,35,39
-15040002036865,-00004d41-3200-0400-0000-0000004d7485,60,6,35.25,33.55466,-7.67896,4,16:00-21:00,1,24.2,24.0,12.2,13.0,10.37,5.29,1.04,827,21.11,4,6,10,13,15,17,19,21,22,24,26,27,28,29,32,34,37,41,49
-15040002036716,-00004d41-3200-0400-0000-0000004d74bd,60,6,33.13,33.56059,-7.68106,4,16:00-21:00,1,27.1,25.0,21.9,11.2,5.44,4.77,0.88,866,4.13,12,14,17,18,19,20,22,23,24,25,26,28,29,31,33,36,40,43,48
-15040003356802,-00004d41-3200-0400-0000-0000004d74c7,60,6,37.58,33.55417,-7.67794,4,16:00-21:00,1,22.6,22.0,17.9,9.0,7.57,6.15,0.88,1414,6.01,9,11,13,15,16,18,19,20,21,22,23,25,26,27,28,30,32,34,37
-15040002015043,-00004d41-3200-0400-0000-0000004d74cb,60,6,42.84,33.5536,-7.67767,4,16:00-21:00,1,15.2,15.0,9.5,9.2,16.22,10.28,1.03,1440,15.61,4,5,5,6,7,8,10,11,13,15,16,17,18,20,21,22,24,27,31
-15040003356771,-00004d41-3200-0400-0000-0000004d74cf,60,6,79.22,33.5521,-7.68642,4,16:00-21:00,1,27.9,29.0,19.7,11.0,14.49,9.83,1.04,505,16.62,8,12,16,19,21,24,25,26,28,29,30,31,32,34,35,36,38,42,46
-15040003388214,-00004d41-3200-0400-0000-0000004db33f,60,6,9.15,33.55726,-7.64962,4,16:00-21:00,1,45.0,47.0,37.6,14.3,0.88,0.7,1.03,3824,0.88,19,25,29,32,36,39,41,43,45,47,48,50,51,53,55,57,59,62,66
-15040002659760,-00004d41-3200-0400-0000-0000004db340,60,6,146.05,33.5584,-7.64885,4,16:00-21:00,1,41.7,43.0,35.1,12.9,14.98,12.23,0.99,3728,11.76,19,24,28,31,34,36,38,40,41,43,44,45,47,48,50,52,54,57,61
-15040002025696,-00004d41-3200-0400-0000-0000004db344,60,6,11.98,33.55849,-7.64878,4,16:00-21:00,1,42.9,44.0,35.2,13.0,1.22,0.98,0.89,3417,2.66,20,25,29,33,36,38,40,41,43,44,45,46,48,49,51,52,55,58,62
-15040002073183,-00004d41-3200-0400-0000-0000004db345,60,6,147.4,33.55965,-7.648,4,16:00-21:00,1,41.1,42.0,35.3,11.8,15.03,12.63,0.99,3664,12.3,20,25,29,32,35,36,38,39,41,42,43,44,46,47,48,50,52,55,60
-15040002606676,-00004d41-3200-0400-0000-0000004db346,60,7,242.48,33.55849,-7.64878,4,16:00-21:00,1,29.2,30.0,25.5,8.1,34.27,29.1,0.96,546,25.21,15,19,21,23,24,26,26,27,29,30,31,31,32,34,35,36,37,38,41
-15040002701887,-00004d41-3200-0400-0000-0000004db351,60,3,29.98,33.54133,-7.67257,4,16:00-21:00,1,22.2,23.0,11.8,12.7,9.13,4.69,1.0,5830,9.53,3,4,5,8,12,16,18,20,21,23,24,25,27,28,31,33,36,39,44
-15040004773517,-00004d41-3200-0400-0000-0000004db35a,60,5,140.85,33.54256,-7.67312,4,16:00-21:00,1,23.2,22.0,18.7,10.2,27.11,23.05,0.96,1059,13.98,10,11,12,13,15,16,17,19,20,22,23,25,27,29,31,33,35,38,41
-15040002701905,-00004d41-3200-0400-0000-0000004db379,60,7,138.82,33.54071,-7.66494,4,16:00-21:00,1,12.7,10.0,8.5,8.9,59.02,49.98,1.34,33,37.07,4,4,5,5,7,7,8,9,10,10,11,13,14,15,16,18,20,22,35
-15040004747734,-00004d41-3200-0400-0000-0000004db380,60,7,9.15,33.54458,-7.67316,4,16:00-21:00,1,20.4,19.0,10.9,8.8,3.02,1.73,1.15,75,6.28,6,9,12,15,17,17,18,19,19,19,22,22,23,24,25,26,27,31,33
-15040002073138,-00004d41-3200-0400-0000-0000004db385,60,5,10.04,33.54336,-7.67303,4,16:00-21:00,1,23.1,24.0,16.8,9.7,2.15,1.51,0.95,1324,2.07,6,11,13,14,16,18,19,21,22,24,25,25,27,28,30,31,33,35,39
-15040002042927,-00004d41-3200-0400-0000-0000004db38b,60,5,26.06,33.54458,-7.67316,4,16:00-21:00,1,30.6,32.0,24.1,9.3,3.9,2.93,1.01,1396,6.2,14,18,20,23,24,27,28,30,31,32,33,34,35,36,37,38,39,41,44
-15040004773531,-00004d41-3200-0400-0000-0000004db392,60,7,145.08,33.54204,-7.66795,4,16:00-21:00,1,21.6,22.0,18.4,7.4,28.36,23.74,1.17,79,13.39,9,10,12,14,15,17,19,21,22,22,23,24,25,27,28,29,30,31,33
-15040003589931,-00004d41-3200-0400-0000-0000004db396,60,7,86.07,33.54277,-7.66763,4,16:00-21:00,1,21.6,22.0,18.0,7.3,17.18,14.08,1.11,70,10.95,9,10,14,16,18,19,20,21,22,22,23,23,24,25,25,26,27,30,32
-15040004782415,-00004d41-3200-0400-0000-0000004db398,60,5,77.15,33.54277,-7.66763,4,16:00-21:00,1,35.3,34.0,30.8,10.4,9.03,8.17,1.03,1125,7.86,19,24,26,28,29,30,31,32,33,34,36,37,39,40,42,43,46,48,53
-15040002025790,-00004d41-3200-0400-0000-0000004db39c,60,5,65.84,33.54316,-7.66909,4,16:00-21:00,1,36.3,36.0,30.3,11.7,7.82,6.58,1.04,864,8.12,19,23,25,26,28,29,31,32,34,36,38,40,41,43,44,46,48,51,56
-15040002073261,-00004d41-3200-0400-0000-0000004db39d,60,5,48.55,33.54327,-7.6696,4,16:00-21:00,1,41.5,41.0,35.3,13.1,4.95,4.26,0.93,872,4.17,21,25,28,30,33,35,37,39,40,41,43,44,46,48,49,52,55,58,64
-15040004094534,-00004d41-3200-0400-0000-0000004db3d2,60,3,36.25,33.56119,-7.66923,4,16:00-21:00,1,28.7,23.0,10.2,25.0,12.85,5.67,1.03,4808,15.27,3,4,4,6,8,11,15,17,20,23,25,28,31,34,37,43,65,71,82
-15040002025728,-00004d41-3200-0400-0000-0000004db3d4,60,4,49.83,33.56166,-7.66944,4,16:00-21:00,1,23.4,23.0,19.2,8.4,9.33,7.8,1.19,5596,7.19,10,12,14,16,18,19,20,21,22,23,24,25,27,28,29,30,32,34,37
-15040003589900,-00004d41-3200-0400-0000-0000004db3de,60,4,17.95,33.56173,-7.66926,4,16:00-21:00,1,21.4,21.0,16.4,8.8,3.94,3.08,1.18,5625,3.59,8,11,13,14,16,17,18,19,20,21,21,22,24,25,26,28,30,33,37
-15040005101758,-00004d41-3200-0400-0000-0000004db3e0,60,3,22.94,33.56173,-7.66926,4,16:00-21:00,1,20.7,13.0,7.7,21.7,10.67,6.35,1.01,4662,10.83,3,3,4,4,5,7,8,10,12,13,15,17,19,22,25,30,38,62,73
-15040002025717,-00004d41-3200-0400-0000-0000004db3e4,60,3,16.33,33.5618,-7.66911,4,16:00-21:00,1,20.2,17.0,9.1,16.4,6.46,3.46,1.22,10262,8.38,3,4,6,7,9,11,12,14,15,17,18,20,22,24,26,29,32,37,60
-15040004782428,-00004d41-3200-0400-0000-0000004db3f0,60,3,212.02,33.55934,-7.66897,4,16:00-21:00,1,44.3,42.0,36.5,18.5,20.94,18.17,1.01,4787,11.84,18,22,26,29,32,35,37,39,41,42,44,45,47,48,51,56,65,71,82
-15040002704601,-00004d41-3200-0400-0000-0000004dbbb1,60,3,114.71,33.53903,-7.66489,4,16:00-21:00,1,19.3,15.0,9.0,14.3,46.11,27.53,2.01,5652,44.36,3,4,4,5,6,7,9,11,13,15,18,22,25,28,32,34,37,40,44
-15040002044890,-00004d41-3200-0400-0000-0000004dbbcb,60,3,62.71,33.5397,-7.66582,4,16:00-21:00,1,12.5,9.1,6.2,10.0,36.23,24.81,1.22,5692,29.55,3,3,4,4,4,4,5,6,7,9,11,14,16,18,19,21,23,26,32
-15040002028806,-00004d41-3200-0400-0000-0000004dbc74,60,4,7.7,33.55049,-7.67032,4,16:00-21:00,1,33.8,33.0,24.8,14.0,1.12,0.84,0.94,3480,1.57,12,16,19,22,24,26,28,30,32,33,35,36,38,40,42,45,48,53,59
-15040002076100,-00004d41-3200-0400-0000-0000004dbc75,60,6,9.36,33.55052,-7.67024,4,16:00-21:00,1,19.2,19.0,10.7,9.5,3.15,1.77,1.17,2789,5.87,4,7,10,12,13,14,16,17,18,19,20,21,22,23,24,26,28,30,36
-15040005103819,-00004d41-3200-0400-0000-0000004dbc80,60,4,8.99,33.55009,-7.67152,4,16:00-21:00,1,26.4,27.0,21.5,8.6,1.51,1.2,0.94,4996,1.47,11,15,18,20,22,23,24,25,26,27,28,28,29,30,31,33,34,36,40
-15040002704784,-00004d41-3200-0400-0000-0000004dbc81,60,5,12.34,33.55009,-7.67143,4,16:00-21:00,1,24.2,24.0,15.3,11.1,2.9,1.85,1.22,504,4.27,6,10,13,16,17,19,21,22,23,24,26,27,28,29,30,32,33,36,42
-15040002704611,-00004d41-3200-0400-0000-0000004dbcb1,60,6,76.38,33.55009,-7.67607,4,16:00-21:00,1,21.2,22.0,18.8,6.0,14.67,12.5,1.03,2530,9.2,11,14,15,16,18,19,20,20,21,22,22,23,23,24,25,25,26,28,30
-15040005314257,-00004d41-3200-0400-0000-0000004dbcb2,60,6,8.18,33.55002,-7.67604,4,16:00-21:00,1,13.9,13.0,6.2,10.2,4.77,2.27,1.17,387,6.03,2,2,4,5,5,7,9,10,11,13,14,16,17,19,20,21,23,26,30
-15040002028715,-00004d41-3200-0400-0000-0000004dbcb4,60,7,74.64,33.54996,-7.67648,4,16:00-21:00,1,19.9,16.0,14.3,14.3,18.85,16.79,0.95,67,12.0,8,9,11,11,11,12,14,15,15,16,16,17,18,19,20,24,28,44,54
-15040002044901,-00004d41-3200-0400-0000-0000004dbcdb,60,7,30.76,33.54887,-7.68062,4,16:00-21:00,1,15.2,11.0,6.7,12.3,16.55,10.07,1.46,64,24.23,2,4,5,7,8,9,9,10,11,11,13,14,15,16,20,22,24,31,45
-15040003592230,-00004d41-3200-0400-0000-0000004dbd3e,60,7,8.66,33.54476,-7.66671,4,16:00-21:00,1,9.0,6.2,3.0,8.6,10.53,5.03,1.84,54,20.89,1,2,2,3,3,3,4,5,6,6,7,7,7,8,13,15,18,23,28
-15040004782767,-00004d41-3200-0400-0000-0000004dbd80,60,7,124.63,33.54088,-7.66393,4,16:00-21:00,1,17.0,17.0,10.0,12.2,44.72,26.39,1.17,46,45.04,3,4,5,8,11,11,13,15,16,17,18,19,20,21,22,23,23,25,25
-15040002704397,-00004d41-3200-0400-0000-0000004dbd81,60,5,91.07,33.54037,-7.66317,4,16:00-21:00,1,28.5,29.0,23.9,9.7,13.73,11.31,0.88,193,9.62,13,15,17,20,22,24,25,27,28,29,30,31,33,34,35,36,37,39,43
-15040002075416,-00004d41-3200-0400-0000-0000004dbd85,60,5,29.16,33.54106,-7.66417,4,16:00-21:00,1,32.2,32.0,28.7,11.0,3.66,3.28,0.92,88,1.43,15,19,24,25,27,27,28,29,30,32,33,34,35,35,36,38,39,41,48
-15040004773968,-00004d41-3200-0400-0000-0000004dbd8a,60,5,80.82,33.54153,-7.66483,4,16:00-21:00,1,30.6,31.0,23.1,12.5,12.6,9.39,1.16,74,14.84,13,19,23,24,26,27,29,29,30,31,32,32,32,33,34,35,36,38,43
-15040002046640,-00004d41-3200-0400-0000-0000004dbd8b,60,5,15.65,33.54162,-7.66497,4,16:00-21:00,1,24.9,25.0,22.4,7.0,2.52,2.25,0.95,75,1.09,13,17,18,19,21,22,23,24,24,25,26,26,27,28,29,30,32,32,36
-15040004773974,-00004d41-3200-0400-0000-0000004dbd92,60,3,146.45,33.54106,-7.66558,4,16:00-21:00,1,16.4,14.0,10.8,10.5,48.76,37.66,1.27,2199,35.19,5,6,7,7,8,9,10,11,12,14,15,17,19,20,22,25,28,32,37
-15040002076038,-00004d41-3200-0400-0000-0000004dbd95,60,3,83.33,33.54166,-7.66505,4,16:00-21:00,1,33.4,32.0,28.2,11.7,10.63,9.37,1.04,2336,7.31,15,18,21,24,26,28,30,31,32,32,33,35,36,38,40,42,46,49,54
-15040003593466,-00004d41-3200-0400-0000-0000004dbd96,60,3,65.02,33.54214,-7.66465,4,16:00-21:00,1,34.2,33.0,29.1,11.6,8.04,7.09,1.1,2826,5.01,16,20,23,25,26,27,29,30,31,33,35,37,39,40,42,45,47,49,53
-15040002076069,-00004d41-3200-0400-0000-0000004dbdb5,60,7,54.18,33.54676,-7.67075,4,16:00-21:00,1,28.7,29.0,25.2,7.8,7.74,6.73,1.05,379,4.58,15,20,22,24,24,25,26,27,28,29,30,30,31,32,33,34,37,38,40
-15040004782782,-00004d41-3200-0400-0000-0000004dbdb8,60,6,48.5,33.5461,-7.66946,4,16:00-21:00,1,36.1,37.0,32.3,9.6,5.41,4.72,1.04,5386,2.98,19,23,26,29,31,32,34,35,36,37,38,39,40,41,42,43,45,47,51
-15040003392021,-00004d41-3200-0400-0000-0000004dbdbf,60,5,79.84,33.54249,-7.66683,4,16:00-21:00,1,38.2,38.0,34.9,10.1,8.23,7.56,1.05,1108,3.13,22,25,27,29,31,33,35,36,37,38,40,41,42,43,45,46,48,50,55
-15040004782794,-00004d41-3200-0400-0000-0000004dbdc8,60,5,69.63,33.54166,-7.66505,4,16:00-21:00,1,31.6,30.0,28.7,8.7,8.74,8.36,1.01,1098,4.32,19,23,25,26,27,28,29,29,30,30,31,32,33,34,35,37,39,43,47
-15040002046500,-00004d41-3200-0400-0000-0000004dbde3,60,3,36.46,33.54241,-7.66442,4,16:00-21:00,1,38.8,40.0,33.1,11.8,3.97,3.28,1.06,2847,2.83,17,22,26,29,32,34,36,38,39,40,41,43,44,45,46,48,50,52,56
-15040005103709,-00004d41-3200-0400-0000-0000004dbde8,60,3,90.14,33.54404,-7.66507,4,16:00-21:00,1,34.2,35.0,23.5,14.9,13.79,9.27,0.92,6918,13.82,8,12,17,21,24,27,29,31,34,35,37,39,41,42,44,46,49,52,57
-15040002704542,-00004d41-3200-0400-0000-0000004dbde9,60,3,91.97,33.54443,-7.66594,4,16:00-21:00,1,42.0,42.0,36.7,12.5,9.03,7.88,0.86,6970,5.47,20,25,29,33,35,37,38,39,41,42,43,45,46,48,50,52,54,57,61
-15040002077120,-00004d41-3200-0400-0000-0000004dbdf5,60,3,78.58,33.5445,-7.66592,4,16:00-21:00,1,48.6,50.0,42.9,14.9,6.6,5.66,1.03,7013,2.93,22,27,31,36,39,42,44,46,48,50,51,53,54,56,59,61,63,67,72
-15040002704522,-00004d41-3200-0400-0000-0000004dbe09,60,3,61.91,33.54563,-7.66869,4,16:00-21:00,1,40.1,41.0,36.5,10.5,6.11,5.44,0.99,6930,2.73,21,26,29,32,34,36,37,39,40,41,42,43,44,45,46,48,50,52,56
-15040002046472,-00004d41-3200-0400-0000-0000004dbe0b,60,3,60.68,33.54544,-7.66806,4,16:00-21:00,1,32.0,32.0,21.9,15.4,9.97,6.83,0.9,6951,8.31,7,10,13,18,21,23,26,28,30,32,34,36,38,41,43,45,47,50,56
-15040005103606,-00004d41-3200-0400-0000-0000004dbe98,60,3,70.43,33.54343,-7.66351,4,16:00-21:00,1,32.4,33.0,28.4,9.7,8.93,7.68,1.07,7193,5.3,16,21,24,27,28,29,30,31,32,33,34,34,35,36,37,38,39,41,45
-15040002077009,-00004d41-3200-0400-0000-0000004dbe9d,60,3,68.44,33.54366,-7.66421,4,16:00-21:00,1,17.9,16.0,9.2,13.2,26.93,15.4,1.0,6983,23.17,4,4,5,5,6,7,8,10,13,16,18,20,22,24,27,29,32,36,43
-15040003593078,-00004d41-3200-0400-0000-0000004dbe9e,60,3,53.92,33.54336,-7.66357,4,16:00-21:00,1,31.0,31.0,25.7,10.6,7.57,6.26,1.08,2908,5.75,13,18,20,22,25,26,28,29,30,31,32,33,35,36,37,38,40,43,48
-15040004782832,-00004d41-3200-0400-0000-0000004dbec0,60,7,68.69,33.54809,-7.6618,4,16:00-21:00,1,26.8,26.0,18.8,14.5,13.18,9.51,1.34,91,12.13,7,9,12,20,20,23,24,24,25,26,27,27,28,29,29,29,30,34,66
-15040004774023,-00004d41-3200-0400-0000-0000004dbeca,60,7,74.15,33.54497,-7.6622,4,16:00-21:00,1,23.5,23.0,17.6,8.6,15.15,11.61,1.33,72,21.53,11,14,16,16,17,19,20,21,22,23,24,25,26,28,29,31,32,34,38
-15040002705771,-00004d41-3200-0400-0000-0000004dc0a9,60,6,43.53,33.54646,-7.66976,4,16:00-21:00,1,31.0,30.0,25.4,11.3,6.18,5.22,1.11,5368,4.93,13,17,20,22,23,25,26,28,29,30,32,33,35,37,39,41,43,45,50
-15040004125543,-00004d41-3200-0400-0000-00000053aceb,60,1,47.06,33.54607,-7.64872,4,16:00-21:00,1,60.1,60.0,58.0,10.3,2.92,2.82,1.0,23715,0.64,42,48,51,53,54,56,57,58,59,60,61,63,64,65,66,68,70,72,76
-15040006319025,-00004d41-3200-0400-0000-00000054b2f3,60,7,21.32,33.55989,-7.67049,4,16:00-21:00,1,19.2,18.0,16.2,7.3,4.75,4.26,0.92,131,2.43,10,10,11,13,14,15,16,17,17,18,19,20,21,22,24,25,27,28,34
-15040002605818,-00004d41-3200-0400-0000-00000054b2f7,60,7,38.33,33.56014,-7.67035,4,16:00-21:00,1,18.6,18.0,15.7,6.0,8.77,7.67,0.92,53,5.28,8,10,13,15,16,17,17,17,18,18,19,19,20,21,22,22,25,26,27
-15040002567200,-00004d41-3200-0400-0000-00000054b2f8,60,7,38.23,33.55987,-7.67028,4,16:00-21:00,1,16.9,16.0,12.8,7.9,10.77,8.6,1.04,135,7.0,5,6,9,10,11,11,14,14,15,16,17,18,20,20,22,24,25,27,32
-15040002565895,-00004d41-3200-0400-0000-00000054b2f9,60,4,44.22,33.56133,-7.67028,4,16:00-21:00,1,29.5,30.0,25.3,9.4,6.31,5.31,1.07,5514,4.8,14,17,20,22,23,25,26,28,29,30,31,32,33,34,35,37,39,41,44
-15040002567214,-00004d41-3200-0400-0000-00000054b2fa,60,4,36.06,33.56148,-7.66993,4,16:00-21:00,1,27.0,27.0,22.2,9.7,5.84,4.81,1.15,5495,6.47,12,15,17,19,20,22,23,24,25,27,28,29,31,32,33,35,36,39,43
-15040002605814,-00004d41-3200-0400-0000-00000054b2fc,60,7,92.61,33.55907,-7.67001,4,16:00-21:00,1,13.3,14.0,9.6,6.8,34.91,23.81,1.19,55,22.29,4,5,6,6,6,8,9,11,13,14,15,15,16,17,18,18,20,21,26
-15040003485414,-00004d41-3200-0400-0000-00000054b304,60,7,53.71,33.55837,-7.66901,4,16:00-21:00,1,19.8,18.0,16.6,8.2,11.67,10.74,0.92,76,5.15,10,10,11,11,13,14,15,16,17,18,20,22,23,24,25,27,29,32,35
-15040004051293,-00004d41-3200-0400-0000-00000054b306,60,7,57.98,33.5577,-7.66832,4,16:00-21:00,1,14.8,10.0,6.0,19.3,34.62,20.87,1.14,35,39.25,2,2,4,4,5,6,7,9,10,10,12,12,13,14,16,16,19,27,62
-15040003267986,-00004d41-3200-0400-0000-00000054b308,60,7,98.59,33.5577,-7.66832,4,16:00-21:00,1,16.4,16.0,11.7,8.0,30.27,22.18,0.9,113,25.04,5,6,8,10,11,11,13,14,15,16,16,18,19,20,22,23,24,26,31
-15040002602803,-00004d41-3200-0400-0000-00000054b30e,60,4,48.37,33.56057,-7.67265,4,16:00-21:00,1,31.4,32.0,27.8,8.8,6.27,5.44,1.03,5637,3.78,17,20,22,24,26,27,29,30,31,32,33,34,35,36,37,38,40,42,45
-15040002592608,-00004d41-3200-0400-0000-00000054b311,60,3,78.78,33.55877,-7.66847,4,16:00-21:00,1,48.4,47.0,41.0,17.3,6.92,6.03,1.01,4894,5.28,21,27,31,35,38,41,43,44,46,47,48,50,51,53,56,61,66,72,82
-15040002551211,-00004d41-3200-0400-0000-00000054b5c1,60,4,115.98,33.56022,-7.67389,4,16:00-21:00,1,21.4,20.0,16.1,10.5,25.97,20.88,1.04,5423,16.03,8,9,10,11,12,14,15,17,18,20,22,23,25,27,29,31,33,36,40
-15040002555670,-00004d41-3200-0400-0000-00000054b5c2,60,4,73.45,33.56044,-7.67315,4,16:00-21:00,1,29.3,29.0,24.8,8.8,10.67,9.12,1.07,5622,10.42,14,18,20,23,25,26,27,28,29,29,30,31,32,33,34,36,38,40,44
-15040002551767,-00004d41-3200-0400-0000-00000054b5c6,60,6,56.75,33.55768,-7.6744,4,16:00-21:00,1,20.7,21.0,16.7,6.8,12.23,9.73,1.08,1349,12.47,10,13,14,16,17,18,19,19,20,21,21,22,22,23,24,25,26,29,32
-15040002548659,-00004d41-3200-0400-0000-00000054b5cd,60,6,90.52,33.56042,-7.6752,4,16:00-21:00,1,34.3,35.0,28.1,10.3,11.62,9.31,1.0,2375,11.28,15,20,24,26,29,30,32,33,34,35,36,38,39,40,41,42,44,46,50
-15040004051381,-00004d41-3200-0400-0000-00000054b5ce,60,6,25.27,33.56019,-7.67515,4,16:00-21:00,1,31.3,31.0,24.2,11.5,3.76,2.93,0.97,2469,4.07,11,16,19,22,25,27,28,29,31,31,33,34,35,36,38,40,42,46,51
-15040006319084,-00004d41-3200-0400-0000-00000054b5eb,60,6,48.14,33.5442,-7.67836,4,16:00-21:00,1,10.1,9.1,6.5,5.8,26.61,19.04,1.2,423,23.82,3,4,4,5,5,6,7,7,8,9,10,11,12,13,14,16,17,18,20
-15040004893685,-00004d41-3200-0400-0000-00000054b5fa,60,5,28.38,33.54297,-7.67524,4,16:00-21:00,1,25.5,26.0,18.2,9.2,5.62,3.93,1.04,1487,11.92,9,14,17,19,20,21,23,24,25,26,27,28,29,30,31,32,34,37,40
-15040003487246,-00004d41-3200-0400-0000-00000054b5fc,60,7,42.33,33.54385,-7.67816,4,16:00-21:00,1,13.8,14.0,11.0,5.7,13.85,10.88,0.84,45,8.13,5,6,7,8,10,11,12,13,14,14,14,15,15,16,17,17,20,22,24
-15040003658820,-00004d41-3200-0400-0000-00000054b5fd,60,7,72.54,33.54328,-7.67778,4,16:00-21:00,1,14.3,14.0,11.9,5.5,21.92,18.65,0.93,47,10.86,6,6,8,8,10,12,13,14,14,14,15,15,16,17,17,18,20,22,24
-15040004051389,-00004d41-3200-0400-0000-00000054b5fe,60,7,43.89,33.54436,-7.67712,4,16:00-21:00,1,19.9,19.0,16.9,5.9,9.34,8.32,1.2,102,5.91,7,14,15,16,17,18,18,19,19,19,20,21,22,23,23,25,26,27,29
-15040004549216,-00004d41-3200-0400-0000-00000054b5ff,60,7,75.76,33.54373,-7.6768,4,16:00-21:00,1,20.6,20.0,18.0,5.6,15.15,13.64,1.15,103,9.29,10,14,16,17,18,19,19,19,20,20,21,22,23,23,24,25,26,27,29
-15040003487115,-00004d41-3200-0400-0000-00000054b60c,60,7,40.64,33.54328,-7.67778,4,16:00-21:00,1,13.8,14.0,9.5,6.1,15.36,10.45,0.71,58,15.6,4,5,6,9,10,11,11,13,14,14,14,15,16,16,18,19,20,22,23
-15040004051392,-00004d41-3200-0400-0000-00000054b60e,60,5,48.21,33.542,-7.67753,4,16:00-21:00,1,19.1,18.0,14.9,8.2,11.69,9.64,1.05,1345,9.7,7,10,11,13,14,15,16,17,17,18,19,20,21,22,23,25,27,30,34
-15040004549129,-00004d41-3200-0400-0000-00000054b60f,60,7,93.7,33.54222,-7.67708,4,16:00-21:00,1,14.3,14.0,11.8,5.4,28.67,24.09,0.84,60,16.7,6,8,8,9,9,12,12,13,13,14,15,15,15,17,18,18,20,21,22
-15040003658661,-00004d41-3200-0400-0000-00000054b665,60,5,64.27,33.54774,-7.67256,4,16:00-21:00,1,32.2,33.0,24.2,10.9,9.56,7.01,1.05,1258,16.35,13,17,20,23,25,27,29,31,32,33,35,36,37,38,39,41,42,44,48
-15040004051411,-00004d41-3200-0400-0000-00000054b666,60,5,56.38,33.54726,-7.67275,4,16:00-21:00,1,22.8,23.0,18.5,7.4,10.98,8.82,1.0,1317,11.91,11,14,16,18,19,20,21,21,22,23,24,24,25,26,27,28,29,31,34
-15040004549478,-00004d41-3200-0400-0000-00000054b70f,60,7,52.33,33.54925,-7.68784,4,16:00-21:00,1,17.5,16.0,14.2,7.1,13.31,11.77,0.76,74,7.71,7,9,10,10,12,14,14,15,15,16,18,19,20,21,23,25,26,27,30
-15040003659858,-00004d41-3200-0400-0000-00000054b71d,60,3,77.2,33.54129,-7.67301,4,16:00-21:00,1,33.9,35.0,30.4,8.9,9.14,7.94,0.9,5773,5.44,18,22,25,27,29,31,32,33,34,35,35,36,37,38,39,40,42,44,47
-15040004957903,-00004d41-3200-0400-0000-00000054b71e,60,3,11.76,33.5413,-7.67289,4,16:00-21:00,1,28.5,28.0,24.4,9.0,1.74,1.51,1.0,5306,1.28,15,18,20,22,23,24,25,26,27,28,29,30,31,32,34,35,38,40,44
-15040003487127,-00004d41-3200-0400-0000-00000054b724,60,6,100.76,33.54092,-7.67678,4,16:00-21:00,1,18.2,16.0,13.5,9.8,26.82,22.67,1.02,1802,16.49,7,8,8,9,10,11,12,13,15,16,18,19,21,22,24,26,29,32,36
-15040004549450,-00004d41-3200-0400-0000-00000054b767,60,5,29.95,33.54336,-7.67313,4,16:00-21:00,1,28.0,27.0,23.1,11.0,4.66,3.99,0.95,1081,3.3,12,16,18,20,22,23,24,25,26,27,28,29,30,31,33,35,38,42,50
-15040006319296,-00004d41-3200-0400-0000-00000054b76b,60,7,50.81,33.55225,-7.68912,4,16:00-21:00,1,13.4,13.0,10.1,6.1,18.14,14.07,0.93,260,13.53,4,6,7,8,9,10,10,11,12,13,14,15,15,16,17,18,19,22,24
-15040003660027,-00004d41-3200-0400-0000-00000054b7ed,60,6,79.44,33.54267,-7.68048,4,16:00-21:00,1,13.2,12.0,11.7,4.5,24.36,23.83,1.08,62,9.24,7,8,9,9,10,11,11,12,12,12,13,14,14,15,16,17,17,19,22
-15040004903855,-00004d41-3200-0400-0000-00000054b7f0,60,7,39.22,33.54071,-7.67982,4,16:00-21:00,1,18.3,17.0,15.2,7.6,9.32,8.31,1.13,32,4.76,6,11,12,12,14,14,15,15,16,17,18,18,20,20,20,25,27,30,34
-15040004893781,-00004d41-3200-0400-0000-00000054b7f2,60,7,42.4,33.54188,-7.68083,4,16:00-21:00,1,13.3,13.0,11.4,5.3,13.37,11.74,1.28,33,5.41,7,7,7,8,8,9,12,13,13,13,14,14,15,15,16,17,18,18,24
-15040006319305,-00004d41-3200-0400-0000-00000054b7f3,60,7,121.55,33.541,-7.68005,4,16:00-21:00,1,13.2,13.0,10.6,5.5,41.21,33.66,1.35,33,26.02,7,7,7,8,9,10,10,12,13,13,14,14,15,15,16,17,18,18,24
-15040004549612,-00004d41-3200-0400-0000-00000054b7f7,60,5,53.66,33.5418,-7.67796,4,16:00-21:00,1,23.4,22.0,17.4,9.4,11.13,8.78,1.13,1341,14.57,9,12,14,16,18,19,19,20,21,22,23,25,26,28,29,31,33,36,38
-15040004903860,-00004d41-3200-0400-0000-00000054b7f8,60,5,46.18,33.542,-7.67753,4,16:00-21:00,1,19.1,17.0,14.9,9.0,11.14,9.78,1.07,1396,8.49,8,10,11,13,14,15,16,17,17,17,18,19,20,21,22,24,26,32,37
-15040004903866,-00004d41-3200-0400-0000-00000054b800,60,6,47.28,33.54094,-7.68262,4,16:00-21:00,1,9.6,8.0,6.0,6.9,28.3,21.28,0.99,128,21.34,3,3,4,4,4,5,5,6,7,8,9,10,11,12,13,14,15,18,22
-15040004893789,-00004d41-3200-0400-0000-00000054b812,60,5,30.4,33.54336,-7.67132,4,16:00-21:00,1,28.9,29.0,26.4,7.8,4.14,3.77,0.99,1393,1.78,16,20,22,23,24,25,26,27,28,29,29,30,31,32,33,34,36,39,43
-15040003659783,-00004d41-3200-0400-0000-00000054b815,60,5,83.41,33.54411,-7.67316,4,16:00-21:00,1,18.4,19.0,13.9,8.4,21.56,15.8,1.01,1388,14.11,6,7,8,9,11,13,14,16,17,19,20,21,22,23,24,26,28,30,33
-15040004051445,-00004d41-3200-0400-0000-00000054b816,60,5,26.02,33.54434,-7.67316,4,16:00-21:00,1,31.4,33.0,25.4,9.8,3.69,2.84,0.99,1406,4.78,14,18,20,23,25,27,29,30,32,33,34,35,36,37,38,39,41,42,46
-15040002537664,-00004d41-3200-0400-0000-00000054b82a,60,3,28.11,33.56758,-7.68414,4,16:00-21:00,1,21.4,21.0,15.6,9.5,6.47,4.82,1.24,5795,6.34,7,9,11,13,15,16,17,19,20,21,22,24,25,26,28,29,31,34,37
-15040003659826,-00004d41-3200-0400-0000-00000054b82d,60,6,15.64,33.56925,-7.68112,4,16:00-21:00,1,25.8,26.0,20.6,8.7,2.73,2.17,1.06,998,3.41,11,15,17,19,20,22,23,24,25,26,27,28,29,30,31,32,34,36,40
-15040002540444,-00004d41-3200-0400-0000-00000054b839,60,6,105.19,33.56684,-7.67979,4,16:00-21:00,1,31.4,32.0,26.3,10.2,14.38,11.83,1.13,1916,11.13,14,18,21,23,25,27,28,29,30,32,33,34,35,36,38,40,41,44,49
-15040003488749,-00004d41-3200-0400-0000-00000054b844,60,4,59.82,33.56449,-7.67888,4,16:00-21:00,1,36.5,37.0,29.6,13.4,7.27,5.82,1.0,1825,6.47,16,20,22,23,25,27,30,33,35,37,39,40,42,43,45,48,51,55,59
-15040003659821,-00004d41-3200-0400-0000-00000054b845,60,4,116.8,33.56498,-7.67777,4,16:00-21:00,1,31.4,32.0,27.2,8.5,15.47,13.14,0.93,1732,12.01,16,21,23,25,27,28,29,30,31,32,33,34,34,36,37,38,39,41,44
-15040004549457,-00004d41-3200-0400-0000-00000054b847,60,6,69.21,33.56553,-7.67653,4,16:00-21:00,1,19.7,20.0,15.4,7.4,16.18,12.46,1.19,1650,15.17,8,10,12,14,15,16,17,18,19,20,20,21,22,23,24,26,27,29,32
-15040002593787,-00004d41-3200-0400-0000-00000054b849,60,7,68.7,33.56497,-7.67935,4,16:00-21:00,1,17.5,15.0,13.1,8.6,18.96,16.49,1.06,31,13.61,6,8,10,11,11,12,12,15,15,15,17,18,22,23,24,25,26,26,31
-15040002593892,-00004d41-3200-0400-0000-00000054b8a9,60,4,81.18,33.55949,-7.68055,4,16:00-21:00,1,28.2,30.0,19.4,12.6,15.06,9.74,1.15,3095,14.09,7,10,13,16,19,21,23,26,28,30,31,33,34,35,37,38,41,44,48
-15040002537668,-00004d41-3200-0400-0000-00000054bb3c,60,4,106.95,33.55581,-7.68439,4,16:00-21:00,1,28.8,30.0,23.5,9.4,16.41,12.83,0.83,2813,14.76,13,16,18,20,22,24,26,28,29,30,31,32,33,34,35,37,38,39,42
-15040005163098,-00004d41-3200-0400-0000-00000054bb43,60,4,13.2,33.54497,-7.6622,4,16:00-21:00,1,26.3,24.0,17.2,15.9,2.76,1.98,1.15,129,2.27,6,7,11,14,17,18,19,21,22,24,25,28,29,31,32,33,38,45,63
-15040003660727,-00004d41-3200-0400-0000-00000054bc15,60,4,41.14,33.55632,-7.68341,4,16:00-21:00,1,28.5,29.0,22.3,10.1,6.64,5.11,0.79,2960,7.69,11,15,17,19,21,23,25,26,28,29,31,32,33,34,35,37,38,41,44
-15040002594604,-00004d41-3200-0400-0000-00000054be11,60,5,27.33,33.54106,-7.67285,4,16:00-21:00,1,15.2,14.0,10.2,9.1,9.64,7.03,1.04,815,6.84,4,5,6,7,8,9,10,12,13,14,16,17,18,19,21,22,24,26,29
-15040002544483,-00004d41-3200-0400-0000-00000054be50,60,7,70.38,33.56639,-7.68079,4,16:00-21:00,1,20.2,20.0,16.6,6.4,15.23,12.67,1.02,437,14.59,10,12,14,15,16,17,18,19,20,20,21,22,22,23,24,25,26,28,31
-15040002539959,-00004d41-3200-0400-0000-00000054be53,60,6,39.33,33.56539,-7.68311,4,16:00-21:00,1,22.2,22.0,18.5,7.7,7.67,6.44,0.98,1857,6.8,9,13,15,16,17,18,19,20,21,22,23,24,25,26,27,28,30,31,34
-15040002539961,-00004d41-3200-0400-0000-00000054be55,60,6,54.3,33.56585,-7.68197,4,16:00-21:00,1,26.3,26.0,20.9,8.7,9.35,7.52,0.99,1915,11.91,12,15,17,19,20,22,23,24,25,26,28,29,30,31,32,34,35,37,40
-15040004904128,-00004d41-3200-0400-0000-00000054be58,60,7,123.57,33.56583,-7.68045,4,16:00-21:00,1,17.6,19.0,14.4,5.2,30.86,23.41,1.1,39,24.03,4,11,12,14,15,16,16,17,18,19,19,19,20,21,22,22,22,23,25
-15040002539962,-00004d41-3200-0400-0000-00000054be59,60,7,68.21,33.56531,-7.68163,4,16:00-21:00,1,12.3,12.0,10.4,4.2,23.62,20.46,0.92,36,13.14,5,7,8,9,10,10,11,11,12,12,12,13,13,14,15,16,17,18,20
-15040004094384,-00004d41-3200-0400-0000-00000056e476,60,6,11.41,33.57354,-7.67142,4,16:00-21:00,1,20.9,21.0,16.6,8.2,2.48,1.96,1.09,3072,2.88,8,11,13,14,15,16,18,19,20,21,22,23,24,25,26,28,29,31,35
-15040002832144,-00004d41-3200-0400-0000-00000056e491,60,6,17.25,33.57366,-7.67131,4,16:00-21:00,1,20.1,20.0,16.5,7.9,3.75,3.11,1.06,3129,2.87,8,10,12,13,15,15,16,18,19,20,21,22,23,24,25,27,28,30,33
-15040005845692,-00004d41-3200-0400-0000-00000056e492,60,6,24.82,33.5738,-7.6711,4,16:00-21:00,1,18.3,17.0,14.9,8.4,5.99,5.26,1.14,1579,3.14,8,9,10,11,12,13,14,15,16,17,18,19,20,22,23,24,26,29,32
-15040004642719,-00004d41-3200-0400-0000-00000056e4e7,60,7,12.88,33.57238,-7.67087,4,16:00-21:00,1,32.3,32.0,28.5,8.1,1.63,1.45,1.07,890,1.48,19,23,25,27,28,29,30,31,31,32,33,34,35,36,37,39,40,42,45
-15040004994053,-00004d41-3200-0400-0000-00000056e4e8,60,7,18.56,33.57253,-7.67096,4,16:00-21:00,1,32.2,32.0,29.2,7.9,2.29,2.09,1.0,886,1.51,19,23,25,27,28,29,29,30,31,32,33,34,35,36,37,38,40,42,45
-15040003778020,-00004d41-3200-0400-0000-00000056e504,60,7,10.32,33.56839,-7.6765,4,16:00-21:00,1,22.8,22.0,6.9,15.6,5.39,1.69,1.59,156,10.93,2,2,4,6,8,10,14,16,20,22,24,27,30,33,35,39,42,45,49
-15040002548646,-00004d41-3200-0400-0000-00000056e50e,60,7,52.13,33.56861,-7.67601,4,16:00-21:00,1,19.1,19.0,10.4,11.9,18.14,9.88,1.37,133,18.82,3,5,7,7,8,10,12,13,16,19,20,22,23,26,29,30,32,34,40
-15040002553036,-00004d41-3200-0400-0000-00000056e514,60,6,50.19,33.5717,-7.67562,4,16:00-21:00,1,16.2,16.0,11.5,7.6,15.72,11.29,1.34,781,14.38,5,7,8,10,11,12,13,14,15,16,17,18,19,20,21,22,24,26,30
-15040002595682,-00004d41-3200-0400-0000-00000056e515,60,6,18.73,33.57162,-7.67579,4,16:00-21:00,1,16.6,16.0,11.0,7.4,6.16,4.21,1.49,822,11.04,5,8,10,11,11,12,13,14,15,16,17,18,19,20,21,22,24,26,30
-15040004994078,-00004d41-3200-0400-0000-00000056e528,60,7,27.03,33.57171,-7.6721,4,16:00-21:00,1,19.2,19.0,16.7,5.6,5.83,5.12,0.93,389,3.47,9,12,14,15,16,16,17,18,19,19,20,21,21,22,23,24,25,26,28
-15040002832928,-00004d41-3200-0400-0000-00000056e529,60,7,56.1,33.57216,-7.67237,4,16:00-21:00,1,19.0,19.0,16.2,5.7,12.47,10.63,0.96,391,9.01,9,12,13,15,16,16,17,18,19,19,20,21,21,22,23,24,25,26,28
-15040004287318,-00004d41-3200-0400-0000-00000056e52b,60,7,32.95,33.57125,-7.67182,4,16:00-21:00,1,18.2,19.0,14.4,6.2,8.22,6.24,1.07,472,8.07,8,10,12,13,15,16,16,17,18,19,19,20,21,21,22,23,25,26,28
-15040003258220,-00004d41-3200-0400-0000-00000056e52c,60,7,30.9,33.57149,-7.67197,4,16:00-21:00,1,19.1,19.0,16.7,5.6,6.68,5.85,0.94,390,3.97,9,12,13,15,16,16,17,18,19,19,20,21,21,22,23,24,25,26,28
-15040003887587,-00004d41-3200-0400-0000-00000056e52d,60,7,20.4,33.57119,-7.67118,4,16:00-21:00,1,23.1,22.0,18.9,10.1,3.88,3.34,1.15,64,2.54,11,14,15,16,18,20,21,21,22,22,23,23,24,25,25,27,28,30,39
-15040004994081,-00004d41-3200-0400-0000-00000056e530,60,7,27.07,33.57129,-7.67092,4,16:00-21:00,1,23.2,22.0,19.0,10.0,5.13,4.43,1.13,63,3.39,12,14,15,16,18,20,21,21,22,22,23,23,24,25,26,27,28,30,39
-15040002832919,-00004d41-3200-0400-0000-00000056e531,60,7,25.2,33.5714,-7.67068,4,16:00-21:00,1,23.2,22.0,19.0,9.8,4.76,4.12,1.12,63,3.15,12,14,15,16,18,20,21,21,22,22,23,23,24,25,26,28,28,31,36
-15040006412286,-00004d41-3200-0400-0000-00000056e533,60,7,50.54,33.57198,-7.66998,4,16:00-21:00,1,21.5,23.0,14.9,8.7,12.21,7.91,0.63,39,13.09,4,9,11,14,15,18,20,22,22,23,24,24,25,25,26,27,30,33,37
-15040002612948,-00004d41-3200-0400-0000-00000056e534,60,7,43.4,33.57216,-7.66957,4,16:00-21:00,1,22.2,24.0,15.1,9.1,10.32,6.51,0.79,38,9.63,4,6,11,14,19,20,22,22,23,24,24,25,25,26,27,29,30,33,37
-15040004994087,-00004d41-3200-0400-0000-00000056e538,60,7,29.84,33.57238,-7.67008,4,16:00-21:00,1,13.8,11.0,7.2,11.5,14.97,9.77,1.56,56,15.95,2,3,4,6,7,7,9,9,11,11,12,13,15,17,18,19,21,25,34
-15040003887534,-00004d41-3200-0400-0000-00000056e53d,60,7,24.55,33.57228,-7.67032,4,16:00-21:00,1,23.5,24.0,15.0,12.9,5.9,3.68,1.64,41,7.4,9,9,12,14,15,18,19,21,22,24,24,26,26,27,28,30,31,32,36
-15040004094445,-00004d41-3200-0400-0000-00000056e53e,60,7,40.39,33.57211,-7.6707,4,16:00-21:00,1,24.2,23.0,16.3,12.7,8.9,6.32,1.49,42,11.27,9,11,14,15,17,18,20,21,22,23,25,26,27,28,29,30,30,32,46
-15040002832860,-00004d41-3200-0400-0000-00000056e559,60,4,16.37,33.56953,-7.67351,4,16:00-21:00,1,21.3,21.0,17.1,7.8,3.45,2.81,0.86,1478,4.01,10,12,14,16,17,18,18,19,20,21,22,22,23,24,26,27,28,30,34
-15040004740394,-00004d41-3200-0400-0000-00000056e566,60,7,12.23,33.5705,-7.67127,4,16:00-21:00,1,16.9,16.0,11.1,9.4,3.98,2.75,1.05,587,3.66,4,6,7,9,10,11,12,14,15,16,16,18,19,20,22,24,26,30,34
-15040005991590,-00004d41-3200-0400-0000-00000056e5ab,60,7,6.5,33.56812,-7.67289,4,16:00-21:00,1,20.9,20.0,10.5,12.3,2.22,1.17,1.31,165,4.61,5,7,9,10,12,14,15,16,18,20,20,22,24,26,27,29,33,40,45
-15040002558960,-00004d41-3200-0400-0000-00000056e5ac,60,7,104.83,33.56855,-7.67189,4,16:00-21:00,1,15.5,15.0,12.1,6.3,31.29,25.16,0.92,162,25.78,5,8,9,11,12,12,13,14,14,15,16,17,18,18,19,20,22,24,26
-15040003777822,-00004d41-3200-0400-0000-00000056e5bc,60,4,32.92,33.57174,-7.66874,4,16:00-21:00,1,14.6,14.0,6.7,9.7,17.76,8.47,1.11,3226,22.21,2,3,4,5,6,8,10,12,13,14,15,17,18,19,21,22,24,26,30
-15040002607157,-00004d41-3200-0400-0000-00000056e5be,60,4,36.36,33.57174,-7.66874,4,16:00-21:00,1,18.6,19.0,8.9,11.1,14.68,6.89,0.92,477,18.53,2,3,5,6,9,12,15,17,18,19,21,22,23,24,26,28,30,32,35
-15040002569127,-00004d41-3200-0400-0000-00000056e5c2,60,4,30.43,33.5715,-7.66898,4,16:00-21:00,1,22.8,23.0,14.6,9.3,7.52,4.76,1.19,5525,14.06,7,10,13,15,17,19,20,21,22,23,24,25,26,28,29,30,31,33,36
-15040006412495,-00004d41-3200-0400-0000-00000056e5c3,60,6,79.34,33.56715,-7.67902,4,16:00-21:00,1,31.1,32.0,25.9,9.7,11.02,8.93,1.1,1923,9.59,14,18,21,24,26,27,29,30,31,32,33,34,35,35,36,38,40,43,47
-15040003777865,-00004d41-3200-0400-0000-00000056e5c4,60,6,27.62,33.56726,-7.67875,4,16:00-21:00,1,31.8,32.0,25.6,11.3,3.89,3.11,1.11,1938,4.29,14,18,20,22,24,26,27,29,31,32,33,35,36,38,39,41,43,46,51
-15040004094473,-00004d41-3200-0400-0000-00000056e5c6,60,6,15.0,33.56616,-7.68133,4,16:00-21:00,1,22.5,23.0,17.5,7.6,3.09,2.35,1.1,2231,6.49,10,13,15,17,18,19,20,20,22,23,23,24,25,26,27,29,30,32,35
-15040002544489,-00004d41-3200-0400-0000-00000056e5c7,60,6,56.1,33.56639,-7.68079,4,16:00-21:00,1,22.8,22.0,19.8,7.2,10.22,9.18,1.11,2212,7.17,12,14,16,17,18,19,20,21,22,22,23,24,25,26,27,28,30,32,35
-15040002542696,-00004d41-3200-0400-0000-00000056e5e6,60,6,78.04,33.57012,-7.67853,4,16:00-21:00,1,18.0,18.0,13.9,6.4,20.2,15.61,1.42,591,19.54,7,10,11,13,14,15,16,16,17,18,19,20,20,21,23,24,25,26,28
-15040004994162,-00004d41-3200-0400-0000-00000056e5e8,60,7,21.63,33.57433,-7.67283,4,16:00-21:00,1,19.5,20.0,15.7,6.9,4.97,3.89,0.99,66,3.7,7,10,12,14,16,16,17,18,19,20,21,22,22,24,24,25,26,27,31
-15040002832740,-00004d41-3200-0400-0000-00000056e5e9,60,7,45.96,33.5747,-7.67305,4,16:00-21:00,1,22.5,23.0,20.8,5.2,7.94,7.19,0.83,33,3.14,14,17,17,19,20,20,21,22,22,23,24,24,25,25,26,26,26,27,31
-15040004976576,-00004d41-3200-0400-0000-00000056e5ea,60,7,30.62,33.57433,-7.67283,4,16:00-21:00,1,13.2,12.0,9.8,6.9,11.25,9.19,1.48,33,7.44,4,6,7,7,8,9,9,10,11,12,13,15,16,16,17,17,20,21,23
-15040002595691,-00004d41-3200-0400-0000-00000056e5f4,60,6,30.4,33.56909,-7.67455,4,16:00-21:00,1,34.1,35.0,28.7,9.5,3.82,3.13,0.98,2493,5.35,17,20,23,26,29,31,32,33,35,35,36,37,38,39,40,42,43,45,48
-15040003778077,-00004d41-3200-0400-0000-00000056e604,60,4,7.49,33.56959,-7.67355,4,16:00-21:00,1,20.6,20.0,15.8,8.6,1.71,1.35,0.95,1380,1.63,8,10,12,14,15,16,17,18,19,20,21,22,23,24,26,27,28,31,34
-15040002832949,-00004d41-3200-0400-0000-00000056e609,60,7,49.38,33.56749,-7.67291,4,16:00-21:00,1,18.5,18.0,13.6,7.9,13.04,9.88,1.1,343,14.8,7,9,11,12,14,15,16,17,17,18,19,20,20,22,23,24,25,27,31
-15040005845899,-00004d41-3200-0400-0000-00000056e60a,60,7,7.61,33.56752,-7.67298,4,16:00-21:00,1,15.8,15.0,6.4,9.9,4.27,1.83,1.51,177,14.34,2,4,6,7,8,9,11,12,14,15,16,17,18,19,21,22,25,28,33
-15040006412670,-00004d41-3200-0400-0000-00000056e60b,60,4,69.6,33.56749,-7.67291,4,16:00-21:00,1,28.1,29.0,24.6,7.8,10.2,8.64,1.02,2614,7.57,14,18,20,22,23,24,26,27,28,29,30,31,31,32,33,35,36,37,40
-15040002556550,-00004d41-3200-0400-0000-00000056e60c,60,4,99.16,33.5668,-7.67336,4,16:00-21:00,1,27.7,28.0,24.6,7.3,14.52,12.75,1.05,2701,11.02,16,19,21,22,23,24,25,26,27,28,29,30,30,31,32,33,34,36,39
-15040003888227,-00004d41-3200-0400-0000-00000056e60d,60,7,9.87,33.56645,-7.67417,4,16:00-21:00,1,16.7,14.0,8.5,14.2,4.21,2.54,1.01,185,4.62,3,4,5,6,8,8,9,10,12,14,15,16,18,20,21,23,27,32,46
-15040004094485,-00004d41-3200-0400-0000-00000056e60e,60,7,13.48,33.56633,-7.67417,4,16:00-21:00,1,15.1,14.0,9.1,10.3,5.34,3.47,0.91,382,7.37,4,5,6,7,8,9,11,12,13,14,15,17,17,18,20,20,22,24,29
-15040004736168,-00004d41-3200-0400-0000-00000056e613,60,6,10.44,33.56544,-7.6765,4,16:00-21:00,1,17.5,18.0,10.9,8.6,3.44,2.09,1.19,1890,4.73,4,6,8,9,11,13,14,16,17,18,19,20,21,22,23,24,26,28,31
-15040003778066,-00004d41-3200-0400-0000-00000056e614,60,6,121.27,33.56437,-7.67623,4,16:00-21:00,1,19.8,19.0,15.7,8.9,27.87,22.98,1.06,2026,15.64,8,9,10,11,12,13,14,16,17,19,20,22,23,25,27,28,30,32,35
-15040002595695,-00004d41-3200-0400-0000-00000056e615,60,4,101.95,33.56544,-7.6765,4,16:00-21:00,1,28.4,29.0,24.7,7.7,14.89,12.66,1.06,2360,11.52,15,19,21,23,24,25,26,27,28,29,30,31,31,32,33,34,36,37,40
-15040002545936,-00004d41-3200-0400-0000-00000056e616,60,4,65.14,33.56517,-7.67713,4,16:00-21:00,1,18.8,18.0,11.6,11.6,20.17,13.03,1.02,2011,15.25,5,5,6,7,8,10,11,13,16,18,20,22,23,25,27,29,31,34,38
-15040002832942,-00004d41-3200-0400-0000-00000056e619,60,4,64.93,33.5649,-7.67775,4,16:00-21:00,1,29.1,28.0,22.6,10.9,10.34,8.35,0.98,2068,9.55,10,15,18,22,23,24,25,26,27,28,30,31,33,35,37,38,40,43,47
-15040002548660,-00004d41-3200-0400-0000-00000056e61a,60,4,104.76,33.56446,-7.67875,4,16:00-21:00,1,33.3,35.0,29.3,8.6,12.87,10.78,1.01,2043,9.41,19,23,25,27,28,29,30,32,34,35,36,37,38,38,39,40,41,42,45
-15040006412664,-00004d41-3200-0400-0000-00000056e61b,60,7,119.68,33.56418,-7.67941,4,16:00-21:00,1,24.7,25.0,21.1,7.1,20.42,17.23,1.09,158,12.44,9,15,18,20,22,22,23,24,25,25,26,27,28,29,30,30,31,32,34
-15040003778056,-00004d41-3200-0400-0000-00000056e61c,60,7,10.04,33.56426,-7.67946,4,16:00-21:00,1,18.2,17.0,12.4,11.4,2.91,2.13,0.84,316,2.38,5,7,8,9,10,12,13,15,16,17,18,20,21,22,23,25,28,30,34
-15040003888222,-00004d41-3200-0400-0000-00000056e61d,60,4,68.92,33.56418,-7.67941,4,16:00-21:00,1,38.5,39.0,31.8,12.7,7.8,6.36,1.01,2060,9.43,20,24,26,27,29,30,32,35,37,39,41,42,44,45,47,49,51,55,59
-15040002584582,-00004d41-3200-0400-0000-00000056e620,60,4,70.52,33.5639,-7.68009,4,16:00-21:00,1,35.7,34.0,31.3,11.0,8.1,7.47,0.97,2192,4.57,19,23,26,27,28,29,30,32,33,34,36,38,40,42,43,45,47,50,54
-15040002832929,-00004d41-3200-0400-0000-00000056e621,60,7,65.41,33.56363,-7.6807,4,16:00-21:00,1,19.8,18.0,12.1,10.9,19.4,13.08,0.8,38,25.12,5,6,9,10,14,14,16,17,18,18,21,21,23,26,26,27,28,31,36
-15040005023711,-00004d41-3200-0400-0000-00000056e622,60,7,8.18,33.5637,-7.68073,4,16:00-21:00,1,18.1,17.0,4.3,13.4,6.85,1.73,1.5,59,21.64,1,2,3,5,7,10,11,14,16,17,18,21,22,23,25,28,30,31,46
-15040006412659,-00004d41-3200-0400-0000-00000056e623,60,4,64.47,33.56363,-7.6807,4,16:00-21:00,1,34.8,35.0,31.1,9.3,7.46,6.63,0.96,2137,4.56,20,24,26,27,29,30,31,32,34,35,36,37,38,39,41,42,44,46,49
-15040003877901,-00004d41-3200-0400-0000-00000056e625,60,6,16.13,33.56181,-7.68162,4,16:00-21:00,1,24.4,24.0,18.1,8.9,3.2,2.42,1.04,614,4.99,10,13,16,18,20,21,22,23,23,24,25,26,27,28,29,32,33,35,38
-15040003888211,-00004d41-3200-0400-0000-00000056e62d,60,4,18.0,33.56942,-7.67335,4,16:00-21:00,1,13.2,12.0,8.6,7.8,7.53,5.4,0.9,2622,6.39,3,4,5,6,7,8,9,10,10,12,13,14,15,17,18,20,22,24,27
-15040003888199,-00004d41-3200-0400-0000-00000056e635,60,4,71.12,33.56241,-7.68188,4,16:00-21:00,1,34.6,34.0,30.5,9.6,8.4,7.53,1.03,1375,7.45,19,24,26,27,28,29,30,31,32,34,35,37,39,40,41,43,45,47,49
-15040004994187,-00004d41-3200-0400-0000-00000056e638,60,4,82.08,33.56182,-7.68145,4,16:00-21:00,1,35.7,36.0,31.8,10.2,9.29,8.21,0.97,2242,5.12,19,23,25,27,29,31,32,33,35,36,37,38,39,41,42,44,46,48,52
-15040004994192,-00004d41-3200-0400-0000-00000056e63a,60,4,55.11,33.56289,-7.68203,4,16:00-21:00,1,33.6,34.0,31.2,7.7,6.36,5.84,0.97,1368,2.41,20,24,26,28,29,31,32,33,33,34,35,36,36,37,38,39,41,42,45
-15040004994193,-00004d41-3200-0400-0000-00000056e640,60,4,49.41,33.56251,-7.68177,4,16:00-21:00,1,31.9,32.0,29.3,7.7,6.07,5.56,0.98,2260,3.1,19,23,25,26,28,29,30,30,31,32,33,34,35,35,37,38,39,41,44
-15040002545510,-00004d41-3200-0400-0000-00000056e643,60,6,116.41,33.5669,-7.67689,4,16:00-21:00,1,13.3,11.0,9.8,7.4,42.59,38.1,1.04,1403,26.14,5,6,6,7,8,8,9,10,10,11,12,13,15,16,18,19,21,23,28
-15040003778806,-00004d41-3200-0400-0000-00000056e644,60,6,21.3,33.56671,-7.67685,4,16:00-21:00,1,23.5,24.0,16.3,9.3,4.7,3.19,0.88,1487,7.92,8,12,14,16,18,19,20,22,23,24,25,26,27,28,29,30,32,34,38
-15040002544478,-00004d41-3200-0400-0000-00000056e646,60,7,106.59,33.56583,-7.68045,4,16:00-21:00,1,22.7,22.0,19.8,7.3,19.43,17.44,0.81,423,9.92,12,14,15,17,17,18,20,21,22,22,23,24,25,26,27,29,30,32,35
-15040002605815,-00004d41-3200-0400-0000-00000056e64a,60,7,52.98,33.56201,-7.67014,4,16:00-21:00,1,20.7,19.0,14.7,10.7,12.96,10.04,1.21,81,11.8,6,8,13,14,15,17,17,19,19,19,20,21,22,23,24,25,26,28,43
-15040002605817,-00004d41-3200-0400-0000-00000056e64b,60,7,38.7,33.56149,-7.67061,4,16:00-21:00,1,22.2,19.0,9.3,15.0,15.02,7.33,1.62,43,27.53,3,5,7,8,13,14,16,18,18,19,20,21,22,25,32,36,40,43,51
-15040003888165,-00004d41-3200-0400-0000-00000056e665,60,7,10.96,33.5648,-7.6678,4,16:00-21:00,1,22.2,21.0,16.0,10.1,2.47,1.88,1.01,1672,2.53,6,10,13,15,16,17,18,19,20,21,22,23,24,26,27,29,32,35,41
-15040003778784,-00004d41-3200-0400-0000-00000056e66c,60,7,44.81,33.563,-7.67358,4,16:00-21:00,1,18.8,19.0,14.9,7.0,10.81,8.49,1.12,47,7.59,6,9,11,13,13,16,17,18,19,19,20,22,22,23,24,25,26,27,28
-15040003888160,-00004d41-3200-0400-0000-00000056e66d,60,7,33.44,33.56313,-7.67326,4,16:00-21:00,1,18.9,19.0,14.8,7.2,8.12,6.34,1.11,50,5.84,6,8,10,13,13,14,17,18,19,19,20,21,22,23,24,25,26,27,31
-15040004094500,-00004d41-3200-0400-0000-00000056e66e,60,7,8.08,33.56272,-7.67454,4,16:00-21:00,1,23.5,23.0,18.1,7.7,1.6,1.26,1.13,627,2.78,11,15,17,18,19,20,21,22,23,23,24,25,26,27,28,29,30,32,35
-15040002551730,-00004d41-3200-0400-0000-00000056e67d,60,7,44.72,33.56593,-7.67419,4,16:00-21:00,1,18.5,19.0,13.8,6.5,11.64,8.47,1.07,317,16.57,8,11,13,14,15,16,17,17,18,19,19,20,20,21,22,23,24,26,28
-15040004094505,-00004d41-3200-0400-0000-00000056e67e,60,7,14.49,33.5658,-7.6742,4,16:00-21:00,1,19.9,20.0,14.6,7.3,3.58,2.61,1.08,294,5.43,7,10,13,14,16,17,18,18,19,20,20,21,22,23,24,25,27,29,32
-15040004094510,-00004d41-3200-0400-0000-00000056e686,60,7,31.29,33.56333,-7.67439,4,16:00-21:00,1,25.8,27.0,22.6,7.1,4.99,4.17,1.01,399,3.13,13,15,18,20,21,23,24,26,26,27,27,28,29,30,31,32,32,34,36
-15040004643240,-00004d41-3200-0400-0000-00000056e687,60,7,53.38,33.56353,-7.67387,4,16:00-21:00,1,23.5,23.0,19.3,7.5,9.98,8.36,1.05,837,9.66,12,15,18,19,20,20,21,22,22,23,24,24,25,26,27,29,30,32,36
-15040004994214,-00004d41-3200-0400-0000-00000056e688,60,7,34.05,33.56282,-7.67419,4,16:00-21:00,1,19.7,19.0,16.0,7.0,7.65,6.45,1.07,617,8.36,10,12,13,14,15,16,17,18,18,19,20,21,22,23,23,25,26,27,31
-15040002833442,-00004d41-3200-0400-0000-00000056e689,60,7,15.01,33.56287,-7.67404,4,16:00-21:00,1,16.8,17.0,13.8,6.4,3.92,3.18,0.63,65,2.21,8,9,9,11,12,13,14,15,17,17,17,18,18,20,21,23,24,25,28
-15040004976640,-00004d41-3200-0400-0000-00000056e68a,60,7,60.26,33.56282,-7.67419,4,16:00-21:00,1,18.6,19.0,15.7,5.9,13.84,11.42,1.09,375,9.27,8,11,14,15,15,16,16,17,18,19,19,20,21,21,22,23,24,26,27
-15040006412584,-00004d41-3200-0400-0000-00000056e68b,60,7,23.76,33.56426,-7.67375,4,16:00-21:00,1,19.1,19.0,16.2,5.9,5.29,4.5,0.89,182,3.44,10,13,14,15,16,17,17,18,18,19,20,20,21,22,23,23,25,26,27
-15040002554743,-00004d41-3200-0400-0000-00000056e68c,60,7,37.01,33.56424,-7.67336,4,16:00-21:00,1,19.0,19.0,16.1,5.6,8.29,7.01,0.88,173,5.46,7,13,14,15,16,17,17,18,18,19,20,20,21,22,22,23,25,26,27
-15040002833447,-00004d41-3200-0400-0000-00000056e691,60,7,115.68,33.56347,-7.67246,4,16:00-21:00,1,18.6,18.0,15.8,6.5,26.36,23.14,1.01,41,14.35,10,10,11,14,15,15,16,16,17,18,20,21,21,21,22,25,25,27,29
-15040004094513,-00004d41-3200-0400-0000-00000056e696,60,3,19.61,33.56229,-7.6684,4,16:00-21:00,1,20.5,20.0,14.8,9.5,4.77,3.53,1.08,3870,4.88,6,9,12,13,14,15,16,17,18,20,21,22,23,25,26,28,30,33,37
-15040002570390,-00004d41-3200-0400-0000-00000056e697,60,3,16.09,33.56243,-7.66838,4,16:00-21:00,1,19.9,19.0,10.3,11.7,5.65,3.05,0.97,3852,7.79,3,5,7,9,11,13,15,16,17,19,20,21,23,25,28,30,33,36,41
-15040002568205,-00004d41-3200-0400-0000-00000056e69c,60,7,193.23,33.566,-7.66835,4,16:00-21:00,1,18.1,18.0,16.1,4.8,43.13,38.65,0.93,171,21.87,9,13,14,15,16,16,17,17,18,18,19,19,20,20,21,22,23,23,26
-15040002562655,-00004d41-3200-0400-0000-00000056e69e,60,7,22.05,33.56885,-7.6712,4,16:00-21:00,1,20.7,22.0,13.8,9.1,5.75,3.61,0.96,120,6.44,4,8,10,13,15,15,17,18,20,22,23,23,24,26,26,28,29,31,36
-15040002605812,-00004d41-3200-0400-0000-00000056e69f,60,7,66.89,33.56911,-7.67055,4,16:00-21:00,1,20.4,22.0,12.3,9.1,19.58,10.95,1.14,114,26.3,4,7,10,12,14,16,17,19,21,22,23,24,24,26,26,28,28,31,36
-15040004994228,-00004d41-3200-0400-0000-00000056e6a0,60,7,58.15,33.56859,-7.6706,4,16:00-21:00,1,21.9,22.0,17.1,6.9,12.27,9.52,1.11,495,14.42,9,13,16,17,19,19,20,21,21,22,23,24,24,25,26,27,28,30,33
-15040002564525,-00004d41-3200-0400-0000-00000056e6a1,60,7,50.52,33.56814,-7.67067,4,16:00-21:00,1,17.7,18.0,13.6,6.2,13.35,10.1,1.09,476,20.91,8,10,12,13,14,15,16,16,17,18,18,19,20,21,21,22,23,25,26
-15040002605824,-00004d41-3200-0400-0000-00000056e6a3,60,7,99.05,33.56971,-7.67076,4,16:00-21:00,1,12.2,10.0,8.6,6.9,41.51,35.66,1.0,523,29.16,4,5,5,6,6,7,8,8,9,10,11,12,14,16,17,19,21,22,25
-15040002564003,-00004d41-3200-0400-0000-00000056e6a4,60,7,70.76,33.56911,-7.67055,4,16:00-21:00,1,22.8,23.0,19.0,7.1,13.43,11.08,1.09,492,13.41,11,13,16,17,19,20,20,22,22,23,24,25,26,26,27,28,29,31,33
-15040004994256,-00004d41-3200-0400-0000-00000056e6c0,60,7,30.65,33.56184,-7.67893,4,16:00-21:00,1,20.9,23.0,16.3,7.2,6.76,4.8,1.0,31,4.88,6,7,13,18,19,20,20,21,21,23,23,24,24,25,26,27,27,27,31
-15040002833431,-00004d41-3200-0400-0000-00000056e6c1,60,7,14.46,33.56203,-7.68072,4,16:00-21:00,1,22.7,23.0,19.7,6.1,2.64,2.26,1.02,201,2.2,10,16,18,19,19,20,21,21,22,23,23,24,24,25,26,27,29,31,33
-15040003228652,-00004d41-3200-0400-0000-00000056e6c2,60,7,71.95,33.56182,-7.68145,4,16:00-21:00,1,22.2,22.0,19.6,6.0,13.24,11.77,1.05,192,8.87,11,15,17,19,19,20,20,21,21,22,23,23,25,25,26,27,29,30,32
-15040003887985,-00004d41-3200-0400-0000-00000056e6d5,60,6,18.69,33.56065,-7.68087,4,16:00-21:00,1,15.1,14.0,9.5,8.9,7.09,4.81,1.21,641,6.73,4,5,6,7,8,9,11,12,13,14,16,17,18,20,21,23,24,26,28
-15040002553049,-00004d41-3200-0400-0000-00000056e6e4,60,6,62.14,33.55974,-7.67504,4,16:00-21:00,1,21.8,22.0,17.0,8.7,13.15,10.17,0.96,1608,11.75,8,11,13,15,17,18,19,20,21,22,23,23,24,25,26,27,29,32,36
-15040003887998,-00004d41-3200-0400-0000-00000056e6e5,60,6,14.25,33.55987,-7.67507,4,16:00-21:00,1,16.3,16.0,9.3,9.8,5.5,3.21,0.91,2614,6.23,3,4,6,7,9,10,12,13,15,16,17,18,20,21,22,24,25,28,32
-15040002548643,-00004d41-3200-0400-0000-00000056e6f0,60,4,112.08,33.55941,-7.67618,4,16:00-21:00,1,17.9,15.0,12.3,10.9,32.84,26.9,0.99,4243,22.24,6,7,8,9,9,10,11,12,13,15,16,18,20,22,24,27,29,34,40
-15040002589756,-00004d41-3200-0400-0000-00000056e708,60,4,50.33,33.55926,-7.6767,4,16:00-21:00,1,38.8,40.0,31.9,13.2,5.69,4.53,0.95,4300,5.08,16,20,23,26,29,33,35,37,38,40,42,43,44,46,48,50,52,55,60
-15040002544984,-00004d41-3200-0400-0000-00000056e709,60,4,118.37,33.55889,-7.67789,4,16:00-21:00,1,35.4,36.0,30.5,10.7,13.99,11.84,0.96,4243,9.4,17,21,24,26,29,31,32,34,35,36,38,39,40,41,42,44,46,48,51
-15040004094530,-00004d41-3200-0400-0000-00000056e70e,60,3,30.76,33.56147,-7.66928,4,16:00-21:00,1,29.7,24.0,21.3,18.6,5.2,4.61,1.05,4250,4.67,10,14,16,18,19,20,21,22,23,24,25,27,28,30,32,35,43,63,74
-15040005846742,-00004d41-3200-0400-0000-00000056e712,60,7,7.99,33.55685,-7.66693,4,16:00-21:00,1,13.0,12.0,5.9,9.3,4.89,2.4,1.22,500,5.95,2,2,3,4,5,6,8,9,11,12,14,15,16,18,19,20,22,24,28
-15040004736296,-00004d41-3200-0400-0000-00000056e722,60,7,9.61,33.56501,-7.68306,4,16:00-21:00,1,9.3,3.7,2.5,12.3,14.12,9.35,1.44,47,22.05,1,1,2,2,2,3,3,3,3,4,5,6,8,9,13,15,17,23,35
-15040003778778,-00004d41-3200-0400-0000-00000056e744,60,6,12.03,33.55259,-7.68501,4,16:00-21:00,1,22.1,22.0,12.9,11.8,3.35,1.97,1.04,1068,4.3,4,7,8,12,14,16,17,19,20,22,23,24,26,28,29,31,33,37,43
-15040004994292,-00004d41-3200-0400-0000-00000056e748,60,7,34.51,33.55138,-7.683,4,16:00-21:00,1,19.3,16.0,13.6,16.2,9.14,7.76,0.72,46,4.96,8,8,8,10,11,12,13,14,15,16,17,17,18,20,21,23,25,26,58
-15040003239184,-00004d41-3200-0400-0000-00000056e74f,60,5,18.7,33.55219,-7.67971,4,16:00-21:00,1,23.6,23.0,17.0,11.0,3.96,2.93,1.03,2044,3.72,7,10,13,15,16,18,19,20,22,23,24,25,27,28,30,32,34,37,42
-15040003877619,-00004d41-3200-0400-0000-00000056e750,60,6,11.28,33.55294,-7.67738,4,16:00-21:00,1,17.7,18.0,12.8,7.8,3.17,2.26,0.89,1771,2.88,5,7,9,11,12,14,15,16,17,18,19,20,21,22,23,24,25,27,29
-15040002833438,-00004d41-3200-0400-0000-00000056e751,60,6,35.43,33.55324,-7.67751,4,16:00-21:00,1,15.3,16.0,9.3,8.6,13.76,7.97,0.95,1442,12.95,3,4,5,6,8,10,12,13,15,16,17,18,19,20,21,22,24,26,29
-15040003778770,-00004d41-3200-0400-0000-00000056e754,60,6,11.58,33.55549,-7.67479,4,16:00-21:00,1,26.8,26.0,20.4,11.2,2.05,1.6,0.76,529,1.87,10,13,16,18,20,21,23,24,25,26,27,29,30,31,33,35,38,41,47
-15040003888145,-00004d41-3200-0400-0000-00000056e755,60,6,132.0,33.55556,-7.67621,4,16:00-21:00,1,19.0,17.0,12.8,10.5,37.13,27.95,1.0,529,32.09,6,8,8,9,10,11,12,14,15,17,20,21,23,25,26,28,30,34,38
-15040004094541,-00004d41-3200-0400-0000-00000056e756,60,5,40.25,33.55549,-7.67479,4,16:00-21:00,1,31.4,31.0,26.4,9.9,5.49,4.67,0.89,1417,4.58,15,20,22,24,26,27,28,29,30,31,33,34,35,36,37,39,41,43,48
-15040004643622,-00004d41-3200-0400-0000-00000056e757,60,5,11.55,33.55725,-7.67403,4,16:00-21:00,1,28.4,28.0,24.1,9.2,1.72,1.49,0.99,2122,1.39,15,17,19,21,22,23,25,26,27,28,29,30,31,33,34,36,37,40,44
-15040005226621,-00004d41-3200-0400-0000-00000056e75e,60,7,9.95,33.55543,-7.66667,4,16:00-21:00,1,54.1,57.0,38.7,17.7,0.92,0.63,0.77,351,1.7,29,32,34,37,39,43,47,53,55,57,59,61,63,65,67,69,71,75,80
-15040002833466,-00004d41-3200-0400-0000-00000056e761,60,3,55.59,33.55493,-7.66658,4,16:00-21:00,1,45.4,43.0,36.9,17.8,5.42,4.65,0.86,4965,3.94,20,25,29,32,35,37,39,40,42,43,44,46,48,49,52,57,65,71,82
-15040003888174,-00004d41-3200-0400-0000-00000056e765,60,7,11.49,33.55423,-7.66619,4,16:00-21:00,1,21.0,20.0,9.4,14.1,4.4,2.07,0.69,171,5.58,2,4,5,7,8,11,13,15,18,20,22,23,26,28,31,33,35,39,46
-15040005943847,-00004d41-3200-0400-0000-00000056e766,60,3,20.2,33.55667,-7.6669,4,16:00-21:00,1,39.6,35.0,29.6,19.3,2.46,2.08,1.0,5135,2.98,16,20,23,25,27,29,31,32,34,35,37,38,40,42,45,50,64,70,81
-15040004643662,-00004d41-3200-0400-0000-00000056e767,60,3,139.76,33.55543,-7.66667,4,16:00-21:00,1,45.9,43.0,40.0,16.7,12.58,11.7,0.96,5155,5.97,23,27,31,34,36,38,39,41,42,43,44,46,47,49,52,55,64,70,80
-15040004976689,-00004d41-3200-0400-0000-00000056e76b,60,3,31.48,33.55789,-7.66755,4,16:00-21:00,1,48.0,46.0,40.6,17.0,2.79,2.46,1.02,4860,3.51,22,28,32,35,38,40,42,43,45,46,48,49,50,52,55,60,66,72,82
-15040003778782,-00004d41-3200-0400-0000-00000056e76c,60,3,132.88,33.55685,-7.66693,4,16:00-21:00,1,43.1,39.0,36.4,17.7,13.16,12.27,1.0,4769,9.09,22,26,29,31,33,34,35,36,37,39,40,41,42,44,46,51,65,71,82
-15040004994303,-00004d41-3200-0400-0000-00000056e770,60,3,34.6,33.55854,-7.66821,4,16:00-21:00,1,48.9,47.0,41.9,17.3,2.97,2.65,0.98,4897,1.7,22,27,32,36,38,41,43,45,46,47,49,50,52,54,57,62,67,72,82
-15040002833462,-00004d41-3200-0400-0000-00000056e771,60,3,63.34,33.55811,-7.66777,4,16:00-21:00,1,48.6,47.0,41.1,17.3,5.54,4.85,1.01,4865,3.71,22,27,31,35,38,41,43,44,46,47,48,50,52,54,57,62,66,72,82
-15040004094552,-00004d41-3200-0400-0000-00000056e77e,60,6,30.96,33.5579,-7.67461,4,16:00-21:00,1,21.4,22.0,17.5,6.5,6.39,5.07,1.01,1341,7.91,10,14,16,17,18,19,20,20,21,22,22,23,23,24,25,26,27,28,31
-15040002556177,-00004d41-3200-0400-0000-00000056e78e,60,5,83.25,33.55961,-7.67283,4,16:00-21:00,1,18.7,19.0,15.8,6.7,18.92,15.77,0.94,1310,11.96,8,10,12,13,14,15,15,17,18,19,19,20,21,22,23,24,26,27,29
-15040003778803,-00004d41-3200-0400-0000-00000056e794,60,5,146.75,33.55733,-7.67396,4,16:00-21:00,1,29.2,30.0,26.4,7.1,20.01,17.61,1.02,1284,12.88,17,21,23,24,25,27,28,28,29,30,30,31,32,33,34,34,35,37,40
-15040002549497,-00004d41-3200-0400-0000-00000056e796,60,6,139.24,33.55913,-7.67492,4,16:00-21:00,1,24.9,25.0,21.0,7.4,23.88,20.05,1.02,1304,19.41,12,16,18,20,21,22,23,23,24,25,26,26,27,28,29,30,32,34,37
-15040004643671,-00004d41-3200-0400-0000-00000056e797,60,6,7.08,33.55919,-7.67493,4,16:00-21:00,1,28.2,28.0,21.1,10.9,1.21,0.91,0.92,1542,1.49,10,15,18,20,22,23,24,25,26,28,29,30,31,33,34,36,38,42,47
-15040003778830,-00004d41-3200-0400-0000-00000056e79c,60,7,38.49,33.55898,-7.67559,4,16:00-21:00,1,13.8,15.0,8.4,6.6,16.5,9.24,1.03,36,17.25,2,4,4,8,8,9,11,14,14,15,17,17,18,18,19,19,21,22,22
-15040004094559,-00004d41-3200-0400-0000-00000056e79e,60,7,35.22,33.55777,-7.6751,4,16:00-21:00,1,13.4,13.0,10.0,5.7,12.7,9.75,1.14,39,10.22,4,4,8,9,9,11,11,11,12,13,14,15,15,16,17,19,20,21,24
-15040002594560,-00004d41-3200-0400-0000-00000056e79f,60,7,47.78,33.5579,-7.67461,4,16:00-21:00,1,14.0,14.0,11.0,5.9,15.6,12.29,0.99,37,9.94,4,4,9,10,11,11,11,12,12,14,14,15,16,16,17,19,20,23,27
-15040002549624,-00004d41-3200-0400-0000-00000056e7a3,60,5,73.51,33.55673,-7.67463,4,16:00-21:00,1,27.6,28.0,22.5,8.9,11.77,9.45,1.05,1368,12.29,12,17,20,22,24,25,26,27,27,28,29,29,30,31,32,34,35,37,41
-15040002833416,-00004d41-3200-0400-0000-00000056e7b9,60,6,37.22,33.55521,-7.67844,4,16:00-21:00,1,20.6,21.0,14.8,8.8,9.04,6.38,0.93,1597,8.18,5,8,11,13,15,17,18,19,20,21,22,23,24,25,26,28,29,32,35
-15040004094569,-00004d41-3200-0400-0000-00000056e7be,60,6,17.95,33.55749,-7.67719,4,16:00-21:00,1,24.0,22.0,13.2,13.9,4.89,2.94,0.93,101,7.27,5,7,9,11,13,16,17,18,19,22,24,27,29,33,36,37,38,40,43
-15040002548637,-00004d41-3200-0400-0000-00000056e7bf,60,6,40.34,33.55782,-7.67735,4,16:00-21:00,1,24.8,23.0,15.3,14.1,9.52,6.31,1.21,106,9.26,5,7,9,12,14,16,17,19,21,23,25,28,30,35,36,37,39,41,44
-15040006412938,-00004d41-3200-0400-0000-00000056e7c3,60,6,34.21,33.5572,-7.67705,4,16:00-21:00,1,27.2,27.0,18.4,11.1,6.71,4.56,1.11,123,11.27,9,11,15,16,19,22,23,24,25,27,30,32,34,34,35,37,39,41,43
-15040003778762,-00004d41-3200-0400-0000-00000056e7c4,60,6,16.46,33.55734,-7.67712,4,16:00-21:00,1,24.7,24.0,15.3,11.9,3.89,2.47,1.14,108,6.03,7,9,11,13,15,16,19,22,23,24,25,28,32,34,35,36,37,40,43
-15040002551193,-00004d41-3200-0400-0000-00000056e7d4,60,5,64.03,33.55606,-7.67461,4,16:00-21:00,1,27.2,28.0,23.3,7.2,9.9,8.23,1.0,2202,8.53,15,19,21,22,24,24,25,26,27,28,28,29,30,30,31,32,34,35,38
-15040004094586,-00004d41-3200-0400-0000-00000056e7f6,60,6,10.23,33.55369,-7.67771,4,16:00-21:00,1,20.6,20.0,13.4,9.1,2.76,1.84,0.99,1429,4.55,6,9,12,13,15,16,17,18,19,20,21,22,24,25,26,27,29,31,35
-15040004643492,-00004d41-3200-0400-0000-00000056e7f7,60,6,19.75,33.55386,-7.67779,4,16:00-21:00,1,21.3,21.0,13.9,9.3,5.13,3.39,1.05,1428,14.1,7,10,12,14,15,17,18,19,20,21,22,23,24,26,27,29,30,33,37
-15040004643469,-00004d41-3200-0400-0000-00000056e7ff,60,5,21.9,33.55427,-7.67493,4,16:00-21:00,1,28.0,28.0,23.9,8.3,3.29,2.82,1.0,1444,2.51,15,18,20,22,23,24,25,26,27,28,29,30,31,32,34,35,36,38,41
-15040002833539,-00004d41-3200-0400-0000-00000056e801,60,5,36.38,33.55459,-7.67488,4,16:00-21:00,1,32.1,33.0,27.7,8.9,4.73,3.97,1.03,1431,3.6,17,21,23,25,27,28,29,30,32,33,34,35,36,37,38,39,40,42,46
-15040003778848,-00004d41-3200-0400-0000-00000056e804,60,5,37.77,33.55407,-7.67495,4,16:00-21:00,1,28.8,29.0,23.8,8.4,5.71,4.69,0.98,1471,6.91,15,19,21,23,24,25,26,27,28,29,30,30,31,32,34,35,37,39,42
-15040003888835,-00004d41-3200-0400-0000-00000056e805,60,5,55.79,33.55313,-7.67682,4,16:00-21:00,1,20.6,20.0,12.7,12.0,15.86,10.04,1.01,1462,13.27,5,5,6,8,9,12,14,16,19,20,22,23,25,27,29,31,34,38,42
-15040004643716,-00004d41-3200-0400-0000-00000056e807,60,5,39.93,33.55326,-7.67642,4,16:00-21:00,1,31.7,32.0,24.7,11.6,5.82,4.49,0.92,1475,6.81,12,17,20,22,24,26,27,29,30,32,33,34,36,38,40,41,44,46,50
-15040006413035,-00004d41-3200-0400-0000-00000056e80b,60,5,35.79,33.55491,-7.67485,4,16:00-21:00,1,34.6,36.0,28.0,10.4,4.59,3.58,0.97,1436,5.32,16,21,24,27,29,31,32,33,35,36,37,37,38,40,41,42,44,46,50
-15040003778841,-00004d41-3200-0400-0000-00000056e80c,60,5,23.66,33.55513,-7.67483,4,16:00-21:00,1,34.4,35.0,26.3,10.2,3.24,2.43,1.04,1423,8.17,18,22,24,27,29,30,31,32,34,35,36,37,38,39,40,42,44,46,51
-15040004976770,-00004d41-3200-0400-0000-00000056e81a,60,6,32.36,33.55497,-7.67805,4,16:00-21:00,1,28.6,30.0,22.1,10.0,5.27,3.88,0.97,769,4.68,9,14,18,20,23,25,27,28,29,30,31,32,33,34,35,36,38,40,42
-15040006413118,-00004d41-3200-0400-0000-00000056e81b,60,6,24.04,33.55489,-7.6783,4,16:00-21:00,1,26.1,27.0,19.3,10.0,4.48,3.21,1.0,753,5.5,8,12,16,18,20,22,23,24,26,27,28,29,30,31,33,34,36,38,41
-15040006063330,-00004d41-3200-0400-0000-00000056e826,60,4,29.1,33.55853,-7.67882,4,16:00-21:00,1,36.1,38.0,31.2,10.8,3.36,2.76,0.98,4062,2.06,16,20,24,27,30,32,34,35,37,38,39,40,41,42,43,44,46,48,52
-15040002833622,-00004d41-3200-0400-0000-00000056e829,60,4,66.26,33.55864,-7.67854,4,16:00-21:00,1,36.3,38.0,31.6,10.7,7.54,6.28,0.97,4079,4.42,17,21,24,27,30,32,34,35,36,38,39,40,41,42,43,45,46,48,52
-15040004094602,-00004d41-3200-0400-0000-00000056e82e,60,5,41.69,33.55256,-7.67848,4,16:00-21:00,1,33.1,35.0,24.3,12.2,6.19,4.29,1.0,1422,7.98,11,16,20,22,25,27,30,31,33,35,36,37,38,40,41,43,45,47,51
-15040002833602,-00004d41-3200-0400-0000-00000056e831,60,7,28.5,33.55041,-7.67729,4,16:00-21:00,1,17.1,16.0,11.8,8.4,8.69,6.41,1.05,78,8.04,4,7,8,11,12,14,15,15,16,16,17,18,19,20,21,23,25,28,32
-15040004976787,-00004d41-3200-0400-0000-00000056e832,60,7,11.3,33.55044,-7.67718,4,16:00-21:00,1,16.7,17.0,11.4,7.8,3.57,2.39,1.12,75,3.27,4,6,7,8,12,14,15,15,16,17,17,18,19,20,21,22,25,27,29
-15040004976796,-00004d41-3200-0400-0000-00000056e83a,60,7,47.73,33.55029,-7.67766,4,16:00-21:00,1,18.0,18.0,12.3,7.8,13.97,9.55,0.99,70,15.25,4,7,10,14,14,15,16,17,18,18,18,19,20,21,23,23,25,26,28
-15040006413095,-00004d41-3200-0400-0000-00000056e83b,60,7,8.09,33.55032,-7.67758,4,16:00-21:00,1,18.3,18.0,12.5,8.2,2.34,1.62,0.96,70,2.58,4,7,11,14,15,16,16,17,18,18,18,19,20,21,23,23,25,26,28
-15040003779694,-00004d41-3200-0400-0000-00000056e844,60,7,75.82,33.55069,-7.67424,4,16:00-21:00,1,17.4,17.0,16.2,4.1,16.81,16.06,1.0,326,5.6,11,13,14,14,15,16,16,16,17,17,18,18,18,19,20,20,21,22,24
-15040003888763,-00004d41-3200-0400-0000-00000056e86d,60,7,10.49,33.55315,-7.67458,4,16:00-21:00,1,17.3,18.0,11.8,8.1,3.2,2.1,1.37,57,4.54,6,7,11,13,14,15,16,17,17,18,19,19,19,19,20,20,22,23,25
-15040004094622,-00004d41-3200-0400-0000-00000056e86e,60,7,15.76,33.55303,-7.6745,4,16:00-21:00,1,17.0,18.0,15.0,4.6,3.77,3.15,1.04,49,1.77,7,10,13,13,15,16,17,17,18,18,19,19,19,19,20,20,21,22,23
-15040004094636,-00004d41-3200-0400-0000-00000056e8a6,60,7,28.68,33.55915,-7.66972,4,16:00-21:00,1,13.2,14.0,9.5,6.7,10.83,7.37,1.23,55,6.88,4,5,6,6,6,8,9,11,13,14,15,15,16,17,18,18,20,21,26
-15040004288958,-00004d41-3200-0400-0000-00000056e8a7,60,7,63.02,33.55931,-7.66907,4,16:00-21:00,1,15.2,16.0,11.3,6.7,20.05,14.18,1.35,53,16.43,5,6,7,9,10,11,11,14,14,16,17,17,18,19,19,21,22,23,27
-15040005061431,-00004d41-3200-0400-0000-00000056e8de,60,7,32.15,33.55864,-7.67124,4,16:00-21:00,1,19.8,18.0,16.6,8.2,6.98,6.43,0.67,77,3.07,10,10,11,11,13,15,15,16,17,18,20,22,23,24,25,27,29,32,35
-15040004644104,-00004d41-3200-0400-0000-00000056e8df,60,7,46.92,33.55822,-7.6713,4,16:00-21:00,1,19.8,18.0,16.6,8.2,10.19,9.38,0.88,77,4.47,10,10,11,11,13,15,15,16,17,18,20,22,23,24,25,27,29,32,35
-15040004644116,-00004d41-3200-0400-0000-00000056e8e7,60,7,80.03,33.55716,-7.66775,4,16:00-21:00,1,16.3,16.0,11.2,7.8,25.67,18.01,0.93,151,23.2,4,6,8,10,11,13,14,14,15,16,18,18,19,20,21,22,23,24,31
-15040002611551,-00004d41-3200-0400-0000-00000056e8e8,60,7,41.76,33.55679,-7.66768,4,16:00-21:00,1,16.0,16.0,11.1,7.8,13.54,9.4,0.97,157,11.45,4,5,8,10,11,12,13,14,14,16,16,18,19,20,21,22,23,25,31
-15040004994751,-00004d41-3200-0400-0000-00000056e930,60,7,23.0,33.55534,-7.66645,4,16:00-21:00,1,53.0,55.0,41.4,18.6,2.0,1.51,0.57,536,2.45,24,31,33,35,37,40,43,48,53,55,57,59,62,65,66,69,72,77,82
-15040004737619,-00004d41-3200-0400-0000-00000056e966,60,5,14.68,33.55057,-7.684,4,16:00-21:00,1,26.4,27.0,21.8,8.5,2.42,1.96,0.95,962,2.58,13,16,18,20,22,23,24,25,26,27,28,29,29,30,31,32,34,36,38
-15040004976899,-00004d41-3200-0400-0000-00000056e96a,60,5,6.3,33.55034,-7.68396,4,16:00-21:00,1,25.8,26.0,20.1,8.9,1.13,0.87,1.1,1680,1.56,12,15,17,19,20,21,23,23,25,26,27,28,29,30,31,32,34,36,40
-15040006412839,-00004d41-3200-0400-0000-00000056e96b,60,7,94.0,33.54956,-7.68357,4,16:00-21:00,1,17.4,16.0,14.8,6.4,22.88,21.15,0.96,156,12.64,9,11,12,13,13,14,14,15,16,16,17,18,19,20,21,22,23,24,28
-15040004290189,-00004d41-3200-0400-0000-00000056e98f,60,5,41.29,33.55924,-7.67276,4,16:00-21:00,1,26.2,26.0,23.6,6.8,6.29,5.72,1.01,1343,3.87,15,18,20,21,22,23,24,25,25,26,27,28,28,29,30,32,33,35,37
-15040003779477,-00004d41-3200-0400-0000-00000056e9b4,60,5,43.09,33.55212,-7.67989,4,16:00-21:00,1,27.8,27.0,20.4,11.6,7.59,5.75,0.92,1578,9.72,10,13,16,18,20,22,23,25,26,27,29,30,32,33,35,37,39,43,48
-15040004094688,-00004d41-3200-0400-0000-00000056e9b6,60,5,37.53,33.55196,-7.68031,4,16:00-21:00,1,30.7,31.0,20.4,12.4,6.63,4.36,0.94,1550,10.33,9,15,18,21,23,24,26,27,29,31,33,34,36,37,39,41,43,46,50
-15040004994941,-00004d41-3200-0400-0000-00000056e9b8,60,5,37.33,33.55183,-7.68068,4,16:00-21:00,1,34.1,35.0,21.5,12.8,6.25,3.84,0.83,1496,14.41,10,16,21,24,26,28,31,33,34,35,37,38,39,41,43,44,46,49,53
-15040004976919,-00004d41-3200-0400-0000-00000056e9ba,60,5,66.83,33.5517,-7.68106,4,16:00-21:00,1,35.9,37.0,26.0,13.4,9.25,6.5,0.91,1454,12.57,13,18,22,25,26,28,30,33,35,37,39,41,42,44,45,47,49,51,56
-15040004644065,-00004d41-3200-0400-0000-00000056ea27,60,3,61.43,33.55441,-7.66635,4,16:00-21:00,1,43.7,41.0,33.1,18.7,6.68,5.39,0.83,5427,5.67,15,23,28,31,33,35,36,38,39,41,42,44,46,48,52,57,65,71,80
-15040004995001,-00004d41-3200-0400-0000-00000056ea28,60,3,25.22,33.55423,-7.66619,4,16:00-21:00,1,43.8,40.0,36.7,18.1,2.48,2.27,0.89,5474,1.36,21,25,28,29,31,33,35,36,38,40,41,43,46,48,52,58,65,71,81
-15040006413382,-00004d41-3200-0400-0000-00000056ea3b,60,5,19.31,33.55566,-7.67477,4,16:00-21:00,1,27.7,27.0,21.0,11.5,3.32,2.57,0.9,1447,3.44,10,14,17,19,20,22,23,24,26,27,28,30,31,33,35,36,38,41,47
-15040003779558,-00004d41-3200-0400-0000-00000056ea3c,60,5,46.26,33.55608,-7.67472,4,16:00-21:00,1,24.9,25.0,16.3,12.7,10.25,6.66,1.04,1416,10.03,6,7,9,13,16,19,21,22,24,25,27,28,29,31,33,35,36,40,45
-15040004976947,-00004d41-3200-0400-0000-00000056ea42,60,5,24.87,33.55077,-7.68381,4,16:00-21:00,1,23.4,23.0,16.8,10.1,5.32,3.89,0.97,1384,6.8,8,11,13,15,16,18,19,21,22,23,25,26,27,28,30,31,33,36,39
-15040003779566,-00004d41-3200-0400-0000-00000056ea44,60,5,34.46,33.55088,-7.68346,4,16:00-21:00,1,29.7,30.0,24.5,9.0,5.06,4.14,0.95,1388,5.15,15,19,21,23,25,26,27,28,29,30,31,32,33,34,35,36,38,39,42
-15040003889219,-00004d41-3200-0400-0000-00000056ea45,60,5,61.99,33.5511,-7.68285,4,16:00-21:00,1,35.8,37.0,27.7,12.4,8.05,6.03,0.93,1411,10.12,15,20,23,25,26,28,30,34,36,37,39,40,41,43,44,46,48,51,54
-15040004094711,-00004d41-3200-0400-0000-00000056ea46,60,5,65.51,33.5513,-7.68219,4,16:00-21:00,1,36.6,38.0,27.5,13.3,8.57,6.21,0.96,1452,10.97,14,19,23,25,27,29,31,34,36,38,39,41,42,44,45,47,49,52,56
-15040004644102,-00004d41-3200-0400-0000-00000056ea47,60,5,47.01,33.55146,-7.68172,4,16:00-21:00,1,38.8,40.0,28.2,14.0,6.0,4.23,0.98,1461,8.91,14,20,23,26,29,32,35,37,39,40,42,43,45,46,48,50,52,55,59
-15040004976952,-00004d41-3200-0400-0000-00000056ea4a,60,5,29.35,33.55266,-7.67819,4,16:00-21:00,1,34.3,36.0,23.3,12.7,4.53,2.93,1.02,1408,8.28,11,16,20,23,26,29,31,33,35,36,38,39,40,42,43,45,46,49,53
-15040003779583,-00004d41-3200-0400-0000-00000056ea4c,60,5,44.03,33.55281,-7.67775,4,16:00-21:00,1,32.7,34.0,22.4,12.0,7.09,4.66,1.03,1384,12.38,11,16,19,22,25,28,30,31,33,34,36,37,38,39,41,42,44,46,50
-15040003889232,-00004d41-3200-0400-0000-00000056ea4d,60,5,37.87,33.55294,-7.67738,4,16:00-21:00,1,27.8,28.0,19.1,10.6,7.12,4.87,1.01,1359,12.74,10,14,17,19,21,23,24,25,27,28,29,31,32,33,34,36,38,41,45
-15040004094714,-00004d41-3200-0400-0000-00000056ea4e,60,5,40.5,33.5534,-7.67601,4,16:00-21:00,1,35.8,36.0,28.4,11.7,5.14,4.05,0.98,1461,7.33,16,20,23,26,28,31,32,34,35,36,38,39,40,42,43,45,47,50,54
-15040004644138,-00004d41-3200-0400-0000-00000056ea4f,60,5,92.61,33.55377,-7.67512,4,16:00-21:00,1,34.1,35.0,27.3,10.0,12.21,9.53,0.99,1445,18.87,16,20,23,26,29,31,32,33,34,35,36,37,38,39,40,42,44,46,49
-15040003780179,-00004d41-3200-0400-0000-00000056ea8c,60,7,13.01,33.5661,-7.68332,4,16:00-21:00,1,10.5,5.9,2.9,11.6,16.19,7.94,0.74,55,26.74,1,2,2,2,3,4,4,5,5,6,7,9,10,11,13,16,19,29,36
-15040004644332,-00004d41-3200-0400-0000-00000056eabf,60,5,24.03,33.5537,-7.68556,4,16:00-21:00,1,28.4,29.0,19.4,11.3,4.46,2.98,1.09,1034,7.21,9,12,16,18,20,23,25,27,28,29,31,32,34,35,36,38,39,42,46
-15040002834431,-00004d41-3200-0400-0000-00000056eac1,60,5,26.0,33.55348,-7.68546,4,16:00-21:00,1,29.8,31.0,19.7,11.3,4.75,3.02,1.11,1031,10.07,10,13,17,19,22,25,26,28,30,31,33,34,35,36,38,39,41,43,46
-15040006413243,-00004d41-3200-0400-0000-00000056eac3,60,5,32.6,33.55321,-7.68532,4,16:00-21:00,1,30.1,32.0,21.5,11.4,5.47,3.67,1.06,1045,7.46,10,14,17,19,22,25,27,29,30,32,33,34,35,36,38,39,41,43,46
-15040003889052,-00004d41-3200-0400-0000-00000056eac5,60,5,33.38,33.55293,-7.68519,4,16:00-21:00,1,29.3,31.0,22.8,10.8,5.26,3.88,0.96,1040,5.08,10,14,18,20,22,25,27,28,30,31,32,33,34,35,36,38,39,41,44
-15040006413172,-00004d41-3200-0400-0000-00000056eacb,60,5,43.92,33.55152,-7.68449,4,16:00-21:00,1,30.2,31.0,21.1,10.2,7.49,5.1,1.13,1442,14.29,13,17,20,22,24,26,27,29,30,31,32,33,34,36,37,38,40,42,45
-15040003888992,-00004d41-3200-0400-0000-00000056eacd,60,5,30.46,33.55127,-7.68435,4,16:00-21:00,1,31.1,32.0,21.8,10.4,5.04,3.43,1.13,1453,10.06,12,17,20,23,25,27,29,30,31,32,34,35,35,37,38,39,41,43,46
-15040003889205,-00004d41-3200-0400-0000-00000056eb1d,60,6,10.21,33.56537,-7.68322,4,16:00-21:00,1,10.9,7.2,4.2,9.8,8.68,5.11,1.0,594,8.58,1,2,2,2,3,3,4,5,6,7,9,11,13,15,17,19,21,24,30
-15040006073774,-00004d41-3200-0400-0000-00000056eb28,60,5,32.08,33.55101,-7.68421,4,16:00-21:00,1,30.2,31.0,21.7,9.6,5.32,3.73,1.06,1438,10.83,13,18,20,23,25,26,28,29,30,31,32,33,34,35,37,38,39,41,44
-15040002834627,-00004d41-3200-0400-0000-00000056eb29,60,5,37.7,33.55069,-7.68406,4,16:00-21:00,1,27.4,28.0,20.7,9.0,6.57,4.85,0.98,1444,10.19,13,17,19,21,22,23,24,26,27,28,29,30,31,32,33,34,36,38,41
-15040003889217,-00004d41-3200-0400-0000-00000056eb2d,60,5,29.67,33.5539,-7.68566,4,16:00-21:00,1,25.1,26.0,17.8,10.5,6.02,4.11,1.04,1022,6.59,7,10,13,16,18,19,21,23,25,26,27,28,30,31,32,34,36,38,41
-15040004644427,-00004d41-3200-0400-0000-00000056eb5f,60,6,13.12,33.56181,-7.68162,4,16:00-21:00,1,25.7,25.0,21.2,9.6,2.23,1.89,1.09,1915,1.89,11,14,16,18,19,21,22,23,24,25,26,28,29,30,31,33,35,38,42
-15040004094776,-00004d41-3200-0400-0000-00000056eb73,60,5,48.26,33.555,-7.68619,4,16:00-21:00,1,22.2,23.0,16.6,8.4,10.48,7.55,1.03,917,12.27,7,10,13,15,17,18,20,21,22,23,24,25,26,27,28,29,30,32,34
-15040003780058,-00004d41-3200-0400-0000-00000056eb74,60,5,11.79,33.5549,-7.68615,4,16:00-21:00,1,16.5,16.0,9.7,8.8,4.37,2.65,1.18,1165,5.88,3,5,7,9,11,12,13,14,16,16,17,18,19,20,22,23,25,26,29
-15040004644450,-00004d41-3200-0400-0000-00000056eb7f,60,6,60.77,33.55359,-7.68921,4,16:00-21:00,1,24.5,25.0,19.7,9.3,11.09,8.75,0.84,172,6.92,9,12,13,16,18,21,22,23,24,25,26,27,28,29,30,32,34,36,38
-15040004094786,-00004d41-3200-0400-0000-00000056eba6,60,7,40.78,33.55297,-7.68386,4,16:00-21:00,1,15.8,15.0,11.4,8.1,12.93,9.79,0.8,38,9.24,4,6,7,8,10,11,11,14,15,15,16,17,17,20,20,21,24,30,32
-15040002538968,-00004d41-3200-0400-0000-00000056ebaf,60,4,40.82,33.56144,-7.68147,4,16:00-21:00,1,33.2,33.0,28.0,11.0,5.25,4.45,1.01,2918,4.45,17,20,22,24,25,27,28,30,31,33,34,35,37,38,40,42,44,47,52
-15040002834664,-00004d41-3200-0400-0000-00000056ebb1,60,7,33.56,33.56144,-7.68147,4,16:00-21:00,1,21.6,20.0,16.5,15.3,7.32,6.04,0.72,37,3.7,7,9,11,13,15,15,16,16,17,20,20,21,22,22,23,24,28,34,55
-15040004995076,-00004d41-3200-0400-0000-00000056ebb8,60,7,45.32,33.54962,-7.67981,4,16:00-21:00,1,20.8,21.0,16.8,12.5,9.69,7.77,0.62,31,4.31,9,11,11,11,12,16,17,17,18,21,21,22,23,23,24,24,26,26,31
-15040002834636,-00004d41-3200-0400-0000-00000056ebb9,60,7,8.6,33.54959,-7.67989,4,16:00-21:00,1,20.8,21.0,16.8,12.5,1.84,1.47,0.62,31,0.82,9,11,11,11,12,16,17,17,18,21,21,22,23,23,24,24,26,26,31
-15040003889642,-00004d41-3200-0400-0000-00000056ebc5,60,7,30.05,33.54965,-7.68151,4,16:00-21:00,1,15.6,16.0,12.4,6.8,8.72,6.76,1.12,81,5.11,5,7,9,9,10,12,13,15,15,16,16,17,18,19,20,21,21,22,25
-15040004094794,-00004d41-3200-0400-0000-00000056ebc6,60,7,25.79,33.54942,-7.68147,4,16:00-21:00,1,15.6,16.0,12.4,6.8,7.48,5.8,1.12,81,4.39,5,7,9,9,10,12,13,15,15,16,16,17,18,19,20,21,21,22,25
-15040002834648,-00004d41-3200-0400-0000-00000056ebc9,60,7,53.69,33.54893,-7.68184,4,16:00-21:00,1,15.0,16.0,12.1,5.9,15.95,12.08,1.03,51,8.74,5,7,8,9,9,11,13,15,15,16,17,17,18,18,19,19,21,22,25
-15040004977084,-00004d41-3200-0400-0000-00000056ebca,60,7,38.58,33.5491,-7.6813,4,16:00-21:00,1,16.1,16.0,12.7,7.0,10.9,8.68,1.09,95,6.48,5,7,9,9,11,12,13,15,16,16,17,18,19,20,21,21,22,24,27
-15040004995085,-00004d41-3200-0400-0000-00000056ebd0,60,7,27.76,33.54814,-7.68277,4,16:00-21:00,1,18.5,19.0,13.7,7.8,7.3,5.26,1.05,148,7.35,6,8,10,12,13,15,17,17,18,19,20,20,21,21,23,24,25,27,33
-15040003889653,-00004d41-3200-0400-0000-00000056ebd5,60,7,30.66,33.54837,-7.6829,4,16:00-21:00,1,20.1,20.0,15.8,7.8,7.01,5.52,1.0,141,5.29,8,9,12,13,17,17,18,19,20,20,21,21,22,23,25,25,28,29,33
-15040003780182,-00004d41-3200-0400-0000-00000056ebdc,60,7,29.95,33.54885,-7.68313,4,16:00-21:00,1,20.5,20.0,16.9,7.4,6.4,5.39,1.0,138,4.34,8,11,13,16,17,18,18,19,20,20,21,21,23,24,25,25,28,29,35
-15040003889657,-00004d41-3200-0400-0000-00000056ebdd,60,7,27.66,33.54862,-7.68302,4,16:00-21:00,1,19.9,20.0,15.9,7.7,6.28,4.98,1.02,148,4.39,7,9,12,13,16,17,18,18,19,20,21,21,22,23,25,25,27,28,33
-15040002834649,-00004d41-3200-0400-0000-00000056ebe1,60,7,30.57,33.5493,-7.68345,4,16:00-21:00,1,20.4,20.0,16.6,7.5,6.64,5.5,1.01,140,4.51,8,9,13,14,17,17,18,19,20,20,21,21,23,24,25,25,27,28,33
-15040003889676,-00004d41-3200-0400-0000-00000056ebed,60,4,59.01,33.54722,-7.68132,4,16:00-21:00,1,24.5,25.0,20.1,7.2,10.59,8.5,1.04,2955,11.28,13,16,18,19,20,22,22,23,24,25,25,26,27,28,29,30,31,33,36
-15040003878268,-00004d41-3200-0400-0000-00000056ebee,60,7,8.57,33.5477,-7.68103,4,16:00-21:00,1,17.2,15.0,4.7,14.2,6.54,2.06,2.0,161,24.04,2,3,5,7,8,10,11,13,14,15,16,18,20,21,22,24,26,28,40
-15040004995104,-00004d41-3200-0400-0000-00000056ebf0,60,7,33.33,33.54801,-7.68123,4,16:00-21:00,1,16.3,16.0,13.4,6.7,8.96,7.5,1.05,69,4.51,7,8,8,10,11,11,13,15,16,16,17,19,19,20,21,22,23,26,26
-15040002834663,-00004d41-3200-0400-0000-00000056ebf1,60,7,30.73,33.54776,-7.68107,4,16:00-21:00,1,17.1,16.0,9.7,12.2,11.43,6.91,0.88,75,23.44,5,7,8,10,11,12,13,14,16,16,17,17,18,19,20,22,24,26,29
-15040003780180,-00004d41-3200-0400-0000-00000056ebf4,60,7,13.57,33.54809,-7.6829,4,16:00-21:00,1,17.0,17.0,12.8,7.4,3.81,2.87,0.85,155,3.41,6,8,9,11,12,13,15,16,16,17,17,18,19,20,21,21,23,25,29
-15040004644558,-00004d41-3200-0400-0000-00000056ebf7,60,7,31.95,33.54868,-7.68167,4,16:00-21:00,1,15.0,16.0,12.1,5.9,9.49,7.19,1.16,51,5.2,5,7,8,9,9,11,13,15,15,16,17,17,18,18,19,19,21,22,25
-15040004995116,-00004d41-3200-0400-0000-00000056ebf8,60,7,19.31,33.54852,-7.68157,4,16:00-21:00,1,15.6,16.0,12.5,6.7,5.58,4.34,1.06,70,3.13,5,7,8,9,9,11,13,15,15,16,17,17,18,18,19,20,22,23,26
-15040002834674,-00004d41-3200-0400-0000-00000056ebf9,60,7,17.04,33.54901,-7.68069,4,16:00-21:00,1,19.0,18.0,11.7,9.2,5.24,3.41,1.19,30,6.54,3,7,10,11,13,14,15,15,17,18,20,21,22,22,25,26,29,30,35
-15040003780200,-00004d41-3200-0400-0000-00000056ebfc,60,7,11.46,33.54843,-7.68151,4,16:00-21:00,1,15.6,16.0,12.5,6.7,3.31,2.58,1.07,70,1.86,5,7,8,9,9,11,13,15,15,16,17,17,18,18,19,20,22,23,26
-15040003889683,-00004d41-3200-0400-0000-00000056ebfd,60,7,20.54,33.54827,-7.68141,4,16:00-21:00,1,15.6,16.0,12.6,6.6,5.89,4.62,1.12,73,3.27,5,7,8,9,10,11,13,15,15,16,17,17,18,19,19,20,22,23,26
-15040004094810,-00004d41-3200-0400-0000-00000056ec06,60,7,43.96,33.54926,-7.68418,4,16:00-21:00,1,19.4,17.0,7.5,14.9,21.25,9.31,1.48,48,40.71,2,3,7,10,11,11,13,14,17,17,18,19,21,22,24,25,28,31,57
-15040003780000,-00004d41-3200-0400-0000-00000056ec0c,60,7,33.79,33.54815,-7.68376,4,16:00-21:00,1,16.8,17.0,10.4,10.5,11.74,7.16,1.01,50,12.29,3,6,7,8,10,11,11,12,15,17,17,18,20,20,21,23,24,28,28
-15040004094814,-00004d41-3200-0400-0000-00000056ec16,60,5,42.88,33.55,-7.68419,4,16:00-21:00,1,26.4,26.0,21.7,8.0,7.11,5.94,1.03,1460,7.93,14,18,20,21,22,23,24,25,26,26,27,28,29,30,30,32,33,35,38
-15040004644375,-00004d41-3200-0400-0000-00000056ec17,60,5,51.57,33.54959,-7.68444,4,16:00-21:00,1,29.2,29.0,24.1,9.6,7.72,6.4,1.02,1439,7.88,15,19,19,21,23,25,26,27,28,29,30,31,32,33,35,37,37,40,45
-15040005849842,-00004d41-3200-0400-0000-00000056ec22,60,7,12.1,33.54921,-7.68627,4,16:00-21:00,1,18.2,14.0,10.5,12.6,4.16,3.11,0.93,94,4.96,3,7,8,9,10,11,12,12,14,14,17,19,21,22,24,26,29,31,42
-15040006413590,-00004d41-3200-0400-0000-00000056ec23,60,7,36.92,33.54954,-7.68622,4,16:00-21:00,1,15.5,14.0,10.4,11.1,12.8,9.49,1.14,84,10.29,4,6,7,9,10,11,12,12,12,14,15,15,16,18,19,21,22,25,27
-15040004995151,-00004d41-3200-0400-0000-00000056ec28,60,5,37.26,33.54866,-7.68497,4,16:00-21:00,1,19.3,19.0,16.1,7.2,8.32,7.06,1.04,1359,6.39,9,11,13,14,15,16,17,17,18,19,20,20,21,22,23,24,25,27,30
-15040002834461,-00004d41-3200-0400-0000-00000056ec29,60,7,10.3,33.54857,-7.68502,4,16:00-21:00,1,16.9,16.0,10.1,10.6,3.68,2.32,0.92,476,3.47,3,5,6,7,9,10,12,13,15,16,17,19,20,22,23,25,27,30,33
-15040006074827,-00004d41-3200-0400-0000-00000056ec30,60,4,37.32,33.5485,-7.68462,4,16:00-21:00,1,23.3,23.0,18.7,8.5,7.2,5.84,1.02,2781,6.83,9,12,15,17,18,19,20,21,22,23,24,25,26,27,28,30,31,33,37
-15040002834579,-00004d41-3200-0400-0000-00000056ec31,60,4,88.29,33.54815,-7.68376,4,16:00-21:00,1,30.1,31.0,25.3,8.3,12.56,10.25,1.01,2711,12.37,15,20,22,24,25,27,28,29,30,31,32,32,33,34,35,37,38,40,43
-15040006413685,-00004d41-3200-0400-0000-00000056ec33,60,7,30.79,33.54788,-7.6831,4,16:00-21:00,1,16.0,16.0,10.8,7.0,10.26,6.93,1.14,154,10.78,3,7,9,10,12,13,14,15,16,16,17,17,18,19,20,21,22,25,29
-15040003780115,-00004d41-3200-0400-0000-00000056ec34,60,7,8.15,33.54781,-7.68315,4,16:00-21:00,1,12.8,12.0,6.7,7.7,4.38,2.44,1.14,78,5.65,2,3,4,5,7,8,8,10,11,12,13,14,15,16,18,21,23,23,25
-15040002834595,-00004d41-3200-0400-0000-00000056ec41,60,7,89.47,33.54964,-7.68801,4,16:00-21:00,1,15.8,15.0,12.7,7.2,25.45,21.47,1.12,44,15.87,4,9,10,11,12,13,14,14,14,15,16,16,17,17,18,21,21,24,27
-15040004644508,-00004d41-3200-0400-0000-00000056ec4f,60,7,41.3,33.55108,-7.68814,4,16:00-21:00,1,19.1,18.0,15.4,7.9,9.65,8.26,1.01,144,5.8,8,10,11,12,14,15,16,17,18,18,19,20,21,22,24,25,28,30,33
-15040006413717,-00004d41-3200-0400-0000-00000056ec5b,60,7,13.68,33.55049,-7.6876,4,16:00-21:00,1,14.7,14.0,12.6,6.7,3.91,3.52,1.07,35,1.73,7,9,10,10,11,12,13,13,13,14,14,14,15,16,17,17,19,20,21
-15040004094821,-00004d41-3200-0400-0000-00000056ec5e,60,7,11.8,33.55079,-7.68788,4,16:00-21:00,1,14.1,14.0,12.4,4.6,3.42,3.03,1.09,30,1.53,7,9,10,10,11,12,13,13,13,14,14,14,15,16,17,17,18,20,21
-15040004995166,-00004d41-3200-0400-0000-00000056ec60,60,7,11.87,33.55117,-7.68717,4,16:00-21:00,1,19.7,20.0,16.6,6.5,2.58,2.14,0.93,72,1.63,8,13,14,15,16,17,19,20,20,20,21,21,22,22,23,24,25,25,27
-15040004977147,-00004d41-3200-0400-0000-00000056ec62,60,7,11.0,33.55043,-7.68678,4,16:00-21:00,1,17.0,18.0,13.4,6.9,2.96,2.2,1.12,32,1.92,6,7,8,12,13,14,15,17,17,18,18,18,18,19,20,22,25,26,28
-15040004094832,-00004d41-3200-0400-0000-00000056ec7e,60,7,18.52,33.55036,-7.68747,4,16:00-21:00,1,14.3,13.0,12.3,6.7,5.42,5.13,1.12,36,2.3,7,9,10,10,10,11,12,13,13,13,14,14,14,16,16,17,18,20,21
-15040004644935,-00004d41-3200-0400-0000-00000056ec7f,60,7,22.74,33.55019,-7.68734,4,16:00-21:00,1,14.3,13.0,12.3,6.7,6.65,6.3,1.12,36,2.83,7,9,10,10,10,11,12,13,13,13,14,14,14,16,16,17,18,20,21
-15040004995207,-00004d41-3200-0400-0000-00000056ec80,60,7,28.9,33.55064,-7.68689,4,16:00-21:00,1,19.6,20.0,16.6,6.3,6.26,5.2,0.92,80,3.85,7,13,14,15,16,17,19,19,20,20,21,21,21,22,23,23,24,25,27
-15040002835450,-00004d41-3200-0400-0000-00000056ec81,60,7,25.22,33.55043,-7.68678,4,16:00-21:00,1,19.5,20.0,16.5,6.3,5.49,4.54,0.92,80,3.36,7,13,14,15,16,17,19,19,20,20,21,21,21,22,22,23,24,25,27
-15040003889559,-00004d41-3200-0400-0000-00000056ec8d,60,6,25.91,33.55253,-7.68871,4,16:00-21:00,1,20.1,20.0,16.9,6.2,5.51,4.66,1.02,126,4.21,10,13,14,16,17,18,19,19,20,20,21,21,22,22,23,25,26,27,31
-15040004644940,-00004d41-3200-0400-0000-00000056ec8f,60,6,42.96,33.55289,-7.68889,4,16:00-21:00,1,20.3,20.0,17.9,6.0,8.65,7.73,0.97,125,4.31,10,13,15,16,18,18,19,19,20,20,21,21,22,22,23,25,26,27,31
-15040005395568,-00004d41-3200-0400-0000-00000056ec93,60,7,46.38,33.55274,-7.68935,4,16:00-21:00,1,18.6,18.0,17.1,5.0,9.77,9.28,0.84,65,3.23,10,12,14,15,15,16,17,17,18,18,19,19,21,22,22,23,24,24,26
-15040003889553,-00004d41-3200-0400-0000-00000056ec95,60,6,49.11,33.55232,-7.68861,4,16:00-21:00,1,19.0,19.0,15.7,6.0,11.24,9.31,0.99,232,8.41,8,11,13,15,16,17,18,18,19,19,20,20,21,22,22,23,24,26,28
-15040004977216,-00004d41-3200-0400-0000-00000056ecb2,60,7,31.33,33.55399,-7.68623,4,16:00-21:00,1,13.4,13.0,9.2,7.0,12.32,8.68,1.09,44,10.48,4,6,6,7,8,10,10,11,11,13,14,15,15,16,17,19,21,23,26
-15040004995279,-00004d41-3200-0400-0000-00000056ed18,60,4,98.66,33.54924,-7.68642,4,16:00-21:00,1,29.5,30.0,23.9,9.2,14.89,11.84,1.19,1689,14.57,13,18,20,22,24,25,26,28,29,30,31,33,34,35,36,37,38,40,44
-15040002835493,-00004d41-3200-0400-0000-00000056ed19,60,4,14.71,33.54921,-7.68627,4,16:00-21:00,1,36.9,37.0,29.6,12.2,1.79,1.43,1.12,1719,2.58,17,21,24,27,29,31,33,34,36,37,38,40,41,43,45,47,50,53,57
-15040004977247,-00004d41-3200-0400-0000-00000056ed1a,60,4,25.73,33.54911,-7.68602,4,16:00-21:00,1,35.8,36.0,29.0,12.6,3.2,2.57,0.96,1821,2.97,16,19,22,25,27,29,31,33,35,36,37,39,40,42,44,47,49,53,57
-15040006413701,-00004d41-3200-0400-0000-00000056ed1b,60,4,109.43,33.54866,-7.68497,4,16:00-21:00,1,28.0,28.0,24.5,7.5,16.06,14.07,1.02,1792,11.88,16,19,21,22,24,25,25,26,27,28,29,30,31,32,33,34,35,37,40
-15040004094851,-00004d41-3200-0400-0000-00000056ed1e,60,4,27.62,33.54804,-7.6835,4,16:00-21:00,1,30.2,31.0,24.2,9.0,4.11,3.21,0.95,2844,5.55,14,19,21,23,25,26,28,29,30,31,32,33,34,35,36,37,39,41,44
-15040004644978,-00004d41-3200-0400-0000-00000056ed1f,60,4,40.84,33.54788,-7.6831,4,16:00-21:00,1,29.3,29.0,22.6,9.6,6.51,5.07,0.94,2857,12.24,13,18,20,22,24,25,26,27,28,29,30,31,32,34,35,36,38,41,44
-15040004995283,-00004d41-3200-0400-0000-00000056ed20,60,4,29.52,33.54775,-7.68282,4,16:00-21:00,1,28.4,28.0,21.8,10.6,4.87,3.8,0.99,3067,6.01,11,16,18,20,22,23,25,26,27,28,29,31,32,33,35,36,39,41,46
-15040004977256,-00004d41-3200-0400-0000-00000056ed22,60,4,59.16,33.54751,-7.68226,4,16:00-21:00,1,28.8,28.0,23.1,10.0,9.22,7.61,1.01,3067,10.73,14,17,20,21,22,23,24,25,27,28,29,30,32,33,35,36,39,41,46
-15040006413691,-00004d41-3200-0400-0000-00000056ed23,60,4,66.55,33.54724,-7.68162,4,16:00-21:00,1,25.5,26.0,21.6,7.2,11.09,9.21,1.01,3165,10.75,13,17,19,21,22,23,24,25,25,26,26,27,28,29,29,30,32,34,37
-15040002539958,-00004d41-3200-0400-0000-00000056ed41,60,4,45.11,33.55648,-7.68301,4,16:00-21:00,1,21.3,20.0,12.5,12.7,13.04,8.12,0.91,2972,11.78,4,5,7,8,10,12,14,16,18,20,22,24,27,29,32,34,36,39,42
-15040004094863,-00004d41-3200-0400-0000-00000056ed6e,60,6,8.0,33.54505,-7.68563,4,16:00-21:00,1,17.1,17.0,9.1,8.0,3.18,1.69,1.09,2311,6.28,3,6,9,11,12,14,15,16,16,17,18,19,19,20,21,23,24,26,31
-15040004644853,-00004d41-3200-0400-0000-00000056ed6f,60,6,94.1,33.54506,-7.68463,4,16:00-21:00,1,13.0,9.8,8.4,9.2,40.57,34.57,1.36,2217,26.09,4,5,5,5,6,6,7,8,9,10,11,12,14,16,18,20,23,27,34
-15040002835364,-00004d41-3200-0400-0000-00000056ed71,60,7,12.65,33.54504,-7.68364,4,16:00-21:00,1,15.0,15.0,9.7,7.9,4.7,3.04,0.61,162,4.45,4,5,6,7,8,10,11,12,13,15,16,18,18,19,21,22,22,24,28
-15040006413976,-00004d41-3200-0400-0000-00000056ed8b,60,6,16.57,33.54612,-7.6821,4,16:00-21:00,1,21.8,21.0,17.7,7.6,3.37,2.84,1.14,2622,4.41,10,13,14,16,17,18,19,20,21,21,22,23,24,25,26,27,29,31,35
-15040003780779,-00004d41-3200-0400-0000-00000056ed8c,60,6,30.18,33.54636,-7.68194,4,16:00-21:00,1,23.8,24.0,19.4,7.9,5.6,4.53,1.12,2612,6.39,11,14,16,18,19,20,21,22,23,24,25,26,27,28,29,30,31,34,37
-15040004094866,-00004d41-3200-0400-0000-00000056ed8e,60,7,62.93,33.54641,-7.68123,4,16:00-21:00,1,16.2,13.0,7.2,12.1,31.34,17.43,1.18,42,56.35,3,4,7,7,8,9,10,10,12,13,16,17,18,18,19,23,26,28,34
-15040004644878,-00004d41-3200-0400-0000-00000056ed8f,60,7,87.59,33.54612,-7.6821,4,16:00-21:00,1,14.9,15.0,9.1,8.2,34.5,21.02,1.04,44,34.13,3,5,5,6,7,8,10,12,13,15,17,17,18,19,21,23,24,26,28
-15040004094869,-00004d41-3200-0400-0000-00000056ed96,60,7,52.05,33.54626,-7.68074,4,16:00-21:00,1,15.2,14.0,11.3,6.8,16.55,13.38,0.97,88,14.42,6,7,9,10,10,11,11,12,13,14,15,17,18,19,20,21,22,24,28
-15040004644882,-00004d41-3200-0400-0000-00000056ed97,60,7,33.27,33.54613,-7.68106,4,16:00-21:00,1,23.3,23.0,19.1,9.1,6.28,5.21,1.05,91,3.62,9,12,13,15,17,19,19,21,22,23,24,26,27,28,29,31,32,35,40
-15040004995295,-00004d41-3200-0400-0000-00000056ed98,60,6,45.29,33.54579,-7.67987,4,16:00-21:00,1,25.4,25.0,19.7,9.7,8.3,6.52,1.09,2079,10.79,10,13,15,17,19,20,21,23,24,25,26,28,29,30,31,32,35,37,42
-15040002835384,-00004d41-3200-0400-0000-00000056ed99,60,6,83.16,33.54647,-7.68024,4,16:00-21:00,1,22.1,22.0,18.7,6.5,15.99,13.61,1.08,2108,12.89,11,15,16,17,18,19,20,20,21,22,23,24,25,26,26,27,28,30,32
-15040006413965,-00004d41-3200-0400-0000-00000056ed9b,60,7,10.36,33.54609,-7.68116,4,16:00-21:00,1,23.4,23.0,19.2,9.1,1.95,1.62,1.05,91,1.13,9,12,13,15,17,19,20,21,22,23,24,26,27,28,29,31,32,35,40
-15040004094877,-00004d41-3200-0400-0000-00000056eda6,60,6,18.9,33.54551,-7.68264,4,16:00-21:00,1,29.7,31.0,25.2,8.3,2.7,2.19,1.06,2538,3.1,14,18,21,24,26,27,28,29,30,31,32,33,33,34,35,36,37,38,41
-15040004995300,-00004d41-3200-0400-0000-00000056eda8,60,7,195.28,33.54499,-7.68095,4,16:00-21:00,1,20.8,21.0,18.8,5.7,37.4,33.48,1.1,88,14.76,9,14,15,17,17,18,19,20,20,21,22,22,23,24,24,25,27,28,29
-15040002835230,-00004d41-3200-0400-0000-00000056eda9,60,7,38.09,33.5451,-7.68056,4,16:00-21:00,1,18.3,19.0,15.3,6.5,8.94,7.22,1.1,151,4.61,7,8,10,12,14,15,16,17,18,19,20,20,21,22,23,24,25,26,28
-15040004977312,-00004d41-3200-0400-0000-00000056edaa,60,7,43.76,33.54464,-7.68321,4,16:00-21:00,1,17.5,17.0,16.1,5.0,9.79,9.27,1.0,83,3.09,10,12,12,13,14,15,16,16,16,17,18,18,19,21,21,22,22,23,26
-15040003780715,-00004d41-3200-0400-0000-00000056edac,60,7,217.68,33.54464,-7.68321,4,16:00-21:00,1,15.6,15.0,13.7,5.4,57.36,52.24,0.95,58,24.32,8,9,10,11,12,13,13,14,15,15,17,17,17,18,19,19,20,22,25
-15040003890041,-00004d41-3200-0400-0000-00000056edad,60,7,19.9,33.54478,-7.68336,4,16:00-21:00,1,16.7,17.0,15.0,5.2,4.77,4.21,0.94,141,1.82,9,11,12,12,13,14,15,15,16,17,17,18,19,19,20,21,22,22,25
-15040004094881,-00004d41-3200-0400-0000-00000056edae,60,7,26.45,33.54495,-7.68355,4,16:00-21:00,1,16.4,16.0,13.2,6.6,7.2,5.95,0.88,179,4.89,6,8,9,11,12,12,13,14,15,16,17,18,18,20,21,22,22,24,27
-15040002835315,-00004d41-3200-0400-0000-00000056edb1,60,7,90.62,33.54392,-7.6843,4,16:00-21:00,1,18.5,18.0,16.1,5.7,20.27,18.12,1.15,143,10.42,9,12,14,14,15,16,17,17,18,18,19,20,21,21,22,23,24,25,28
-15040006413912,-00004d41-3200-0400-0000-00000056edb3,60,7,19.1,33.54465,-7.68349,4,16:00-21:00,1,18.0,18.0,15.8,5.5,4.35,3.82,1.18,171,2.08,9,11,13,14,15,15,16,17,17,18,19,19,19,21,21,23,24,25,28
-15040003780707,-00004d41-3200-0400-0000-00000056edb4,60,7,24.16,33.54449,-7.68367,4,16:00-21:00,1,18.5,18.0,16.1,5.7,5.39,4.83,1.15,143,2.77,9,12,14,14,15,16,17,17,18,18,19,20,21,21,22,23,24,25,28
-15040006413900,-00004d41-3200-0400-0000-00000056edc3,60,7,80.2,33.54351,-7.68502,4,16:00-21:00,1,18.9,19.0,17.1,5.2,16.93,15.2,1.07,159,7.38,10,13,14,15,16,17,17,17,18,19,19,20,21,22,22,23,24,25,28
-15040004094888,-00004d41-3200-0400-0000-00000056edc6,60,7,32.73,33.54404,-7.68267,4,16:00-21:00,1,17.2,17.0,15.8,4.8,7.47,6.93,1.04,87,2.42,9,11,12,13,14,15,15,16,16,17,17,18,19,20,21,22,22,23,25
-15040004644798,-00004d41-3200-0400-0000-00000056edc7,60,7,40.25,33.54434,-7.68291,4,16:00-21:00,1,17.5,17.0,16.1,5.0,9.0,8.52,1.0,83,2.85,10,12,12,13,14,15,16,16,16,17,18,18,19,21,21,22,22,23,26
-15040002835267,-00004d41-3200-0400-0000-00000056ede9,60,6,34.16,33.54288,-7.68021,4,16:00-21:00,1,13.1,12.0,11.7,4.4,10.51,10.25,1.08,63,3.95,7,8,9,9,10,10,11,12,12,12,13,14,14,15,16,17,17,19,22
-15040004977335,-00004d41-3200-0400-0000-00000056edea,60,6,129.25,33.54367,-7.67919,4,16:00-21:00,1,13.1,12.0,11.7,4.4,39.75,38.78,1.08,63,14.94,7,8,9,9,10,10,11,12,12,12,13,14,14,15,16,17,17,19,22
-15040004644924,-00004d41-3200-0400-0000-00000056ee0f,60,6,100.85,33.54541,-7.67969,4,16:00-21:00,1,20.4,20.0,15.2,8.7,23.95,18.15,1.19,2026,19.91,6,9,11,13,14,16,17,18,19,20,21,23,24,25,26,27,29,32,36
-15040002835438,-00004d41-3200-0400-0000-00000056ee11,60,7,104.26,33.54569,-7.68218,4,16:00-21:00,1,23.6,23.0,19.2,9.2,19.51,16.32,1.04,92,11.34,9,12,13,15,17,19,20,21,23,23,24,26,27,28,29,31,34,35,40
-15040004977354,-00004d41-3200-0400-0000-00000056ee12,60,7,19.59,33.54571,-7.68239,4,16:00-21:00,1,22.0,22.0,17.5,9.1,4.03,3.21,1.03,129,2.5,9,10,11,13,15,17,19,19,21,22,23,24,25,26,28,30,32,34,37
-15040004995333,-00004d41-3200-0400-0000-00000056ee28,60,7,50.64,33.54343,-7.68215,4,16:00-21:00,1,15.4,15.0,13.5,5.4,13.47,12.15,1.17,37,5.49,7,9,10,12,13,13,13,14,14,15,16,16,16,17,18,18,19,23,28
-15040003780912,-00004d41-3200-0400-0000-00000056ee2c,60,6,72.39,33.54218,-7.68111,4,16:00-21:00,1,14.1,14.0,12.4,4.9,21.08,18.61,1.06,82,8.6,7,8,9,10,10,11,12,12,13,14,14,15,16,16,17,18,20,22,23
-15040004995338,-00004d41-3200-0400-0000-00000056ee30,60,7,39.28,33.54314,-7.68191,4,16:00-21:00,1,15.3,15.0,13.4,5.4,10.54,9.43,1.17,38,4.24,7,9,10,11,13,13,13,14,14,15,15,16,16,17,18,18,19,23,28
-15040004977373,-00004d41-3200-0400-0000-00000056ee32,60,7,78.97,33.54314,-7.68191,4,16:00-21:00,1,19.2,19.0,18.2,4.2,15.63,14.96,0.86,45,4.19,12,15,16,16,17,17,17,18,19,19,19,20,21,22,22,22,24,25,26
-15040003781373,-00004d41-3200-0400-0000-00000056ee44,60,7,38.73,33.54267,-7.68255,4,16:00-21:00,1,18.7,19.0,17.2,4.7,8.09,7.34,0.93,48,2.92,10,12,15,16,16,17,17,17,18,19,19,20,20,21,22,22,24,25,26
-15040004094911,-00004d41-3200-0400-0000-00000056ee46,60,6,39.81,33.54173,-7.68166,4,16:00-21:00,1,14.1,14.0,12.4,4.9,11.59,10.24,1.06,82,4.73,7,8,9,10,10,11,12,12,13,14,14,15,16,16,17,18,20,22,23
-15040004995352,-00004d41-3200-0400-0000-00000056ee48,60,7,46.45,33.54201,-7.68337,4,16:00-21:00,1,13.3,13.0,8.7,5.5,19.14,12.86,1.09,53,30.26,6,6,7,9,9,10,10,11,12,13,15,16,16,17,17,18,19,20,22
-15040002835514,-00004d41-3200-0400-0000-00000056ee49,60,7,66.85,33.54243,-7.68285,4,16:00-21:00,1,19.1,19.0,17.4,4.8,13.85,12.67,1.01,45,5.37,9,12,15,16,17,17,17,18,19,19,20,20,21,22,22,23,24,25,26
-15040003890082,-00004d41-3200-0400-0000-00000056ee6d,60,5,23.49,33.54153,-7.67843,4,16:00-21:00,1,25.9,25.0,20.1,10.3,4.2,3.38,1.03,1326,3.9,10,13,16,17,19,21,22,23,24,25,27,28,29,30,32,33,36,39,44
-15040006413961,-00004d41-3200-0400-0000-00000056ee73,60,6,95.22,33.54276,-7.67802,4,16:00-21:00,1,20.8,20.0,16.1,8.3,21.34,17.14,1.16,1972,20.11,8,11,12,14,15,16,17,19,20,20,21,22,23,25,26,27,29,32,35
-15040003781216,-00004d41-3200-0400-0000-00000056ee74,60,6,61.66,33.54324,-7.67834,4,16:00-21:00,1,24.4,25.0,18.7,8.6,11.86,8.88,1.1,1953,13.81,9,13,16,18,19,21,22,23,24,25,26,26,27,28,30,31,33,35,38
-15040004094925,-00004d41-3200-0400-0000-00000056ee76,60,7,47.85,33.54296,-7.67757,4,16:00-21:00,1,9.3,7.7,5.5,6.0,31.53,22.37,0.7,54,29.4,2,3,4,4,5,5,6,6,7,8,9,10,11,11,12,14,15,18,22
-15040004995417,-00004d41-3200-0400-0000-00000056eed0,18,7,41.07,33.53973,-7.68211,4,16:00-21:00,1,16.1,14.0,10.3,15.5,14.41,10.56,0.95,33,12.29,6,7,7,7,8,9,10,11,13,14,15,15,16,17,18,19,21,22,35
-15040002835694,-00004d41-3200-0400-0000-00000056eed1,60,6,41.52,33.5412,-7.6823,4,16:00-21:00,1,13.7,13.0,10.4,5.4,14.41,11.5,1.22,66,16.1,7,7,8,9,10,10,12,12,13,13,14,15,15,16,16,17,21,22,23
-15040004977432,-00004d41-3200-0400-0000-00000056eed2,60,6,43.5,33.54147,-7.68197,4,16:00-21:00,1,14.0,13.0,12.3,4.9,12.78,12.05,1.05,80,5.18,7,8,9,9,10,11,12,12,13,13,14,15,15,16,16,18,19,22,23
-15040006413846,-00004d41-3200-0400-0000-00000056eed3,18,7,67.08,33.54033,-7.68119,4,16:00-21:00,1,13.5,14.0,7.0,6.9,34.29,17.25,1.02,35,64.14,3,5,5,7,9,10,11,12,14,14,15,15,15,16,17,17,19,21,25
-15040003781107,-00004d41-3200-0400-0000-00000056eed4,18,7,44.64,33.54,-7.68091,4,16:00-21:00,1,13.8,13.0,9.9,6.2,16.3,12.36,1.07,66,17.06,4,6,8,9,10,10,11,11,12,13,14,15,15,16,17,19,22,22,25
-15040004094947,-00004d41-3200-0400-0000-00000056eed6,18,7,53.44,33.54055,-7.68228,4,16:00-21:00,1,12.3,12.0,7.5,5.8,25.64,16.03,1.0,40,40.44,3,6,6,7,8,9,10,10,11,12,13,13,14,14,15,17,17,19,22
-15040002835689,-00004d41-3200-0400-0000-00000056eee1,60,7,52.35,33.5448,-7.67872,4,16:00-21:00,1,16.2,19.0,10.3,7.0,18.38,9.92,0.97,43,20.65,4,5,7,9,10,13,15,17,19,19,19,19,19,21,22,22,23,23,25
-15040004977444,-00004d41-3200-0400-0000-00000056eee2,60,7,31.22,33.54455,-7.67856,4,16:00-21:00,1,16.1,19.0,10.2,7.1,11.04,5.92,0.94,43,12.3,4,5,7,9,10,12,13,16,19,19,19,19,19,22,22,22,23,23,25
-15040004645163,-00004d41-3200-0400-0000-00000056eee7,60,7,106.56,33.54529,-7.68279,4,16:00-21:00,1,18.8,19.0,15.9,6.0,24.09,20.19,1.21,38,13.48,6,8,12,15,16,17,17,18,19,19,20,20,21,22,22,23,25,27,30
-15040004094955,-00004d41-3200-0400-0000-00000056eeee,60,6,45.3,33.54127,-7.67703,4,16:00-21:00,1,29.9,31.0,19.3,12.5,8.47,5.26,1.02,1852,16.47,10,15,16,19,21,23,26,28,29,31,32,33,34,35,37,39,42,45,51
-15040004645186,-00004d41-3200-0400-0000-00000056eeef,60,6,93.59,33.542,-7.67753,4,16:00-21:00,1,22.5,23.0,17.2,7.6,19.56,14.65,1.05,1849,25.48,8,13,16,17,18,19,20,21,22,23,24,25,25,26,27,29,30,31,34
-15040004977449,-00004d41-3200-0400-0000-00000056eef2,60,5,112.09,33.54129,-7.67883,4,16:00-21:00,1,24.3,24.0,19.6,8.9,20.56,16.81,1.08,1152,15.33,10,13,15,17,18,20,21,22,23,24,26,27,27,28,30,31,33,35,38
-15040006413864,-00004d41-3200-0400-0000-00000056eef3,60,5,21.64,33.5414,-7.67864,4,16:00-21:00,1,25.7,26.0,18.9,10.6,4.13,3.0,1.08,1299,5.4,9,12,15,17,18,20,22,23,24,26,27,28,29,30,32,34,36,39,44
-15040004094964,-00004d41-3200-0400-0000-00000056ef06,60,7,51.5,33.54091,-7.67851,4,16:00-21:00,1,13.9,13.0,8.3,10.7,22.25,14.26,1.3,34,25.94,3,6,7,7,8,9,9,11,12,13,13,13,14,14,15,16,17,20,45
-15040004977464,-00004d41-3200-0400-0000-00000056ef22,60,7,27.18,33.5405,-7.67707,4,16:00-21:00,1,15.2,14.0,11.6,6.8,8.41,6.99,1.01,35,6.88,6,9,9,9,11,11,11,12,12,14,15,16,16,18,19,21,22,23,32
-15040006414065,-00004d41-3200-0400-0000-00000056ef23,60,7,35.88,33.54022,-7.67687,4,16:00-21:00,1,15.1,14.0,11.4,7.1,11.33,9.23,1.06,30,8.66,5,8,9,9,11,11,11,12,13,14,14,15,16,16,19,21,23,23,32
-15040003890205,-00004d41-3200-0400-0000-00000056ef25,60,7,41.61,33.54072,-7.67889,4,16:00-21:00,1,16.0,13.0,8.7,11.8,17.23,11.52,1.28,30,22.2,3,5,7,8,8,9,9,10,12,13,16,16,17,18,19,21,26,26,45
-15040004977471,-00004d41-3200-0400-0000-00000056ef2a,60,5,54.56,33.5403,-7.68044,4,16:00-21:00,1,20.2,20.0,12.4,10.7,15.83,9.82,1.46,1126,15.9,4,6,8,10,12,14,16,17,19,20,22,23,24,26,27,29,31,33,39
-15040006414093,-00004d41-3200-0400-0000-00000056ef2b,60,5,73.96,33.54071,-7.67982,4,16:00-21:00,1,22.7,24.0,17.0,9.2,15.69,11.09,1.2,1162,13.28,7,10,12,14,17,18,20,21,22,24,25,26,27,28,28,30,31,33,37
-15040003890217,-00004d41-3200-0400-0000-00000056ef35,60,5,46.59,33.53971,-7.68137,4,16:00-21:00,1,8.9,6.2,5.3,7.0,31.74,27.05,1.15,1085,20.74,3,3,3,3,3,4,4,5,5,6,7,9,10,11,13,15,17,19,22
-15040004094977,-00004d41-3200-0400-0000-00000056ef36,60,5,53.01,33.54,-7.68091,4,16:00-21:00,1,13.1,11.0,7.2,9.3,26.55,17.35,1.45,1058,22.6,3,3,4,4,5,6,7,8,10,11,13,14,16,18,19,21,23,26,30
-15040003890155,-00004d41-3200-0400-0000-00000056ef3d,60,7,42.37,33.5388,-7.67959,4,16:00-21:00,1,15.8,15.0,11.1,7.3,13.73,10.17,0.97,84,13.33,4,6,9,11,12,13,14,14,15,15,16,17,18,19,20,21,22,25,26
-15040004094981,-00004d41-3200-0400-0000-00000056ef3e,60,7,36.09,33.53991,-7.68055,4,16:00-21:00,1,12.9,11.0,7.9,9.9,16.42,11.81,0.7,54,21.75,3,6,7,7,9,9,10,10,11,11,12,13,14,14,14,16,17,20,24
-15040004995543,-00004d41-3200-0400-0000-00000056ef68,60,6,42.59,33.54358,-7.67856,4,16:00-21:00,1,21.4,22.0,16.5,7.0,9.31,6.97,1.07,2023,11.67,8,12,14,16,17,18,19,20,21,22,23,23,24,25,26,27,28,30,32
-15040004995560,-00004d41-3200-0400-0000-00000056efa0,60,4,68.94,33.54863,-7.68024,4,16:00-21:00,1,32.1,32.0,26.4,10.4,9.41,7.76,1.0,3035,9.94,15,19,22,24,25,27,28,30,31,32,33,34,35,37,39,40,43,46,49
-15040002835789,-00004d41-3200-0400-0000-00000056efa1,60,4,130.15,33.5477,-7.68103,4,16:00-21:00,1,26.0,26.0,22.6,6.6,20.7,18.02,1.02,2907,14.91,14,18,20,22,23,24,24,25,26,26,27,28,28,29,30,31,32,34,36
-15040006414373,-00004d41-3200-0400-0000-00000056efab,60,7,30.18,33.54874,-7.67905,4,16:00-21:00,1,15.6,11.0,7.5,16.9,14.45,9.88,0.92,51,18.86,3,6,6,7,7,8,8,10,10,11,12,13,14,14,14,15,19,26,69
-15040004995569,-00004d41-3200-0400-0000-00000056efb0,60,7,36.53,33.54743,-7.68079,4,16:00-21:00,1,21.2,18.0,9.6,19.2,13.74,7.31,0.83,33,19.25,2,6,7,8,11,11,14,15,16,18,18,19,20,21,22,26,33,44,61
-15040006414380,-00004d41-3200-0400-0000-00000056efb3,60,7,26.83,33.54768,-7.67998,4,16:00-21:00,1,16.6,16.0,12.5,8.2,7.73,6.04,0.88,33,4.94,5,6,7,10,12,13,14,15,15,16,18,19,19,20,20,21,22,24,37
-15040004645228,-00004d41-3200-0400-0000-00000056efc7,60,6,8.93,33.54365,-7.6786,4,16:00-21:00,1,18.7,19.0,13.7,6.7,2.34,1.69,0.93,2041,4.97,7,10,12,13,15,16,17,17,18,19,20,20,21,22,23,24,25,27,29
-15040004995595,-00004d41-3200-0400-0000-00000056efc8,60,6,37.94,33.54396,-7.67879,4,16:00-21:00,1,16.9,17.0,12.8,6.4,10.7,8.03,1.05,2015,12.64,6,9,10,12,12,14,15,15,16,17,18,19,19,20,21,22,23,25,27
-15040002835766,-00004d41-3200-0400-0000-00000056efc9,60,7,15.8,33.54442,-7.67848,4,16:00-21:00,1,15.6,19.0,9.7,7.4,5.88,2.99,1.0,44,6.28,4,4,6,7,9,10,13,15,17,19,19,19,19,20,22,22,23,23,25
-15040004977543,-00004d41-3200-0400-0000-00000056efca,60,7,27.22,33.5442,-7.67836,4,16:00-21:00,1,13.6,14.0,6.8,7.3,14.43,7.0,1.33,41,21.8,2,4,6,7,8,9,10,11,13,14,16,16,17,17,19,20,21,23,25
-15040006414346,-00004d41-3200-0400-0000-00000056efcb,60,6,30.64,33.5442,-7.67894,4,16:00-21:00,1,14.4,14.0,9.8,7.2,11.28,7.88,1.35,1931,15.37,4,6,6,8,9,10,11,12,13,14,15,16,18,18,20,21,22,24,26
-15040003781141,-00004d41-3200-0400-0000-00000056efcc,60,6,5.72,33.54425,-7.67897,4,16:00-21:00,1,16.7,16.0,10.7,8.3,1.92,1.29,1.37,2056,3.85,5,6,8,9,11,12,13,14,15,16,18,19,19,20,21,23,24,26,31
-15040004645212,-00004d41-3200-0400-0000-00000056efcf,60,7,42.61,33.54477,-7.6772,4,16:00-21:00,1,17.8,18.0,14.0,8.8,10.97,8.52,1.19,211,9.5,7,10,12,13,14,15,16,16,17,18,18,19,19,20,21,21,22,25,28
-15040002835748,-00004d41-3200-0400-0000-00000056efd1,60,6,73.82,33.54627,-7.67706,4,16:00-21:00,1,16.3,16.0,14.1,5.5,18.85,16.61,1.06,1459,11.03,8,10,11,12,12,13,14,15,15,16,16,17,18,19,19,21,22,23,27
-15040004977552,-00004d41-3200-0400-0000-00000056efd2,60,6,30.22,33.54637,-7.67676,4,16:00-21:00,1,23.0,23.0,19.0,7.2,5.73,4.73,1.05,979,6.04,10,14,16,17,19,20,21,22,22,23,24,25,26,27,28,29,30,31,34
-15040006414353,-00004d41-3200-0400-0000-00000056efd3,60,6,69.8,33.545,-7.6765,4,16:00-21:00,1,22.8,23.0,19.3,6.8,13.01,10.93,0.96,321,8.69,10,14,16,18,19,20,21,22,22,23,24,25,26,26,27,28,29,31,33
-15040003781146,-00004d41-3200-0400-0000-00000056efd4,60,6,35.91,33.54511,-7.67613,4,16:00-21:00,1,23.8,24.0,20.3,6.8,6.36,5.39,1.04,332,4.36,10,15,18,19,20,21,22,23,24,24,25,26,27,27,28,29,30,32,35
-15040004645203,-00004d41-3200-0400-0000-00000056efe7,60,5,41.82,33.54243,-7.67662,4,16:00-21:00,1,26.1,26.0,20.3,9.3,7.42,5.79,1.06,1424,7.82,10,14,17,19,20,22,23,24,25,26,27,28,29,31,32,33,35,37,41
-15040004995611,-00004d41-3200-0400-0000-00000056efe8,60,5,48.08,33.54222,-7.67708,4,16:00-21:00,1,25.0,25.0,20.0,8.9,8.67,6.92,1.02,1387,7.92,10,14,16,18,20,21,22,23,24,25,26,27,28,29,30,32,33,35,40
-15040004995620,-00004d41-3200-0400-0000-00000056f000,60,7,44.48,33.54533,-7.67478,4,16:00-21:00,1,17.0,17.0,11.8,7.2,13.55,9.42,1.16,108,13.65,5,6,9,11,12,14,15,15,16,17,18,19,20,22,22,24,24,26,29
-15040004977577,-00004d41-3200-0400-0000-00000056f002,60,6,57.05,33.54697,-7.67501,4,16:00-21:00,1,25.1,25.0,21.4,7.3,9.59,8.22,1.05,1529,7.86,13,17,19,20,21,22,22,23,24,25,26,27,28,28,30,31,32,35,37
-15040003782088,-00004d41-3200-0400-0000-00000056f004,60,6,61.8,33.54536,-7.67411,4,16:00-21:00,1,22.2,23.0,16.8,7.1,13.26,9.67,1.19,397,18.24,8,14,15,17,18,19,20,21,22,23,23,24,25,26,27,28,29,30,33
-15040003890839,-00004d41-3200-0400-0000-00000056f005,60,6,72.25,33.54538,-7.67333,4,16:00-21:00,1,20.5,21.0,16.0,7.0,16.29,12.39,1.09,457,16.52,8,12,14,15,16,18,18,19,20,21,21,22,23,24,24,26,27,28,32
-15040004645371,-00004d41-3200-0400-0000-00000056f007,60,7,98.98,33.54596,-7.67512,4,16:00-21:00,1,16.8,17.0,11.5,7.2,30.92,20.96,1.19,117,28.25,3,5,8,10,13,14,15,15,16,17,19,20,20,21,22,22,24,26,28
-15040004995624,-00004d41-3200-0400-0000-00000056f008,60,7,32.88,33.54569,-7.67498,4,16:00-21:00,1,18.8,20.0,12.2,8.4,9.67,5.92,1.16,119,9.62,3,5,9,11,14,15,16,17,18,20,21,22,22,24,25,26,28,29,31
-15040004645337,-00004d41-3200-0400-0000-00000056f00f,60,6,8.02,33.54726,-7.67275,4,16:00-21:00,1,13.0,12.0,8.8,7.1,3.27,2.41,1.07,1568,2.99,3,5,6,7,8,9,10,11,11,12,13,14,15,16,17,19,20,22,25
-15040006076294,-00004d41-3200-0400-0000-00000056f010,60,7,8.3,33.54828,-7.6723,4,16:00-21:00,1,21.4,23.0,7.1,12.9,4.22,1.3,1.29,61,9.3,2,4,5,10,13,15,17,19,22,23,23,24,25,27,29,31,34,36,39
-15040002835903,-00004d41-3200-0400-0000-00000056f011,60,6,61.22,33.54716,-7.6721,4,16:00-21:00,1,15.8,15.0,13.0,6.6,17.02,14.69,1.07,1536,9.33,6,8,9,10,11,12,13,14,14,15,16,17,18,19,20,21,22,24,27
-15040004977590,-00004d41-3200-0400-0000-00000056f012,60,6,95.79,33.547,-7.67109,4,16:00-21:00,1,22.2,21.0,19.9,6.6,17.36,16.42,1.04,1570,7.8,13,15,16,17,18,19,19,20,21,21,22,23,24,25,26,27,29,31,34
-15040005949358,-00004d41-3200-0400-0000-00000056f016,60,4,31.03,33.5503,-7.67514,4,16:00-21:00,1,38.1,41.0,31.1,12.1,3.6,2.72,0.95,4926,4.27,15,19,23,27,31,35,37,38,39,41,42,43,44,45,46,47,49,51,55
-15040004645340,-00004d41-3200-0400-0000-00000056f017,60,4,46.2,33.55016,-7.67561,4,16:00-21:00,1,35.9,38.0,29.7,11.4,5.61,4.38,0.97,4858,4.98,15,19,22,26,29,32,34,36,37,38,39,40,41,42,43,45,46,48,52
-15040004977605,-00004d41-3200-0400-0000-00000056f022,60,6,79.54,33.54677,-7.67557,4,16:00-21:00,1,24.0,24.0,20.5,7.2,14.0,11.93,1.11,1568,10.53,12,16,18,19,20,21,22,22,23,24,24,25,26,27,28,29,31,33,36
-15040004645347,-00004d41-3200-0400-0000-00000056f027,60,6,67.38,33.54719,-7.67433,4,16:00-21:00,1,26.1,26.0,23.0,7.4,10.54,9.33,1.08,1552,6.73,14,18,19,20,22,23,24,24,25,26,27,28,29,30,31,32,33,35,38
-15040002836859,-00004d41-3200-0400-0000-00000056f029,60,7,55.18,33.54719,-7.67433,4,16:00-21:00,1,21.6,21.0,17.4,8.1,11.39,9.46,1.27,71,7.9,8,12,13,16,17,18,19,20,21,21,22,22,23,24,26,27,31,33,37
-15040003782215,-00004d41-3200-0400-0000-00000056f02c,60,6,64.11,33.54737,-7.67368,4,16:00-21:00,1,22.5,21.0,19.9,8.0,11.63,10.99,1.04,1583,5.71,13,15,16,17,18,18,19,20,20,21,21,22,23,24,25,27,30,34,39
-15040003890959,-00004d41-3200-0400-0000-00000056f02d,60,6,78.96,33.54727,-7.67284,4,16:00-21:00,1,19.1,19.0,16.7,5.6,17.0,14.96,1.04,1638,10.2,10,12,14,15,16,16,17,18,19,19,20,20,21,22,22,23,24,25,28
-15040003890814,-00004d41-3200-0400-0000-00000056f035,60,5,68.37,33.54666,-7.67294,4,16:00-21:00,1,21.9,22.0,17.4,7.8,14.12,11.19,1.0,1225,16.88,10,13,14,16,17,18,19,20,21,22,23,24,24,25,26,27,29,31,35
-15040005300394,-00004d41-3200-0400-0000-00000056f036,60,5,126.18,33.54554,-7.67315,4,16:00-21:00,1,25.4,26.0,20.1,8.0,22.66,17.47,1.01,1183,26.31,10,15,18,19,21,22,23,24,25,26,27,28,29,30,31,32,33,35,37
-15040004977616,-00004d41-3200-0400-0000-00000056f042,60,7,67.16,33.54284,-7.67634,4,16:00-21:00,1,18.7,19.0,15.3,6.2,15.78,12.73,1.34,115,10.38,7,8,13,14,16,17,18,18,19,19,19,20,21,21,23,23,24,27,28
-15040006414593,-00004d41-3200-0400-0000-00000056f043,60,7,29.8,33.54259,-7.67621,4,16:00-21:00,1,15.0,15.0,11.1,6.4,9.66,7.15,1.18,120,8.28,4,6,8,9,10,12,13,14,14,15,15,16,17,18,19,20,21,23,24
-15040004095048,-00004d41-3200-0400-0000-00000056f046,60,7,47.58,33.54113,-7.67633,4,16:00-21:00,1,19.8,20.0,15.1,7.2,11.35,8.56,0.92,32,9.43,5,11,11,16,17,17,18,18,19,20,22,23,23,24,24,25,26,27,31
-15040004095091,-00004d41-3200-0400-0000-00000056f047,60,3,48.9,33.5404,-7.67578,4,16:00-21:00,1,16.8,17.0,10.1,10.1,17.51,10.36,1.03,5406,14.05,4,4,5,6,7,8,10,13,15,17,18,20,21,22,24,26,28,30,34
-15040003782183,-00004d41-3200-0400-0000-00000056f04c,60,7,27.56,33.5447,-7.68432,4,16:00-21:00,1,18.6,16.0,14.5,11.3,6.84,6.2,1.05,347,3.53,8,9,10,11,12,13,14,15,15,16,17,18,19,20,21,22,24,27,49
-15040004095082,-00004d41-3200-0400-0000-00000056f053,60,5,53.19,33.54506,-7.67318,4,16:00-21:00,1,27.6,28.0,22.0,8.6,8.69,6.84,1.06,1398,14.16,13,17,19,21,23,24,25,26,27,28,29,30,31,32,33,35,36,38,41
-15040003782243,-00004d41-3200-0400-0000-00000056f054,60,5,22.11,33.54526,-7.67319,4,16:00-21:00,1,26.5,26.0,21.6,8.3,3.69,3.06,1.05,1414,4.8,14,17,19,20,21,23,24,25,25,26,27,28,29,30,32,33,34,36,40
-15040004983131,-00004d41-3200-0400-0000-00000056f06a,60,5,28.8,33.54281,-7.67313,4,16:00-21:00,1,35.2,36.0,29.5,11.4,3.52,2.88,0.97,1085,2.98,15,20,22,25,28,30,32,34,35,36,37,39,39,41,42,44,46,48,52
-15040004095062,-00004d41-3200-0400-0000-00000056f06e,60,5,17.85,33.54307,-7.67496,4,16:00-21:00,1,25.8,26.0,15.6,9.0,4.12,2.47,1.21,1451,16.01,11,15,17,19,21,22,23,24,25,26,27,28,29,30,31,32,34,36,40
-15040004095094,-00004d41-3200-0400-0000-00000056f06f,60,3,40.22,33.54112,-7.67382,4,16:00-21:00,1,35.6,37.0,30.7,10.0,4.71,3.91,0.86,5766,4.74,18,21,24,27,29,31,33,34,35,37,38,39,40,41,42,43,45,47,50
-15040004977651,-00004d41-3200-0400-0000-00000056f072,60,5,47.04,33.54279,-7.6757,4,16:00-21:00,1,28.9,29.0,22.5,9.6,7.51,5.84,1.02,1486,9.01,12,17,20,22,24,25,26,27,28,29,30,31,32,33,34,35,37,40,44
-15040003890952,-00004d41-3200-0400-0000-00000056f075,60,3,44.0,33.54102,-7.67424,4,16:00-21:00,1,33.9,35.0,28.6,10.2,5.54,4.53,0.88,5712,6.04,17,20,23,26,28,29,31,32,33,35,36,37,38,39,41,42,44,46,50
-15040004645851,-00004d41-3200-0400-0000-00000056f077,60,5,34.18,33.54266,-7.67603,4,16:00-21:00,1,29.4,30.0,21.7,10.3,5.66,4.1,1.16,1490,9.68,12,17,19,22,24,25,26,28,29,30,31,32,33,34,35,37,38,41,45
-15040004995637,-00004d41-3200-0400-0000-00000056f078,60,5,18.48,33.54259,-7.67621,4,16:00-21:00,1,27.3,27.0,19.5,10.3,3.42,2.46,1.13,1477,5.52,10,14,17,19,21,23,24,25,26,27,29,30,31,33,34,35,37,39,44
-15040005851966,-00004d41-3200-0400-0000-00000056f07a,60,3,36.31,33.54087,-7.67467,4,16:00-21:00,1,31.4,32.0,26.1,10.2,5.01,4.08,0.95,5705,4.4,14,18,21,23,25,27,28,29,30,32,33,34,35,37,38,40,41,44,47
-15040003782176,-00004d41-3200-0400-0000-00000056f07c,60,7,42.72,33.5423,-7.67584,4,16:00-21:00,1,16.7,13.0,10.5,14.2,14.72,11.83,1.2,48,19.63,5,9,10,11,11,12,12,12,13,13,15,15,16,17,18,20,21,27,35
-15040004645828,-00004d41-3200-0400-0000-00000056f07f,60,7,41.96,33.5419,-7.67685,4,16:00-21:00,1,11.5,10.0,7.3,8.2,20.68,15.11,1.39,58,20.07,3,4,5,6,7,8,8,10,10,10,11,12,12,13,13,14,16,17,27
-15040004995641,-00004d41-3200-0400-0000-00000056f080,60,7,49.75,33.5415,-7.67659,4,16:00-21:00,1,19.3,20.0,14.4,7.3,12.4,8.95,0.96,31,10.22,5,7,11,16,17,17,17,18,19,20,22,22,22,23,24,24,25,27,31
-15040004977657,-00004d41-3200-0400-0000-00000056f082,60,7,191.16,33.54072,-7.67502,4,16:00-21:00,1,16.4,17.0,12.6,6.5,54.52,40.48,1.36,43,41.29,5,7,10,12,13,14,15,15,16,17,17,18,19,19,20,20,22,24,27
-15040004095073,-00004d41-3200-0400-0000-00000056f086,60,7,56.81,33.5407,-7.67601,4,16:00-21:00,1,16.7,17.0,9.3,8.8,22.02,12.03,1.23,58,26.19,3,3,5,7,10,12,14,16,17,17,18,19,22,22,23,24,25,27,30
-15040003781958,-00004d41-3200-0400-0000-00000056f0ac,60,3,36.44,33.54055,-7.67544,4,16:00-21:00,1,21.5,22.0,13.9,10.6,9.42,5.96,1.25,5505,8.89,4,6,8,11,14,16,18,19,21,22,23,24,26,27,29,31,33,35,39
-15040003890684,-00004d41-3200-0400-0000-00000056f0ad,60,3,42.85,33.54072,-7.67502,4,16:00-21:00,1,27.6,28.0,21.6,10.2,7.13,5.51,1.12,5619,6.38,10,14,17,19,21,23,24,26,27,28,29,30,32,33,34,36,38,40,44
-15040004125557,-00004d41-3200-0400-0000-00000056f0cf,60,5,39.64,33.54337,-7.6726,4,16:00-21:00,1,23.6,25.0,16.5,9.9,8.67,5.71,1.03,1349,8.35,5,8,12,15,17,20,21,23,24,25,26,27,28,29,30,31,33,35,38
-15040004995676,-00004d41-3200-0400-0000-00000056f0d0,60,5,88.13,33.54338,-7.67165,4,16:00-21:00,1,21.6,22.0,16.9,8.7,18.81,14.42,1.03,1374,13.91,7,9,12,14,15,17,19,20,21,22,23,25,26,27,28,28,30,32,35
-15040003880117,-00004d41-3200-0400-0000-00000056f505,60,6,9.77,33.54683,-7.6699,4,16:00-21:00,1,17.2,17.0,10.2,10.1,3.45,2.07,1.17,2129,3.91,3,5,7,9,10,11,13,14,16,17,18,19,20,21,22,24,26,29,35
-15040006077706,-00004d41-3200-0400-0000-00000056f508,60,3,66.79,33.54517,-7.66742,4,16:00-21:00,1,43.0,45.0,36.7,14.1,6.56,5.34,1.01,7036,3.98,19,24,27,30,32,36,39,41,43,45,46,48,49,51,52,54,57,60,64
-15040002837942,-00004d41-3200-0400-0000-00000056f509,60,3,79.28,33.54484,-7.66667,4,16:00-21:00,1,44.7,45.0,39.7,13.6,7.19,6.34,1.04,7050,3.36,22,27,30,33,35,37,39,41,44,45,47,49,51,52,54,56,58,61,66
-15040006415524,-00004d41-3200-0400-0000-00000056f50b,60,3,67.12,33.54537,-7.66809,4,16:00-21:00,1,43.3,45.0,39.2,11.9,6.17,5.37,0.99,6921,2.46,22,26,29,32,36,39,41,43,44,45,46,47,49,50,51,52,54,56,60
-15040004996357,-00004d41-3200-0400-0000-00000056f510,60,3,79.66,33.54476,-7.66671,4,16:00-21:00,1,46.7,49.0,40.8,13.7,7.03,5.85,0.95,6870,4.22,21,26,31,35,39,42,44,46,47,49,50,51,53,54,55,57,59,62,67
-15040002837917,-00004d41-3200-0400-0000-00000056f511,60,3,78.46,33.54509,-7.66745,4,16:00-21:00,1,45.0,47.0,39.9,13.3,7.08,6.01,0.97,6812,3.29,22,26,30,33,35,37,40,43,45,47,48,50,51,53,54,56,58,60,65
-15040004978346,-00004d41-3200-0400-0000-00000056f512,60,3,93.4,33.54411,-7.66503,4,16:00-21:00,1,46.3,45.0,40.6,14.8,8.28,7.47,1.01,7179,4.07,22,27,32,34,36,38,40,42,43,45,47,50,52,54,56,59,61,65,71
-15040006415517,-00004d41-3200-0400-0000-00000056f513,60,3,89.43,33.54374,-7.66418,4,16:00-21:00,1,40.8,41.0,36.0,11.7,8.94,7.85,1.04,7215,5.38,21,26,30,33,35,36,37,38,39,41,42,43,45,46,48,50,51,54,58
-15040003783635,-00004d41-3200-0400-0000-00000056f51c,60,7,100.34,33.54398,-7.67094,4,16:00-21:00,1,33.0,34.0,29.0,9.5,12.44,10.62,1.03,1064,6.64,16,20,22,25,27,29,31,32,33,34,35,36,37,38,39,40,42,43,46
-15040004996363,-00004d41-3200-0400-0000-00000056f520,60,7,25.08,33.54338,-7.67165,4,16:00-21:00,1,17.6,16.0,14.6,8.0,6.17,5.64,0.98,31,2.66,8,9,9,11,11,12,13,15,15,16,18,19,19,20,20,20,27,29,36
-15040002837926,-00004d41-3200-0400-0000-00000056f521,60,7,30.3,33.54374,-7.67109,4,16:00-21:00,1,32.8,34.0,29.0,9.4,3.77,3.21,1.04,1013,2.0,16,20,22,25,27,29,31,32,33,34,35,36,37,38,38,40,41,43,46
-15040004978354,-00004d41-3200-0400-0000-00000056f522,60,7,46.88,33.54336,-7.67132,4,16:00-21:00,1,30.1,30.0,27.0,8.5,6.26,5.63,1.08,980,3.05,16,19,21,23,24,26,27,28,29,30,31,32,33,34,35,37,38,40,43
-15040004646455,-00004d41-3200-0400-0000-00000056f53f,60,5,37.26,33.54233,-7.66648,4,16:00-21:00,1,40.1,41.0,33.7,11.0,3.99,3.27,1.12,1132,5.68,22,26,28,31,33,36,38,39,40,41,42,43,44,46,47,48,51,53,57
-15040004996383,-00004d41-3200-0400-0000-00000056f540,60,5,23.13,33.54223,-7.66626,4,16:00-21:00,1,39.6,41.0,35.2,10.5,2.36,2.03,1.01,1121,1.38,22,26,28,31,33,36,37,38,40,41,41,43,44,45,46,47,49,52,55
-15040002837900,-00004d41-3200-0400-0000-00000056f541,60,5,19.58,33.54215,-7.66607,4,16:00-21:00,1,39.0,40.0,33.4,10.2,2.11,1.76,1.02,1114,3.32,22,26,28,31,33,35,37,38,39,40,41,42,43,44,45,46,48,50,54
-15040004978370,-00004d41-3200-0400-0000-00000056f542,60,5,39.48,33.54198,-7.6657,4,16:00-21:00,1,37.4,38.0,33.6,9.2,4.24,3.74,0.92,1104,3.37,21,25,28,30,32,34,36,37,37,38,39,40,41,42,43,44,46,48,50
-15040004095482,-00004d41-3200-0400-0000-00000056f6de,60,3,27.97,33.54261,-7.66424,4,16:00-21:00,1,39.1,41.0,32.6,12.1,3.09,2.46,1.06,2884,3.62,17,21,25,29,32,35,37,38,40,41,42,43,44,46,47,48,50,52,56
-15040004646736,-00004d41-3200-0400-0000-00000056f6df,60,3,49.8,33.54297,-7.66391,4,16:00-21:00,1,38.2,40.0,33.2,11.1,5.41,4.48,1.03,2873,3.18,17,22,26,29,32,34,36,38,39,40,41,42,43,44,45,46,48,51,54
-15040003893002,-00004d41-3200-0400-0000-00000056f6fd,60,4,124.94,33.54666,-7.66095,4,16:00-21:00,1,42.9,44.0,38.1,11.1,11.8,10.22,1.01,828,8.2,23,28,32,34,37,38,40,41,43,44,45,46,47,49,50,52,53,55,59
-15040002591094,-00004d41-3200-0400-0000-00000056f715,18,7,43.7,33.54446,-7.65294,4,16:00-21:00,1,16.9,12.0,8.4,15.1,18.68,13.11,1.47,44,14.85,3,4,4,5,6,6,7,9,10,12,14,15,17,18,21,24,33,49,52
-15040004996549,-00004d41-3200-0400-0000-00000056f718,18,7,21.88,33.54456,-7.65274,4,16:00-21:00,1,35.1,37.0,26.4,12.5,2.98,2.13,1.51,47,2.74,11,16,22,27,28,31,32,34,36,37,38,39,40,41,44,46,48,49,52
-15040003784027,-00004d41-3200-0400-0000-00000056f71c,18,7,33.72,33.54447,-7.6524,4,16:00-21:00,1,43.4,42.0,38.2,15.8,3.18,2.89,1.16,48,1.45,23,25,34,37,38,39,39,41,42,42,44,44,45,47,48,49,52,55,64
-15040006078087,-00004d41-3200-0400-0000-00000056f728,60,3,41.97,33.5413,-7.66285,4,16:00-21:00,1,47.5,50.0,38.9,14.9,3.89,3.02,1.01,6412,3.64,19,26,30,34,39,42,45,47,49,50,52,53,55,56,57,59,61,63,67
-15040002838404,-00004d41-3200-0400-0000-00000056f729,60,3,65.48,33.54072,-7.66297,4,16:00-21:00,1,50.3,53.0,42.6,14.4,5.53,4.45,1.01,6434,4.4,21,28,34,39,44,47,49,51,52,53,54,56,57,58,59,61,63,65,69
-15040006415846,-00004d41-3200-0400-0000-00000056f72b,60,3,62.87,33.54132,-7.66296,4,16:00-21:00,1,47.0,48.0,42.8,11.6,5.29,4.72,1.02,6416,3.14,25,31,35,39,41,43,44,46,47,48,49,50,52,53,54,56,57,60,64
-15040003783999,-00004d41-3200-0400-0000-00000056f72c,60,3,41.64,33.54169,-7.66289,4,16:00-21:00,1,45.6,47.0,40.6,12.2,3.69,3.19,1.01,6487,2.25,22,28,33,37,40,42,43,45,46,47,48,49,50,52,53,54,56,59,64
-15040003893826,-00004d41-3200-0400-0000-00000056f905,60,7,8.8,33.57164,-7.67038,4,16:00-21:00,1,27.0,27.0,21.2,8.2,1.5,1.17,1.17,920,2.85,13,17,19,21,22,23,24,25,26,27,28,29,30,31,32,33,35,37,39
-15040004095601,-00004d41-3200-0400-0000-00000056f906,60,7,15.94,33.57176,-7.67047,4,16:00-21:00,1,28.1,28.0,21.4,8.2,2.69,2.05,1.19,927,10.03,14,18,20,22,23,24,26,26,27,28,29,30,31,32,33,35,36,38,41
-15040006078787,-00004d41-3200-0400-0000-00000056f908,60,7,9.45,33.57104,-7.67003,4,16:00-21:00,1,19.7,20.0,10.1,11.2,3.36,1.7,1.21,512,4.58,3,5,6,10,12,14,15,17,18,20,21,22,23,25,26,28,30,32,39
-15040002838937,-00004d41-3200-0400-0000-00000056f909,60,6,25.03,33.56933,-7.67404,4,16:00-21:00,1,30.2,31.0,25.2,9.0,3.58,2.91,0.99,2538,5.59,15,18,21,22,24,26,27,29,30,31,32,33,34,35,36,37,39,41,44
-15040004118670,-00004d41-3200-0400-0000-00000056f90a,60,6,23.84,33.56922,-7.67427,4,16:00-21:00,1,33.2,34.0,28.1,9.3,3.05,2.52,0.98,2522,3.61,17,20,23,26,28,30,31,32,33,34,35,36,37,38,39,40,42,44,47
-15040002550689,-00004d41-3200-0400-0000-00000056f90d,60,6,22.48,33.569,-7.67477,4,16:00-21:00,1,33.9,35.0,29.1,9.6,2.78,2.31,0.98,2487,2.46,17,20,23,26,29,30,32,33,34,35,36,37,38,39,40,41,43,45,48
-15040002553060,-00004d41-3200-0400-0000-00000056f910,60,6,29.34,33.56887,-7.67505,4,16:00-21:00,1,32.8,34.0,28.3,9.3,3.73,3.11,0.99,2449,2.83,16,20,22,25,28,29,31,32,33,34,35,36,37,38,39,40,41,44,47
-15040002838925,-00004d41-3200-0400-0000-00000056f911,60,6,30.47,33.56872,-7.67532,4,16:00-21:00,1,30.2,30.0,25.7,9.1,4.27,3.66,1.02,2412,4.11,15,19,21,23,24,26,27,28,29,30,32,33,34,35,36,38,39,41,45
-15040003894449,-00004d41-3200-0400-0000-00000056fb9d,60,7,300.22,33.56726,-7.67875,4,16:00-21:00,1,26.5,27.0,23.8,7.2,45.45,40.03,1.12,203,22.48,16,18,19,20,21,22,24,24,26,27,28,29,29,30,31,32,34,35,38
-15040004979071,-00004d41-3200-0400-0000-00000056fba2,60,7,80.21,33.57253,-7.67096,4,16:00-21:00,1,17.3,17.0,14.3,6.6,20.19,16.99,1.12,85,11.11,6,9,11,12,13,14,14,15,16,17,18,19,19,20,21,23,24,25,27
-15040004648174,-00004d41-3200-0400-0000-00000056fba7,60,7,16.58,33.5719,-7.67138,4,16:00-21:00,1,17.3,17.0,14.4,6.5,4.16,3.51,1.05,86,2.29,6,9,11,12,13,14,15,15,16,17,18,19,19,20,21,23,24,25,27
-15040006416782,-00004d41-3200-0400-0000-00000056fbab,60,7,51.62,33.57166,-7.67155,4,16:00-21:00,1,17.3,17.0,14.4,6.5,12.95,10.93,1.13,86,7.12,6,9,11,12,13,14,15,15,16,17,18,19,19,20,21,23,24,25,27
-15040003786457,-00004d41-3200-0400-0000-00000056fbac,60,7,14.17,33.57177,-7.67147,4,16:00-21:00,1,17.3,17.0,14.4,6.5,3.55,3.0,1.13,86,1.95,6,9,11,12,13,14,15,15,16,17,18,19,19,20,21,23,24,25,27
-15040002840108,-00004d41-3200-0400-0000-00000056fbc1,60,4,37.7,33.5694,-7.67343,4,16:00-21:00,1,23.3,23.0,19.0,7.6,7.15,5.9,0.94,1460,8.07,12,14,16,17,19,20,21,22,22,23,24,25,26,27,28,29,30,32,35
-15040003786420,-00004d41-3200-0400-0000-00000056fbc4,60,4,35.09,33.56913,-7.67319,4,16:00-21:00,1,20.5,21.0,16.5,7.5,7.64,6.02,0.84,2649,5.84,8,10,12,14,15,17,18,19,20,21,22,23,24,24,25,26,28,29,32
-15040003895906,-00004d41-3200-0400-0000-000000570225,18,7,19.7,33.56246,-7.66657,4,16:00-21:00,1,9.8,9.9,6.2,5.7,11.43,7.16,1.07,51,9.18,2,3,4,5,5,5,6,8,9,10,11,11,11,13,14,15,16,17,20
-15040003788309,-00004d41-3200-0400-0000-00000057022c,18,7,111.64,33.56318,-7.66447,4,16:00-21:00,1,41.9,38.0,26.7,24.8,15.04,10.58,0.81,46,12.6,10,15,16,20,22,24,26,32,33,38,39,41,45,51,60,69,79,81,83
-15040003895788,-00004d41-3200-0400-0000-00000057022d,18,7,21.84,33.56284,-7.66559,4,16:00-21:00,1,49.3,45.0,29.1,29.5,2.7,1.75,0.88,48,2.45,9,12,16,20,22,26,32,39,43,45,49,53,69,75,78,79,81,83,83
-15040002841865,-00004d41-3200-0400-0000-000000570249,60,4,147.22,33.56276,-7.66674,4,16:00-21:00,1,19.9,11.0,9.0,20.7,59.05,48.18,1.28,5480,46.69,4,4,5,6,6,7,8,9,10,11,13,15,17,21,25,30,38,55,71
-15040006417537,-00004d41-3200-0400-0000-00000057024b,60,4,101.83,33.56316,-7.66575,4,16:00-21:00,1,38.1,39.0,24.7,18.5,14.87,9.4,1.33,5741,16.54,8,13,16,20,24,29,33,35,37,39,41,42,44,46,48,51,55,62,72
-15040003788287,-00004d41-3200-0400-0000-00000057024c,60,4,116.33,33.5636,-7.66462,4,16:00-21:00,1,34.5,32.0,26.7,16.3,15.71,13.09,1.13,5695,12.75,12,16,19,22,25,28,29,30,31,32,33,34,36,39,41,44,45,58,71
-15040002571340,-00004d41-3200-0400-0000-00000057025d,60,7,63.72,33.56649,-7.66799,4,16:00-21:00,1,14.7,15.0,11.2,5.8,20.48,15.29,0.89,607,19.82,5,7,9,10,11,12,13,14,14,15,15,16,16,17,18,18,20,22,24
-15040002577869,-00004d41-3200-0400-0000-00000057025e,60,7,67.52,33.56701,-7.66761,4,16:00-21:00,1,22.1,23.0,17.3,7.7,14.06,10.57,0.93,791,13.62,7,12,15,17,18,19,20,21,22,23,23,24,25,26,27,28,29,31,34
-15040003260115,-00004d41-3200-0400-0000-000000570264,60,4,26.51,33.56096,-7.67125,4,16:00-21:00,1,32.7,34.0,29.0,8.8,3.29,2.81,1.04,5603,2.24,17,20,23,26,28,29,30,31,33,34,34,35,36,37,38,39,41,43,46
-15040004998058,-00004d41-3200-0400-0000-000000570268,60,7,52.97,33.56495,-7.67047,4,16:00-21:00,1,32.3,32.0,26.0,10.7,7.33,5.96,1.08,1342,11.33,16,20,22,24,26,27,28,29,31,32,33,34,35,37,38,40,43,46,52
-15040002841848,-00004d41-3200-0400-0000-000000570269,60,7,8.04,33.56498,-7.67039,4,16:00-21:00,1,32.1,31.0,25.2,11.1,1.15,0.93,1.06,1407,1.49,15,19,22,24,25,27,28,29,30,31,32,33,35,36,38,40,43,46,52
-15040004998064,-00004d41-3200-0400-0000-000000570270,60,7,102.53,33.56525,-7.67056,4,16:00-21:00,1,19.8,20.0,17.6,5.3,20.96,18.46,1.09,327,11.2,10,14,16,16,17,18,18,18,19,20,20,21,21,22,23,24,25,26,28
-15040002841858,-00004d41-3200-0400-0000-000000570271,60,7,34.11,33.56498,-7.67039,4,16:00-21:00,1,20.1,20.0,17.9,5.3,6.87,6.14,1.03,325,3.66,11,14,16,17,17,18,18,19,19,20,20,21,22,22,23,24,25,27,28
-15040006417551,-00004d41-3200-0400-0000-000000570273,60,7,6.61,33.56499,-7.67032,4,16:00-21:00,1,31.2,30.0,22.9,11.4,1.04,0.79,1.11,1530,3.34,15,18,20,22,24,25,27,28,29,30,31,32,34,36,37,40,42,46,53
-15040003266861,-00004d41-3200-0400-0000-000000570274,60,7,74.49,33.56504,-7.66953,4,16:00-21:00,1,29.2,28.0,24.9,9.1,10.77,9.58,0.99,1539,9.33,16,19,22,24,25,26,27,27,28,28,29,30,30,31,32,34,36,41,47
-15040003790688,-00004d41-3200-0400-0000-0000005708d4,60,7,72.22,33.55766,-7.65394,4,16:00-21:00,1,22.7,18.0,14.3,15.2,18.19,14.44,1.14,966,14.17,7,8,8,9,9,10,12,13,15,18,20,24,27,31,33,37,40,45,52
-15040002606253,-00004d41-3200-0400-0000-00000057099e,60,7,67.26,33.54638,-7.6491,4,16:00-21:00,1,45.2,45.0,40.3,11.0,6.01,5.38,0.89,637,4.01,28,33,36,38,39,41,42,43,44,45,46,47,48,49,51,53,55,58,64
-15040003791117,-00004d41-3200-0400-0000-0000005709a4,18,7,19.57,33.54654,-7.65018,4,16:00-21:00,1,46.3,44.0,41.7,15.3,1.69,1.6,0.95,65,0.56,25,28,30,31,37,37,39,40,42,44,46,47,51,55,58,61,63,64,66
-15040003898002,-00004d41-3200-0400-0000-0000005709a5,25,7,90.35,33.54721,-7.65073,4,16:00-21:00,1,46.2,44.0,41.7,15.3,7.8,7.39,0.95,65,2.58,25,28,30,31,37,37,39,40,42,44,46,47,51,54,58,61,63,64,66
-15040004650178,-00004d41-3200-0400-0000-0000005709a7,60,7,26.66,33.54605,-7.64971,4,16:00-21:00,1,49.5,49.0,45.7,12.3,2.1,1.96,0.65,708,0.88,29,34,38,40,42,44,46,47,48,49,50,52,53,54,56,58,61,64,69
-15040003898326,-00004d41-3200-0400-0000-0000005709f5,60,7,92.88,33.54725,-7.64756,4,16:00-21:00,1,36.5,40.0,28.0,11.7,11.94,8.36,0.84,81,10.33,11,22,27,29,33,34,35,37,38,40,40,41,41,42,44,46,48,49,50
-15040004650476,-00004d41-3200-0400-0000-000000570a27,60,7,106.43,33.5477,-7.64655,4,16:00-21:00,1,35.7,36.0,31.6,8.5,12.13,10.64,0.91,73,8.44,21,25,27,30,32,33,34,34,35,36,37,39,40,41,41,43,44,45,49
-15040002659026,-00004d41-3200-0400-0000-000000570a5c,60,7,174.67,33.55384,-7.64857,4,16:00-21:00,1,37.3,38.0,33.5,10.1,18.77,16.55,1.05,15009,9.01,19,23,27,29,31,33,34,36,37,38,39,41,42,43,44,45,47,49,52
-15040003791837,-00004d41-3200-0400-0000-000000570b64,60,7,42.91,33.57408,-7.68202,4,16:00-21:00,1,17.5,16.0,11.2,11.8,13.84,9.65,1.15,191,12.94,4,6,8,9,10,11,13,14,15,16,17,18,19,21,22,25,26,28,36
-15040004650831,-00004d41-3200-0400-0000-000000570b7f,60,7,43.45,33.57391,-7.68244,4,16:00-21:00,1,21.8,21.0,13.3,12.0,11.79,7.45,1.06,174,18.93,6,10,13,14,15,17,18,19,20,21,22,23,24,26,26,28,29,31,39
-15040004999124,-00004d41-3200-0400-0000-000000570b80,60,7,31.88,33.57379,-7.68275,4,16:00-21:00,1,26.9,27.0,15.6,11.4,7.36,4.25,1.2,175,17.19,6,11,15,19,20,21,23,24,26,27,29,29,30,32,35,36,38,40,44
-15040004999165,-00004d41-3200-0400-0000-000000570bb0,60,7,42.0,33.57362,-7.68316,4,16:00-21:00,1,28.1,29.0,15.3,11.6,9.9,5.21,1.62,163,23.59,6,13,15,20,22,23,26,27,28,29,29,31,32,34,35,38,40,42,47
-15040003898636,-00004d41-3200-0400-0000-000000570bbd,60,7,16.53,33.57354,-7.68331,4,16:00-21:00,1,27.7,27.0,16.2,11.4,3.67,2.2,1.44,174,8.69,6,14,17,20,22,23,24,25,26,27,28,29,30,32,34,37,39,42,49
-15040004096606,-00004d41-3200-0400-0000-000000570bbe,60,7,17.57,33.57347,-7.68347,4,16:00-21:00,1,26.4,25.0,14.3,12.2,4.43,2.53,1.58,163,10.03,6,10,14,18,19,21,23,24,24,25,26,28,29,32,35,37,39,41,47
-15040002844748,-00004d41-3200-0400-0000-000000570be1,60,7,26.05,33.57336,-7.68373,4,16:00-21:00,1,26.2,27.0,11.8,12.8,7.94,3.47,1.88,150,18.59,4,7,12,15,17,20,24,25,26,27,27,28,30,32,35,36,39,41,47
-15040003791711,-00004d41-3200-0400-0000-000000570be4,60,7,32.87,33.57322,-7.68404,4,16:00-21:00,1,27.8,29.0,14.1,12.7,8.38,4.08,1.44,150,19.04,4,7,11,17,22,25,26,27,28,29,31,31,32,33,36,38,39,42,50
-15040003898628,-00004d41-3200-0400-0000-000000570be5,60,7,44.36,33.57302,-7.68445,4,16:00-21:00,1,25.9,27.0,12.5,12.8,12.75,5.91,1.61,149,27.85,4,7,9,13,17,19,23,24,25,27,28,29,31,33,35,36,38,41,45
-15040003898665,-00004d41-3200-0400-0000-000000570bf5,60,6,31.9,33.56966,-7.68026,4,16:00-21:00,1,26.8,27.0,19.1,10.6,6.03,4.25,1.24,1044,11.69,10,13,16,17,19,22,23,24,25,27,28,29,31,32,34,35,37,40,44
-15040004650772,-00004d41-3200-0400-0000-000000570bf7,60,7,69.8,33.56968,-7.6816,4,16:00-21:00,1,15.9,15.0,11.4,7.2,22.05,16.75,0.93,151,20.07,3,8,9,10,11,12,13,14,15,15,16,17,18,19,19,21,22,25,29
-15040003791522,-00004d41-3200-0400-0000-000000570c04,60,7,46.14,33.57261,-7.68531,4,16:00-21:00,1,20.7,20.0,12.6,11.3,13.23,8.31,1.14,159,17.81,4,7,11,12,15,17,17,18,19,20,21,22,23,25,26,27,28,29,38
-15040004096636,-00004d41-3200-0400-0000-000000570c06,60,7,32.6,33.57287,-7.68476,4,16:00-21:00,1,27.9,28.0,15.8,11.5,7.41,4.19,1.14,149,13.78,5,8,16,21,23,25,26,27,28,28,30,31,33,34,35,36,38,40,44
-15040004650579,-00004d41-3200-0400-0000-000000570c07,60,7,13.42,33.57281,-7.68488,4,16:00-21:00,1,27.8,29.0,15.9,11.2,3.04,1.67,0.94,155,5.19,4,9,18,21,24,25,26,28,28,29,30,31,31,32,34,35,37,40,44
-15040004738435,-00004d41-3200-0400-0000-000000570c4a,60,7,9.67,33.57032,-7.67169,4,16:00-21:00,1,20.3,18.0,12.6,11.3,2.77,1.93,0.67,71,3.32,4,8,11,12,13,14,15,17,18,18,19,21,22,23,25,27,31,36,42
-15040003249964,-00004d41-3200-0400-0000-000000570c4c,60,7,33.3,33.56991,-7.67359,4,16:00-21:00,1,10.2,9.6,6.2,5.5,19.49,12.49,0.91,106,24.32,2,3,4,5,6,7,8,8,9,10,10,11,12,14,14,15,16,18,19
-15040003898676,-00004d41-3200-0400-0000-000000570c4d,60,7,7.23,33.56997,-7.67362,4,16:00-21:00,1,13.6,14.0,10.8,5.2,2.42,1.86,0.51,89,1.79,5,6,9,10,11,11,12,13,13,14,14,15,15,15,16,18,19,21,22
-15040002539949,-00004d41-3200-0400-0000-000000570e56,60,6,88.71,33.56609,-7.68146,4,16:00-21:00,1,18.9,20.0,15.4,5.8,20.76,15.97,1.17,372,20.85,8,11,13,15,16,17,17,18,19,20,20,20,21,22,23,24,25,26,27
-15040002539953,-00004d41-3200-0400-0000-000000570e5a,60,6,19.39,33.56577,-7.68216,4,16:00-21:00,1,29.3,30.0,22.8,8.7,3.07,2.33,0.99,1894,6.79,14,18,20,23,24,26,27,28,29,30,31,32,33,34,35,36,37,40,43
-15040002539952,-00004d41-3200-0400-0000-000000570e5b,60,6,59.58,33.56549,-7.68271,4,16:00-21:00,1,28.6,29.0,24.3,8.1,8.84,7.4,0.95,1859,7.89,14,18,20,22,24,25,27,27,28,29,30,31,32,33,34,35,36,38,41
-15040003899381,-00004d41-3200-0400-0000-000000570e65,60,7,19.28,33.56997,-7.68258,4,16:00-21:00,1,28.2,28.0,20.3,9.6,3.43,2.48,0.84,197,5.04,10,16,19,21,24,25,26,26,28,28,29,30,31,32,34,36,38,41,45
-15040002539969,-00004d41-3200-0400-0000-000000570e66,60,7,65.19,33.57023,-7.68195,4,16:00-21:00,1,22.9,23.0,12.7,9.0,18.55,10.2,0.83,129,35.63,4,11,16,18,19,20,21,22,23,23,24,24,25,27,27,29,31,33,37
-15040002538434,-00004d41-3200-0400-0000-000000570e67,60,6,92.17,33.56886,-7.68187,4,16:00-21:00,1,24.4,25.0,20.1,7.9,16.5,13.27,1.05,835,13.38,11,14,16,18,19,21,22,23,24,25,25,26,27,28,29,31,32,35,37
-15040004999496,-00004d41-3200-0400-0000-000000570e68,60,6,5.24,33.56888,-7.68182,4,16:00-21:00,1,25.5,26.0,21.5,7.7,0.88,0.73,1.07,846,0.73,12,15,18,19,21,22,23,24,25,26,26,27,28,29,30,32,34,35,38
-15040003792476,-00004d41-3200-0400-0000-000000570e6c,60,7,40.73,33.56936,-7.68138,4,16:00-21:00,1,19.3,19.0,15.9,6.2,9.22,7.72,1.05,211,7.02,9,11,13,15,16,17,18,18,19,19,20,21,21,22,23,24,26,26,29
-15040003899363,-00004d41-3200-0400-0000-000000570e6d,60,7,22.5,33.56918,-7.68126,4,16:00-21:00,1,20.1,20.0,15.8,7.5,5.12,4.05,1.11,213,4.92,9,11,12,14,15,16,17,18,19,20,21,22,23,24,25,27,28,29,30
-15040002537650,-00004d41-3200-0400-0000-000000570e6f,60,6,93.54,33.56808,-7.68364,4,16:00-21:00,1,22.7,23.0,19.0,7.5,17.71,14.64,1.03,850,11.83,10,13,15,17,18,19,20,21,22,23,23,24,25,27,28,30,31,32,34
-15040002537100,-00004d41-3200-0400-0000-000000570e70,60,6,66.17,33.56781,-7.68428,4,16:00-21:00,1,19.4,20.0,15.8,7.0,15.11,11.91,1.12,865,10.72,8,10,12,14,15,16,17,18,19,20,21,21,22,23,24,25,26,27,30
-15040004981301,-00004d41-3200-0400-0000-000000570e72,60,7,75.4,33.56747,-7.68234,4,16:00-21:00,1,17.4,20.0,11.2,8.6,24.3,13.57,1.15,30,20.66,4,5,5,6,11,11,15,15,18,20,21,21,22,23,23,24,25,27,31
-15040002584575,-00004d41-3200-0400-0000-000000570e7e,60,6,27.04,33.56901,-7.68158,4,16:00-21:00,1,25.6,26.0,20.6,8.2,4.73,3.74,1.1,832,4.53,11,15,17,19,20,22,24,24,25,26,27,28,28,29,30,32,34,36,39
-15040002539375,-00004d41-3200-0400-0000-000000570e7f,60,6,34.74,33.56918,-7.68126,4,16:00-21:00,1,26.0,26.0,21.5,8.4,5.82,4.81,1.05,823,5.71,11,15,17,19,21,22,23,24,25,26,27,28,29,30,31,33,35,37,40
-15040003899202,-00004d41-3200-0400-0000-000000570eb5,60,7,16.66,33.57011,-7.68508,4,16:00-21:00,1,18.5,18.0,14.2,6.6,4.21,3.33,1.18,95,4.82,8,11,13,14,15,16,16,16,17,18,18,19,21,22,23,24,25,26,27
-15040004999545,-00004d41-3200-0400-0000-000000570ec0,60,7,31.35,33.57024,-7.68478,4,16:00-21:00,1,18.3,17.0,14.1,6.6,8.02,6.64,1.19,95,9.09,7,10,13,14,14,15,16,16,17,17,18,19,21,22,23,24,25,26,27
-15040002845176,-00004d41-3200-0400-0000-000000570ec1,60,7,25.34,33.57034,-7.68453,4,16:00-21:00,1,18.3,17.0,14.0,6.7,6.51,5.37,1.19,95,7.35,7,10,13,14,14,15,16,16,17,17,18,19,21,22,23,24,25,26,27
-15040003792310,-00004d41-3200-0400-0000-000000570ec4,60,7,39.72,33.56906,-7.68461,4,16:00-21:00,1,22.7,23.0,17.8,8.3,8.03,6.22,1.01,314,6.48,8,11,14,16,18,19,20,22,22,23,24,25,26,27,28,29,31,32,35
-15040003792326,-00004d41-3200-0400-0000-000000570ecc,60,7,15.37,33.5704,-7.68438,4,16:00-21:00,1,18.7,18.0,14.3,7.2,3.87,3.07,1.17,97,4.42,7,10,13,14,15,16,16,17,17,18,18,19,21,22,23,24,25,26,31
-15040004651031,-00004d41-3200-0400-0000-000000570ecf,60,7,47.24,33.56922,-7.68423,4,16:00-21:00,1,22.9,23.0,18.6,8.3,9.14,7.39,0.97,314,6.23,8,11,14,16,18,19,20,22,22,23,24,25,26,27,28,29,31,32,35
-15040004999563,-00004d41-3200-0400-0000-000000570ee0,60,6,18.03,33.57261,-7.68531,4,16:00-21:00,1,24.4,24.0,18.7,9.4,3.48,2.7,1.15,1461,4.85,9,13,15,17,18,20,21,22,23,24,25,26,27,29,30,31,33,36,40
-15040004999568,-00004d41-3200-0400-0000-000000570ee8,60,7,8.98,33.57044,-7.6843,4,16:00-21:00,1,18.9,18.0,16.0,7.0,2.02,1.8,1.02,96,1.14,8,11,13,14,15,16,16,17,17,18,18,19,21,23,23,24,25,26,31
-15040006419591,-00004d41-3200-0400-0000-000000570eeb,60,7,15.54,33.57052,-7.68416,4,16:00-21:00,1,19.0,18.0,16.1,7.0,3.47,3.11,0.83,96,1.89,8,11,13,14,15,16,16,17,17,18,18,20,21,23,23,24,25,26,31
-15040003792355,-00004d41-3200-0400-0000-000000570eec,60,7,13.82,33.57058,-7.68403,4,16:00-21:00,1,19.8,21.0,11.1,7.9,4.47,2.37,0.85,100,11.23,5,9,11,13,16,16,17,19,20,21,22,23,23,24,24,25,26,27,31
-15040004096790,-00004d41-3200-0400-0000-000000570eee,60,7,37.24,33.56943,-7.68378,4,16:00-21:00,1,19.4,19.0,15.1,8.1,8.91,7.06,0.98,311,6.2,7,9,11,12,13,15,16,17,18,19,21,22,23,23,25,26,28,29,33
-15040002579541,-00004d41-3200-0400-0000-000000570ef1,60,6,29.28,33.56938,-7.68084,4,16:00-21:00,1,26.5,27.0,21.2,8.6,4.96,3.9,1.16,1005,6.13,12,16,18,20,22,23,24,25,26,27,28,28,29,30,31,33,34,37,40
-15040004981403,-00004d41-3200-0400-0000-000000570ef2,60,6,30.01,33.56952,-7.68056,4,16:00-21:00,1,27.9,28.0,21.2,9.5,5.09,3.86,1.24,1016,7.79,12,16,19,21,22,24,25,26,27,28,29,30,31,32,33,34,37,39,43
-15040004282804,-00004d41-3200-0400-0000-000000570f12,60,6,65.27,33.56614,-7.67669,4,16:00-21:00,1,21.7,22.0,15.8,8.0,14.85,10.68,0.94,1532,17.8,7,11,13,15,17,18,20,21,22,22,23,24,25,26,27,28,29,31,34
-15040004293422,-00004d41-3200-0400-0000-000000571228,60,7,32.59,33.55682,-7.66733,4,16:00-21:00,1,19.3,19.0,12.8,8.0,9.2,6.17,1.1,174,14.56,5,8,12,13,14,16,17,18,19,19,20,21,22,22,23,26,28,31,33
-15040002577860,-00004d41-3200-0400-0000-000000571229,60,7,29.83,33.55685,-7.66701,4,16:00-21:00,1,18.6,18.0,12.1,8.6,8.85,5.97,0.97,321,11.62,5,8,11,13,14,15,16,16,17,18,19,20,21,22,23,23,25,28,34
-15040004097031,-00004d41-3200-0400-0000-000000571236,60,7,75.9,33.55741,-7.67998,4,16:00-21:00,1,18.2,19.0,12.1,8.0,22.59,14.38,0.98,34,24.44,3,8,9,9,11,12,15,16,19,19,21,22,23,23,24,25,25,28,32
-15040002544481,-00004d41-3200-0400-0000-000000571237,60,7,44.19,33.55755,-7.67954,4,16:00-21:00,1,18.1,18.0,12.2,8.1,13.04,8.84,0.91,38,13.45,3,8,9,11,12,13,15,17,18,18,19,21,22,23,25,25,26,28,31
-15040002551231,-00004d41-3200-0400-0000-00000057123c,60,5,80.51,33.55725,-7.67403,4,16:00-21:00,1,29.3,30.0,23.2,9.1,12.51,9.66,1.02,1317,15.19,13,19,21,23,25,26,27,28,29,30,31,31,32,33,34,35,37,39,44
-15040004124815,-00004d41-3200-0400-0000-00000057123f,60,5,84.89,33.55663,-7.67452,4,16:00-21:00,1,29.7,30.0,25.5,7.8,11.97,10.19,1.03,2112,10.39,16,20,22,24,26,27,28,29,30,30,31,32,33,34,34,36,37,38,41
-15040006420442,-00004d41-3200-0400-0000-000000571243,60,5,99.85,33.55838,-7.67299,4,16:00-21:00,1,27.1,27.0,24.4,7.0,14.76,13.31,1.03,1334,8.53,16,19,20,21,22,23,24,25,26,27,28,29,30,31,32,33,34,36,38
-15040004652267,-00004d41-3200-0400-0000-000000571277,60,6,26.03,33.55349,-7.68235,4,16:00-21:00,1,30.5,31.0,19.9,11.2,4.71,3.02,1.03,710,9.8,10,15,18,23,25,26,28,29,30,31,32,33,35,36,37,39,40,44,47
-15040004981928,-00004d41-3200-0400-0000-00000057127a,60,6,25.62,33.55358,-7.68209,4,16:00-21:00,1,30.8,31.0,20.2,12.3,4.57,2.98,0.91,717,8.93,10,15,18,21,24,26,27,28,29,31,32,33,34,36,37,39,42,46,54
-15040006420388,-00004d41-3200-0400-0000-00000057127b,60,6,13.83,33.55363,-7.68196,4,16:00-21:00,1,30.6,30.0,20.6,12.5,2.41,1.66,1.05,716,4.33,10,15,17,20,23,25,26,28,29,30,32,33,34,36,37,39,42,47,54
-15040005000040,-00004d41-3200-0400-0000-000000571288,60,7,35.43,33.55168,-7.68314,4,16:00-21:00,1,19.0,17.0,12.7,14.6,10.08,7.5,0.92,37,6.25,5,7,7,8,10,10,11,13,15,17,18,19,20,20,23,26,28,32,58
-15040002846331,-00004d41-3200-0400-0000-000000571289,60,7,26.29,33.5519,-7.68324,4,16:00-21:00,1,16.0,14.0,11.2,10.3,8.47,6.76,1.01,44,5.25,5,6,7,8,8,9,10,10,12,14,16,17,19,20,20,22,26,28,32
-15040004097059,-00004d41-3200-0400-0000-00000057128e,60,5,57.63,33.55236,-7.67912,4,16:00-21:00,1,19.5,17.0,11.3,12.9,18.31,12.2,0.98,1368,14.35,5,5,6,7,7,9,10,13,15,17,20,22,24,27,29,32,34,38,43
-15040004652224,-00004d41-3200-0400-0000-00000057128f,60,5,21.73,33.55243,-7.6789,4,16:00-21:00,1,29.7,30.0,22.3,11.7,3.5,2.61,0.98,1403,3.62,10,14,18,20,22,24,25,27,28,30,31,32,34,36,37,39,41,44,48
-15040003901075,-00004d41-3200-0400-0000-00000057129d,60,7,14.78,33.55141,-7.67825,4,16:00-21:00,1,17.0,17.0,11.4,7.7,4.67,3.13,1.13,50,4.21,4,5,6,9,13,13,15,15,16,17,20,20,21,22,23,23,24,26,30
-15040004652216,-00004d41-3200-0400-0000-00000057129f,60,7,13.88,33.55131,-7.67855,4,16:00-21:00,1,17.0,17.0,11.6,7.6,4.32,2.94,1.09,50,3.88,4,5,7,9,13,13,15,15,16,17,20,20,21,22,23,23,24,26,30
-15040005000045,-00004d41-3200-0400-0000-0000005712a0,60,7,14.64,33.55136,-7.6784,4,16:00-21:00,1,16.9,17.0,11.1,7.8,4.75,3.1,1.15,50,4.46,3,5,6,9,13,13,15,15,16,17,20,20,21,22,23,23,24,26,30
-15040004981950,-00004d41-3200-0400-0000-0000005712a2,60,7,32.71,33.55121,-7.67887,4,16:00-21:00,1,17.3,17.0,11.0,9.1,10.73,6.93,1.0,46,10.71,4,5,7,9,10,12,14,15,16,17,18,20,20,23,23,24,25,26,32
-15040006420345,-00004d41-3200-0400-0000-0000005712a3,60,7,17.91,33.55127,-7.67868,4,16:00-21:00,1,18.2,19.0,12.2,8.9,5.29,3.39,1.04,49,4.93,4,5,9,9,13,13,15,16,17,19,20,21,22,23,23,24,25,30,31
-15040004981955,-00004d41-3200-0400-0000-0000005712aa,60,7,35.74,33.55264,-7.67565,4,16:00-21:00,1,17.3,17.0,16.0,3.9,8.03,7.57,0.98,277,3.25,11,13,14,15,15,16,16,16,17,17,18,18,18,19,19,20,21,22,24
-15040006420339,-00004d41-3200-0400-0000-0000005712ab,60,7,50.91,33.55222,-7.67544,4,16:00-21:00,1,17.3,17.0,16.1,3.9,11.38,10.78,0.99,276,4.23,12,13,14,15,15,16,16,16,17,17,18,18,18,19,19,20,21,22,24
-15040002539954,-00004d41-3200-0400-0000-000000571862,60,6,59.4,33.56799,-7.68244,4,16:00-21:00,1,17.4,18.0,14.0,6.7,15.26,11.88,1.09,353,11.19,7,9,10,11,13,14,15,16,17,18,18,19,20,20,21,23,24,26,28
-15040002538480,-00004d41-3200-0400-0000-000000571863,60,6,60.44,33.56747,-7.68234,4,16:00-21:00,1,21.4,22.0,18.8,6.1,11.58,9.89,1.04,356,6.26,10,13,16,17,18,19,20,21,21,22,22,23,24,24,25,26,27,28,30
-15040002848540,-00004d41-3200-0400-0000-000000571a81,60,6,24.64,33.5531,-7.68898,4,16:00-21:00,1,19.0,20.0,15.5,6.8,5.73,4.44,0.96,163,3.81,7,10,12,14,15,16,18,18,19,20,20,21,21,22,23,24,25,27,31
-15040004097505,-00004d41-3200-0400-0000-000000571a8e,60,7,37.55,33.5514,-7.68743,4,16:00-21:00,1,18.2,19.0,15.5,6.3,8.72,7.11,0.98,79,4.4,7,8,12,13,14,15,17,17,18,19,19,20,21,22,22,23,24,25,26
-15040004653220,-00004d41-3200-0400-0000-000000571a8f,60,7,32.0,33.55113,-7.68729,4,16:00-21:00,1,19.6,20.0,16.6,6.4,6.95,5.76,0.96,74,4.33,8,13,14,15,16,17,19,19,20,20,21,21,22,22,23,24,24,25,27
-15040002848529,-00004d41-3200-0400-0000-000000571a91,60,7,8.2,33.55108,-7.68814,4,16:00-21:00,1,20.0,20.0,17.4,6.0,1.7,1.48,0.99,143,1.09,11,13,14,16,17,17,18,19,19,20,20,21,22,22,24,24,25,27,30
-15040006421642,-00004d41-3200-0400-0000-000000571a93,60,7,13.62,33.55069,-7.68779,4,16:00-21:00,1,14.9,14.0,12.7,7.0,3.86,3.5,1.06,32,1.77,7,9,10,10,11,12,13,13,14,14,14,14,15,16,17,17,20,21,23
-15040003796471,-00004d41-3200-0400-0000-000000571a94,60,7,14.52,33.55059,-7.68769,4,16:00-21:00,1,14.9,14.0,12.7,7.0,4.12,3.73,1.06,32,1.88,7,9,10,10,11,12,13,13,14,14,14,14,15,16,17,17,20,21,22
-15040003902340,-00004d41-3200-0400-0000-000000571a95,60,7,19.04,33.55101,-7.6871,4,16:00-21:00,1,19.4,20.0,16.3,6.5,4.21,3.43,0.94,79,2.61,7,10,13,15,16,17,19,19,20,20,21,21,21,22,23,23,24,25,27
-15040004097507,-00004d41-3200-0400-0000-000000571a96,60,7,16.69,33.55087,-7.68702,4,16:00-21:00,1,19.4,20.0,16.3,6.4,3.68,3.0,0.94,79,2.26,7,10,13,15,16,17,19,19,20,20,21,21,21,22,23,23,24,25,27
-15040002535346,-00004d41-3200-0400-0000-000000571ab1,60,5,57.13,33.55443,-7.68592,4,16:00-21:00,1,10.0,6.9,5.7,7.6,36.32,29.81,1.03,974,27.15,2,3,3,4,4,4,5,5,6,7,8,10,12,13,15,17,19,21,25
-15040004975716,-00004d41-3200-0400-0000-000000571ab2,60,5,33.57,33.55414,-7.68578,4,16:00-21:00,1,18.5,18.0,10.9,9.3,11.04,6.71,0.96,1001,14.44,4,5,8,10,12,14,15,16,17,18,19,21,22,23,25,27,28,31,34
-15040004097523,-00004d41-3200-0400-0000-000000571abe,60,6,17.61,33.54439,-7.67905,4,16:00-21:00,1,18.5,18.0,12.8,8.4,4.97,3.52,1.28,2033,7.33,5,8,10,11,13,15,16,16,17,18,19,20,21,22,23,25,26,29,34
-15040004653355,-00004d41-3200-0400-0000-000000571abf,60,6,26.78,33.54461,-7.67918,4,16:00-21:00,1,20.3,19.0,15.0,8.6,6.45,5.07,1.17,2059,8.18,7,10,12,14,15,16,16,17,18,19,21,22,23,25,26,27,29,32,36
-15040003902544,-00004d41-3200-0400-0000-000000571acd,60,7,39.24,33.5404,-7.67578,4,16:00-21:00,1,14.0,13.0,9.9,7.0,14.33,10.87,0.81,66,13.4,4,5,7,8,8,10,11,11,12,13,15,15,17,17,19,19,20,22,24
-15040006421820,-00004d41-3200-0400-0000-000000571ad3,60,7,40.91,33.54339,-7.67663,4,16:00-21:00,1,20.5,20.0,17.9,5.6,8.23,7.36,1.16,104,5.0,10,14,15,16,18,19,19,19,20,20,21,22,23,23,24,25,26,27,29
-15040005000871,-00004d41-3200-0400-0000-000000571ad8,60,7,31.37,33.54777,-7.67429,4,16:00-21:00,1,27.1,28.0,21.1,11.4,5.36,4.03,1.23,77,3.34,8,12,14,15,18,22,23,25,27,28,29,31,32,33,34,36,38,42,50
-15040002848747,-00004d41-3200-0400-0000-000000571ad9,60,7,29.3,33.54789,-7.674,4,16:00-21:00,1,27.0,28.0,21.0,11.4,5.02,3.77,1.23,77,3.12,8,12,14,15,18,22,23,25,27,28,29,31,32,33,34,36,38,42,50
-15040004983063,-00004d41-3200-0400-0000-000000571ae2,60,7,47.59,33.54555,-7.67257,4,16:00-21:00,1,19.6,19.0,16.4,6.7,10.42,9.02,1.03,302,6.64,8,12,13,14,16,17,18,18,19,19,20,21,22,23,24,25,26,27,30
-15040006421809,-00004d41-3200-0400-0000-000000571ae3,60,7,131.63,33.54646,-7.67166,4,16:00-21:00,1,21.5,21.0,19.1,6.1,24.78,22.57,1.04,339,13.01,12,15,16,17,18,19,20,20,21,21,22,23,23,24,25,25,27,28,32
-15040006093901,-00004d41-3200-0400-0000-000000571b98,60,5,6.83,33.54288,-7.67313,4,16:00-21:00,1,34.6,35.0,23.6,11.5,1.04,0.7,1.2,1086,5.45,15,20,22,24,27,29,31,33,34,35,36,37,39,40,42,44,46,49,54
-15040002848560,-00004d41-3200-0400-0000-000000571b99,60,5,23.52,33.54309,-7.67314,4,16:00-21:00,1,32.7,33.0,27.8,10.8,3.04,2.57,0.96,1085,1.79,15,19,22,24,26,28,30,31,32,33,34,35,36,37,38,40,43,45,52
-15040004108992,-00004d41-3200-0400-0000-0000005723ab,60,7,35.34,33.57594,-7.67385,4,16:00-21:00,1,22.0,18.0,16.4,20.2,7.77,7.07,0.65,45,4.65,9,11,12,13,15,16,17,17,18,18,19,20,21,22,24,26,28,30,32
-15040002571711,-00004d41-3200-0400-0000-0000005786c5,60,7,60.78,33.55521,-7.68429,4,16:00-21:00,1,11.3,8.0,6.7,9.7,32.49,27.35,0.9,180,22.3,3,3,4,4,4,5,6,7,7,8,9,11,12,14,17,17,20,22,24
-15040003860922,-00004d41-3200-0400-0000-00000058009c,60,3,62.4,33.57021,-7.66804,4,16:00-21:00,1,34.3,37.0,27.8,11.8,8.08,6.07,1.03,7236,5.38,12,15,19,23,27,30,33,34,36,37,38,39,40,41,42,43,45,47,50
-15040002557006,-00004d41-3200-0400-0000-0000005800a5,60,7,64.15,33.5761,-7.67352,4,16:00-21:00,1,15.0,12.0,10.1,19.5,22.96,19.25,0.88,52,13.35,4,6,7,8,9,10,10,11,11,12,13,13,13,14,15,16,18,20,27
-15040003860800,-00004d41-3200-0400-0000-0000005800ac,60,7,28.13,33.57594,-7.67385,4,16:00-21:00,1,22.6,23.0,20.0,6.1,5.06,4.4,0.67,42,2.69,16,17,18,19,19,20,20,21,22,23,24,24,25,25,26,26,27,28,35
-15040002900614,-00004d41-3200-0400-0000-0000005800b9,60,7,43.03,33.57616,-7.67594,4,16:00-21:00,1,23.2,24.0,17.2,9.8,9.0,6.45,0.97,103,10.24,10,13,14,15,16,17,19,22,23,24,25,26,27,28,29,29,30,31,34
-15040005009506,-00004d41-3200-0400-0000-0000005800ba,60,7,47.01,33.57581,-7.67574,4,16:00-21:00,1,16.4,17.0,15.1,4.4,11.2,9.96,0.94,46,3.67,9,10,10,13,14,14,15,17,17,17,18,18,18,19,19,19,20,22,23
-15040006450575,-00004d41-3200-0400-0000-0000005800d3,60,7,62.24,33.57594,-7.67385,4,16:00-21:00,1,17.9,17.0,12.1,10.1,18.45,13.18,1.0,196,16.63,4,6,8,10,12,14,15,16,16,17,18,19,20,21,22,24,25,27,32
-15040002584975,-00004d41-3200-0400-0000-000000580103,60,7,661.76,33.54376,-7.65351,4,16:00-21:00,1,37.3,37.0,31.2,12.5,76.45,64.39,0.97,231,54.3,14,23,27,29,31,32,34,35,36,37,37,38,39,41,43,46,50,55,60
-15040005009550,-00004d41-3200-0400-0000-000000580122,60,7,37.97,33.57453,-7.67387,4,16:00-21:00,1,16.6,17.0,14.6,5.3,9.38,8.04,1.15,89,4.08,7,10,10,12,13,14,15,16,17,17,18,18,19,19,20,20,21,23,26
-15040003886336,-00004d41-3200-0400-0000-00000058548c,60,6,11.83,33.57386,-7.67099,4,16:00-21:00,1,17.9,17.0,12.8,8.8,3.33,2.51,1.15,1549,4.64,6,8,10,11,12,13,14,15,16,17,18,19,20,22,23,24,26,29,33
-15040003967214,-00004d41-3200-0400-0000-00000058548d,60,6,6.98,33.5739,-7.67093,4,16:00-21:00,1,18.1,17.0,12.9,8.7,1.95,1.48,1.25,1547,4.83,7,8,10,11,12,13,14,15,16,17,18,19,20,22,23,24,26,29,33
-15040003967208,-00004d41-3200-0400-0000-00000058549d,60,4,134.25,33.56201,-7.64954,4,16:00-21:00,1,25.1,24.0,16.8,13.5,28.78,20.14,1.15,3399,22.52,6,8,10,12,13,15,17,19,21,24,27,29,31,34,36,38,41,44,47
-15040002918348,-00004d41-3200-0400-0000-0000005854a9,18,7,81.19,33.56751,-7.66313,4,16:00-21:00,1,23.5,22.0,20.4,11.2,14.36,13.29,1.12,53,5.27,11,13,15,16,17,17,18,20,21,22,23,23,26,28,28,29,31,34,35
-15040005018483,-00004d41-3200-0400-0000-0000005854aa,25,7,166.39,33.56662,-7.66168,4,16:00-21:00,1,24.4,22.0,21.1,11.3,28.4,27.23,1.08,54,10.39,12,15,16,16,17,18,18,20,22,22,23,25,27,28,29,31,33,34,36
-15040006462738,-00004d41-3200-0400-0000-0000005854ab,60,7,151.49,33.56795,-7.66383,4,16:00-21:00,1,24.0,23.0,19.3,11.8,28.23,23.71,1.17,69,16.85,11,12,14,15,16,17,17,18,22,23,24,25,26,28,29,31,32,36,43
-15040003977167,-00004d41-3200-0400-0000-00000058bda5,60,7,72.04,33.54695,-7.67115,4,16:00-21:00,1,21.1,21.0,18.2,6.2,14.22,12.35,0.99,356,8.95,10,14,16,17,18,18,19,20,20,21,22,22,23,23,25,25,26,28,31
-15040004117129,-00004d41-3200-0400-0000-00000058bda6,60,7,41.99,33.54695,-7.67115,4,16:00-21:00,1,27.3,27.0,23.2,8.1,6.51,5.6,1.04,414,4.94,13,18,20,22,23,24,25,26,27,27,28,29,30,31,32,33,34,38,40
-15040005041583,-00004d41-3200-0400-0000-00000058bda8,60,6,62.73,33.54685,-7.67,4,16:00-21:00,1,19.2,18.0,17.0,6.2,13.27,12.55,1.07,1967,10.2,11,13,14,15,15,16,16,17,18,18,19,20,20,21,22,23,24,26,31
-15040005041586,-00004d41-3200-0400-0000-00000058bdb0,60,7,29.67,33.54825,-7.67881,4,16:00-21:00,1,16.1,17.0,10.4,6.4,10.28,6.28,0.75,35,12.53,2,8,9,11,12,14,15,15,15,17,17,18,19,20,21,22,23,24,26
-15040003907123,-00004d41-3200-0400-0000-00000058bdb4,60,7,9.07,33.54989,-7.67644,4,16:00-21:00,1,19.3,17.0,9.5,14.8,3.43,1.92,0.96,139,4.05,3,5,5,7,8,10,11,12,14,17,18,20,21,23,26,28,35,40,45
-15040003977197,-00004d41-3200-0400-0000-00000058bdcd,60,6,62.13,33.55171,-7.68758,4,16:00-21:00,1,22.0,22.0,16.9,7.4,13.2,10.17,1.09,464,14.6,8,13,15,17,18,19,20,21,22,22,23,24,25,26,26,27,29,31,33
-15040004707641,-00004d41-3200-0400-0000-00000058bdcf,60,7,48.87,33.55176,-7.67456,4,16:00-21:00,1,21.5,19.0,18.5,9.0,9.54,9.26,0.8,52,3.61,12,12,12,13,15,16,17,18,19,19,21,22,22,23,24,26,35,36,42
-15040002928525,-00004d41-3200-0400-0000-00000058bdd1,60,7,45.21,33.55186,-7.67692,4,16:00-21:00,1,15.5,16.0,9.0,7.4,18.14,10.17,0.99,68,22.51,3,4,6,8,10,12,13,15,15,16,17,19,20,20,21,23,23,24,26
-15040005025604,-00004d41-3200-0400-0000-00000058bdd2,60,6,51.74,33.55178,-7.67688,4,16:00-21:00,1,25.9,26.0,19.6,9.7,9.5,7.16,1.01,1801,11.66,10,13,16,18,19,21,22,24,25,26,27,29,30,31,32,33,35,37,41
-15040003977194,-00004d41-3200-0400-0000-00000058bdd5,60,6,39.74,33.55159,-7.68822,4,16:00-21:00,1,17.7,18.0,15.6,5.2,9.18,7.95,0.94,313,4.8,9,10,13,14,15,16,16,17,17,18,18,19,19,20,21,22,23,24,26
-15040006468433,-00004d41-3200-0400-0000-00000058bddb,60,7,48.41,33.55232,-7.68861,4,16:00-21:00,1,16.9,17.0,15.1,4.7,11.54,10.25,0.93,231,5.06,9,10,12,13,14,15,16,16,17,17,18,18,18,19,20,20,21,22,24
-15040003908135,-00004d41-3200-0400-0000-00000058bddc,60,7,49.65,33.55263,-7.6837,4,16:00-21:00,1,16.6,16.0,12.9,8.0,13.86,11.17,1.06,34,7.66,6,7,8,9,10,11,12,14,15,16,17,17,20,20,21,22,24,30,32
-15040003977222,-00004d41-3200-0400-0000-00000058bded,60,7,46.9,33.55339,-7.67474,4,16:00-21:00,1,16.4,17.0,12.0,7.2,14.11,9.93,1.08,64,14.32,6,7,9,11,12,13,15,16,17,17,18,19,19,19,20,20,22,23,24
-15040003977215,-00004d41-3200-0400-0000-00000058bdf5,60,7,36.39,33.55663,-7.67452,4,16:00-21:00,1,14.9,13.0,11.6,8.2,11.27,10.08,0.89,41,6.91,6,8,9,10,10,11,12,12,13,13,14,15,15,16,17,19,21,23,24
-15040004707764,-00004d41-3200-0400-0000-00000058bdff,60,7,11.72,33.55563,-7.68497,4,16:00-21:00,1,18.3,18.0,12.0,10.2,3.53,2.34,0.73,38,3.6,5,7,7,10,11,11,13,16,17,18,18,20,20,22,24,26,28,30,45
-15040003907958,-00004d41-3200-0400-0000-00000058be04,60,6,15.63,33.55592,-7.68471,4,16:00-21:00,1,16.5,16.0,11.6,7.7,4.87,3.52,0.83,1026,4.92,4,7,10,11,12,13,14,14,15,16,17,18,19,19,20,22,23,25,29
-15040004751786,-00004d41-3200-0400-0000-00000058be0e,60,7,14.52,33.55673,-7.67463,4,16:00-21:00,1,17.7,15.0,8.3,12.8,6.28,3.48,1.48,73,7.76,2,4,4,6,9,11,11,13,14,15,17,17,19,22,23,24,33,38,42
-15040003933269,-00004d41-3200-0400-0000-00000058be15,60,4,22.1,33.55697,-7.68253,4,16:00-21:00,1,22.1,22.0,14.2,11.9,5.62,3.62,0.77,1150,5.53,5,7,9,11,13,15,17,19,20,22,23,25,27,28,30,32,34,37,41
-15040004117166,-00004d41-3200-0400-0000-00000058be1e,60,7,80.54,33.55734,-7.67712,4,16:00-21:00,1,15.1,14.0,10.4,14.0,27.98,20.71,1.42,30,16.84,5,5,6,6,7,9,11,12,13,14,15,16,16,16,17,18,18,18,21
-15040006468443,-00004d41-3200-0400-0000-00000058be2b,60,7,40.33,33.55095,-7.68856,4,16:00-21:00,1,17.4,15.0,11.7,10.3,12.37,9.68,1.12,144,10.45,6,6,8,9,10,11,13,13,14,15,17,17,19,20,22,25,28,32,34
-15040003977023,-00004d41-3200-0400-0000-00000058be2d,60,7,114.95,33.55726,-7.64962,4,16:00-21:00,1,32.1,33.0,25.9,9.9,15.99,12.54,1.1,260,13.85,12,20,23,25,27,28,29,30,32,33,34,35,36,37,38,40,41,43,46
-15040004117170,-00004d41-3200-0400-0000-00000058be2e,60,6,40.28,33.55789,-7.67968,4,16:00-21:00,1,28.0,28.0,23.7,9.6,6.12,5.18,0.97,1722,3.86,13,16,18,20,21,23,24,26,27,28,29,30,31,33,34,35,37,39,44
-15040006025227,-00004d41-3200-0400-0000-00000058be3a,60,7,126.93,33.55774,-7.65071,4,16:00-21:00,1,29.9,31.0,24.7,9.7,18.53,14.74,1.11,243,12.82,12,16,19,22,24,27,28,30,30,31,31,32,33,34,36,36,39,42,45
-15040002544482,-00004d41-3200-0400-0000-00000058be47,60,7,27.27,33.56027,-7.68069,4,16:00-21:00,1,24.3,25.0,20.2,7.0,4.86,3.93,1.06,45,4.04,13,14,16,19,21,22,22,23,24,25,26,27,28,29,29,30,31,31,33
-15040004117184,-00004d41-3200-0400-0000-00000058be5e,60,7,52.73,33.55159,-7.68822,4,16:00-21:00,1,18.9,18.0,15.3,7.8,12.44,10.55,0.97,161,7.45,7,10,11,13,14,15,15,17,18,18,19,20,21,22,23,25,26,28,33
-15040004281192,-00004d41-3200-0400-0000-00000058be63,60,7,51.29,33.56142,-7.67869,4,16:00-21:00,1,20.9,22.0,16.2,7.3,11.42,8.39,1.01,30,8.27,6,6,13,15,19,19,20,20,21,22,23,24,24,25,26,27,27,27,31
-15040003977078,-00004d41-3200-0400-0000-00000058be6d,60,6,19.02,33.55324,-7.68909,4,16:00-21:00,1,19.4,20.0,11.8,9.8,5.78,3.42,1.28,146,8.17,4,6,9,13,15,16,18,18,19,20,21,21,22,23,24,25,26,27,33
-15040002928283,-00004d41-3200-0400-0000-00000058be71,60,7,20.48,33.55323,-7.67464,4,16:00-21:00,1,17.3,18.0,12.2,8.0,6.07,4.1,1.33,57,7.61,6,7,11,13,14,15,16,17,17,18,19,19,19,19,20,20,22,23,25
-15040003933274,-00004d41-3200-0400-0000-00000058be97,60,7,15.43,33.5636,-7.66462,4,16:00-21:00,1,24.5,24.0,18.0,10.4,3.08,2.31,1.05,5335,3.05,7,12,15,17,19,20,21,22,23,24,25,26,27,28,30,31,34,36,42
-15040003908010,-00004d41-3200-0400-0000-00000058be9c,60,7,81.44,33.54604,-7.66952,4,16:00-21:00,1,30.6,30.0,21.3,12.4,13.77,9.77,1.11,217,20.17,12,17,20,22,23,24,26,27,28,30,30,32,33,35,36,39,42,49,56
-15040004707951,-00004d41-3200-0400-0000-00000058be9f,60,7,70.05,33.54853,-7.67813,4,16:00-21:00,1,13.6,14.0,9.5,6.2,26.66,18.01,0.72,62,24.26,3,5,8,9,9,11,11,12,12,14,14,15,16,16,18,19,20,21,23
-15040002928469,-00004d41-3200-0400-0000-00000058bea1,60,7,8.37,33.547,-7.67109,4,16:00-21:00,1,23.8,23.0,19.3,8.7,1.56,1.31,1.05,672,1.16,10,13,15,17,18,19,20,21,22,23,24,26,27,28,31,32,33,35,39
-15040005025668,-00004d41-3200-0400-0000-00000058bea2,60,6,39.74,33.54695,-7.67067,4,16:00-21:00,1,19.0,18.0,17.1,6.2,8.35,7.95,1.05,1920,3.62,11,13,14,14,15,16,16,17,17,18,19,20,20,21,22,23,24,26,31
-15040002553038,-00004d41-3200-0400-0000-00000058bea3,60,7,65.11,33.55919,-7.67493,4,16:00-21:00,1,13.6,15.0,8.3,6.5,28.1,15.63,0.97,38,28.56,2,4,4,6,8,9,11,14,14,15,16,17,17,18,18,19,21,22,23
-15040003908071,-00004d41-3200-0400-0000-00000058bea4,60,7,10.03,33.55925,-7.65715,4,16:00-21:00,1,31.2,30.0,23.2,12.0,1.56,1.2,1.01,11287,1.88,11,17,20,22,24,25,27,28,29,30,31,33,34,36,38,40,44,47,53
-15040005055962,-00004d41-3200-0400-0000-00000058bec3,60,7,10.01,33.56441,-7.66496,4,16:00-21:00,1,20.0,17.0,9.8,21.1,3.68,2.12,0.65,87,5.34,3,5,8,9,11,12,13,14,16,17,18,18,20,20,23,24,26,27,38
-15040002566377,-00004d41-3200-0400-0000-00000058bee4,60,7,46.02,33.57149,-7.67029,4,16:00-21:00,1,15.1,14.0,9.8,8.5,16.86,11.83,1.3,834,18.22,4,6,7,7,8,10,11,12,13,14,16,17,18,19,20,22,23,25,28
-15040004284466,-00004d41-3200-0400-0000-00000058bf12,60,7,64.21,33.56424,-7.67432,4,16:00-21:00,1,22.4,22.0,19.4,5.8,11.9,10.51,1.09,313,9.65,13,16,17,18,19,20,20,21,22,22,23,24,24,25,26,27,28,30,32
-15040002552006,-00004d41-3200-0400-0000-00000058bf13,60,7,70.39,33.56361,-7.67436,4,16:00-21:00,1,23.9,24.0,20.5,6.6,12.37,10.56,1.06,307,11.31,14,17,18,19,20,21,21,22,23,24,25,25,26,27,28,29,31,32,35
-15040003907861,-00004d41-3200-0400-0000-00000058bf14,60,7,29.85,33.56428,-7.67401,4,16:00-21:00,1,19.1,19.0,16.0,6.0,6.71,5.66,0.94,191,4.47,7,13,14,16,16,17,17,18,19,19,20,20,21,22,23,24,24,26,27
-15040003977413,-00004d41-3200-0400-0000-00000058bf15,60,7,5.61,33.56424,-7.67432,4,16:00-21:00,1,23.8,24.0,20.4,6.9,0.99,0.84,1.13,239,0.69,11,15,18,19,20,21,22,23,23,24,25,26,26,27,28,29,31,32,35
-15040003977439,-00004d41-3200-0400-0000-00000058bf35,60,4,10.69,33.56585,-7.67552,4,16:00-21:00,1,36.4,37.0,30.0,12.1,1.28,1.04,1.0,2520,1.13,16,21,24,26,28,31,32,34,36,37,38,40,41,42,44,46,48,51,56
-15040004316298,-00004d41-3200-0400-0000-00000058bf40,60,7,163.42,33.56743,-7.65609,4,16:00-21:00,1,27.0,29.0,20.5,9.3,28.71,20.29,0.87,158,29.8,8,11,17,19,23,24,26,27,29,29,29,29,29,34,34,35,36,38,39
-15040002928744,-00004d41-3200-0400-0000-00000058bf41,60,6,29.4,33.56723,-7.6822,4,16:00-21:00,1,21.3,22.0,18.6,6.0,5.71,4.81,1.05,367,3.26,10,13,16,17,18,19,20,21,21,22,22,23,24,24,25,26,27,28,30
-15040005258505,-00004d41-3200-0400-0000-00000058bf5e,60,6,11.98,33.5558,-7.68465,4,16:00-21:00,1,18.3,19.0,12.7,7.8,3.4,2.27,0.91,881,4.25,5,9,11,12,14,15,15,16,17,19,19,20,21,22,23,24,26,27,31
-15040003977506,-00004d41-3200-0400-0000-00000058bf6d,60,7,94.96,33.56438,-7.66506,4,16:00-21:00,1,19.6,16.0,12.1,13.3,28.16,21.37,1.19,4596,20.01,5,6,7,8,9,10,11,12,14,16,18,20,23,26,29,32,35,39,45
-15040002537670,-00004d41-3200-0400-0000-00000058bf83,60,7,74.88,33.56619,-7.68335,4,16:00-21:00,1,17.9,19.0,14.0,6.1,19.3,14.19,0.85,32,15.5,5,8,12,15,15,16,16,16,18,19,19,21,21,21,21,22,25,26,26
-15040003977539,-00004d41-3200-0400-0000-00000058bf8d,60,6,55.18,33.56678,-7.68193,4,16:00-21:00,1,21.3,22.0,18.5,6.0,10.71,9.03,1.06,366,6.12,10,13,16,17,18,19,20,21,21,22,22,23,24,24,25,26,27,28,30
-15040004708126,-00004d41-3200-0400-0000-00000058bfef,60,7,128.62,33.54433,-7.68557,4,16:00-21:00,1,15.6,15.0,13.1,5.8,35.35,30.87,1.08,366,19.84,8,9,10,11,11,12,13,14,15,15,16,17,17,18,19,20,21,23,25
-15040005025834,-00004d41-3200-0400-0000-00000058bff2,60,7,28.78,33.545,-7.67026,4,16:00-21:00,1,32.1,32.0,26.0,11.4,3.98,3.24,1.05,231,3.0,14,18,21,23,24,26,28,30,31,32,33,34,36,37,39,41,43,46,52
-15040004117266,-00004d41-3200-0400-0000-00000058bff6,60,7,52.98,33.5454,-7.66996,4,16:00-21:00,1,32.5,32.0,27.4,11.3,6.97,5.96,1.07,217,4.23,15,19,21,23,24,26,28,29,31,32,34,35,36,37,39,41,45,49,54
-15040004117269,-00004d41-3200-0400-0000-00000058bffe,60,7,4.83,33.56128,-7.67901,4,16:00-21:00,1,24.4,25.0,21.3,6.9,0.82,0.7,0.83,55,0.43,10,16,19,20,21,22,23,23,24,25,26,26,26,27,29,30,31,33,35
-15040003978026,-00004d41-3200-0400-0000-00000058c005,60,7,3.85,33.56146,-7.67839,4,16:00-21:00,1,24.4,25.0,21.3,6.9,0.65,0.55,0.84,55,0.34,10,16,19,20,21,22,23,23,24,25,26,26,26,27,29,30,31,33,35
-15040002928857,-00004d41-3200-0400-0000-00000058c019,60,7,9.83,33.57157,-7.67034,4,16:00-21:00,1,25.6,26.0,18.7,8.9,1.9,1.36,1.16,836,3.61,10,14,17,20,21,22,23,24,25,26,27,28,29,30,31,32,34,35,38
-15040002548633,-00004d41-3200-0400-0000-00000058d391,60,4,100.8,33.56594,-7.67556,4,16:00-21:00,1,18.2,17.0,12.8,10.0,28.39,21.35,1.12,1597,18.96,6,7,8,8,9,10,12,13,15,17,19,20,22,24,25,27,29,32,36
-15040005028981,-00004d41-3200-0400-0000-00000058d392,60,4,10.42,33.56598,-7.67546,4,16:00-21:00,1,31.2,32.0,25.5,10.2,1.47,1.17,1.07,1624,1.79,14,18,21,23,25,27,28,29,30,32,33,34,35,36,37,39,40,43,46
-15040002539947,-00004d41-3200-0400-0000-00000058d39b,60,4,84.14,33.5602,-7.68088,4,16:00-21:00,1,38.6,40.0,32.8,11.7,9.23,7.57,1.02,3097,7.06,17,22,25,28,32,34,36,38,39,40,42,43,44,45,46,48,49,51,56
-15040003917155,-00004d41-3200-0400-0000-00000058d39c,60,4,46.63,33.56059,-7.68106,4,16:00-21:00,1,35.1,36.0,29.0,11.5,5.8,4.66,1.01,3100,5.83,16,20,22,25,27,29,31,33,35,36,38,39,40,41,43,44,46,48,53
-15040005044027,-00004d41-3200-0400-0000-00000058d808,60,7,121.75,33.55893,-7.65384,4,16:00-21:00,1,18.4,16.0,13.0,10.0,33.69,27.39,1.02,259,25.15,6,8,9,9,10,11,12,13,15,16,17,20,22,24,26,28,30,32,36
-15040006470421,-00004d41-3200-0400-0000-00000058d80b,60,7,182.5,33.5603,-7.65274,4,16:00-21:00,1,21.2,22.0,14.4,10.1,45.74,29.86,0.92,223,39.78,5,6,9,10,13,15,17,19,21,22,23,24,26,26,28,29,32,34,39
-15040003918439,-00004d41-3200-0400-0000-00000058d80c,60,7,153.59,33.56144,-7.6518,4,16:00-21:00,1,28.0,28.0,22.8,8.7,24.22,19.75,0.97,272,24.64,12,19,21,22,24,25,25,26,27,28,29,29,30,32,33,35,37,39,41
-15040003918443,-00004d41-3200-0400-0000-00000058d814,60,7,163.3,33.56069,-7.65359,4,16:00-21:00,1,25.9,26.0,21.0,8.8,28.02,22.61,0.93,288,21.17,11,14,16,19,20,22,24,24,25,26,29,29,29,29,30,32,36,39,39
-15040003983743,-00004d41-3200-0400-0000-00000058d815,60,7,153.96,33.56183,-7.65265,4,16:00-21:00,1,22.9,23.0,17.2,10.2,32.22,24.1,1.0,538,24.52,7,10,11,13,14,16,19,20,22,23,24,26,28,28,30,31,35,37,38
-15040005047061,-00004d41-3200-0400-0000-000000590f7e,60,4,52.29,33.56699,-7.65748,4,16:00-21:00,1,26.4,26.0,18.2,11.4,10.36,7.24,1.11,8877,11.12,6,12,16,19,19,19,20,22,24,26,28,30,32,33,35,37,38,38,44
-15040005047062,-00004d41-3200-0400-0000-000000590f80,60,4,79.36,33.56712,-7.65689,4,16:00-21:00,1,29.3,30.0,26.1,8.0,10.94,9.52,1.05,14572,7.42,15,20,22,24,25,26,27,28,29,30,30,31,32,33,34,35,36,39,42
-15040010605573,-8035046a-0261-43ae-8d02-c68db5d0e2ec,60,1,166.1,33.54718,-7.64665,4,16:00-21:00,1,56.9,57.0,54.7,10.0,10.93,10.49,1.01,23509,2.85,40,45,48,49,51,52,54,55,56,57,58,59,60,62,63,65,66,69,73
-15040010832321,-80fc0398-c002-4c09-b129-2299467349dd,60,6,19.45,33.57139,-7.68454,4,16:00-21:00,1,28.5,29.0,25.3,7.4,2.76,2.41,1.06,1414,1.9,16,20,21,23,24,25,26,27,28,29,29,30,31,32,33,34,35,37,40
-15040010824670,-8154224f-28b7-49d9-a54c-f488980edd0c,60,4,54.74,33.56327,-7.68172,4,16:00-21:00,1,27.4,27.0,24.9,6.4,7.92,7.3,1.06,1726,5.47,18,20,22,23,24,24,25,26,27,27,28,29,29,30,31,32,33,35,38
-15040010779998,-81f2c74b-03fb-453d-b212-d236c652d833,60,4,31.91,33.56838,-7.67291,4,16:00-21:00,1,23.9,24.0,19.5,7.8,5.9,4.79,1.16,1453,9.02,10,14,16,18,19,20,21,22,23,24,25,26,27,28,29,30,32,33,36
-15040010907664,-8210a03b-4b57-4134-8958-56dc800254fa,60,3,57.87,33.57696,-7.67384,4,16:00-21:00,1,15.5,15.0,9.4,9.4,22.06,13.89,1.08,3488,18.19,4,5,5,6,7,8,9,11,13,15,16,18,19,21,22,24,26,28,32
-15040010605544,-8217920a-acb8-469e-b2bd-5c0d895dc0a8,60,7,43.89,33.5447,-7.65202,4,16:00-21:00,1,45.2,45.0,41.6,10.6,3.8,3.51,0.98,5760,2.77,27,32,35,37,39,41,42,43,44,45,46,47,48,50,51,53,55,58,62
-15040010605478,-821f7686-e85b-48d2-ab87-692084b79dff,27,7,164.43,33.54893,-7.64494,4,16:00-21:00,1,50.2,51.0,48.0,9.3,12.33,11.61,1.01,7159,3.92,35,39,41,43,45,46,47,48,50,51,51,52,53,54,55,57,59,62,65
-15040010778951,-82a376d5-99b7-4462-adb1-f057cc74686a,18,7,29.7,33.57244,-7.68485,4,16:00-21:00,1,30.0,27.0,23.8,16.3,4.49,3.96,0.69,30,2.13,12,13,15,17,20,20,21,25,26,27,27,29,32,33,39,40,42,44,57
-15040010780218,-82b34924-4398-43ee-8182-da9949d6ab24,60,6,20.69,33.55538,-7.67851,4,16:00-21:00,1,18.3,18.0,10.4,10.5,7.14,4.14,1.04,1645,7.29,3,4,6,8,10,12,14,16,17,18,19,20,22,23,25,27,29,32,36
-15040010605531,-82c623d4-fea5-49c3-a946-3f01f7cec721,40,2,240.21,33.54764,-7.6461,4,16:00-21:00,1,34.4,34.0,29.6,12.0,29.25,25.43,1.07,9922,13.96,15,19,22,24,26,27,29,31,33,34,36,38,39,41,42,44,46,49,54
-15040010780956,-83370b0d-31cb-4798-9fa3-617ee4cc27c2,60,4,20.32,33.54769,-7.66041,4,16:00-21:00,1,39.1,40.0,32.9,11.1,2.22,1.83,1.08,828,2.75,21,26,28,31,33,35,36,38,39,40,41,42,43,44,45,47,49,51,55
-15040010780809,-835f7887-a75d-46b4-8fdf-a536a60ccbfb,60,4,166.1,33.56817,-7.65986,4,16:00-21:00,1,41.8,43.0,35.3,12.4,16.95,13.91,1.05,9750,17.89,20,24,28,31,35,36,38,40,41,43,45,47,48,49,49,51,53,56,61
-15040010780346,-83e95b24-9c23-4493-b2cf-ad8a2c362e93,60,6,14.43,33.54642,-7.67661,4,16:00-21:00,1,23.3,23.0,19.2,6.9,2.71,2.26,1.02,1589,3.93,12,15,17,18,19,20,21,22,22,23,24,25,26,26,27,29,30,31,34
-15040010912044,-8420873c-92b7-438d-8704-08480290aee0,60,7,15.36,33.56195,-7.65256,4,16:00-21:00,1,20.9,20.0,12.2,12.1,4.52,2.76,1.27,279,5.77,4,6,8,10,12,14,15,17,19,20,22,23,24,26,27,29,31,37,44
-15040011081592,-844ce784-5d0a-414d-93e2-c22ba6facd44,18,7,11.96,33.56209,-7.66871,4,16:00-21:00,1,16.9,12.0,4.9,14.4,8.82,3.59,1.02,77,30.57,2,3,5,6,6,7,8,9,9,12,13,17,18,20,22,29,35,41,50
-15040010841643,-85050150-e871-4d34-b8a0-8143604f2ae6,60,5,90.49,33.54322,-7.6741,4,16:00-21:00,1,20.5,19.0,15.1,10.7,21.64,17.15,1.0,1535,13.63,7,8,9,10,11,12,14,16,17,19,21,23,24,26,28,30,33,35,39
-15040010787201,-8559e8e2-07ef-4a04-a901-9f64a157c5de,60,7,5.48,33.5628,-7.67131,4,16:00-21:00,1,17.9,18.0,14.4,7.8,1.37,1.1,1.12,39,0.78,6,9,9,11,13,14,15,15,16,18,18,19,20,21,23,25,25,27,32
-15040010783020,-8564eb20-5dff-4308-b7dc-347e5d7399d1,60,7,40.09,33.5735,-7.67252,4,16:00-21:00,1,14.8,13.0,10.9,9.0,13.3,11.1,1.17,57,7.81,5,6,7,8,8,9,10,11,12,13,14,16,17,18,19,21,23,25,27
-15040010903662,-859463a1-b3c2-4c12-8815-5b8cdc155628,20,7,269.2,33.54927,-7.65254,4,16:00-21:00,1,50.9,50.0,46.0,15.8,21.06,19.38,1.06,139,6.91,28,31,34,36,38,39,41,43,46,50,53,55,57,61,65,67,69,72,76
-15040010831542,-85dd942b-3ea9-4150-a15b-69517ec12fef,26,7,147.94,33.56559,-7.66002,4,16:00-21:00,1,24.3,23.0,20.8,10.8,25.57,23.16,1.1,73,10.23,12,15,15,16,17,17,18,20,22,23,24,27,28,29,29,31,33,35,37
-15040010604707,-85e28c45-86fb-4f55-b312-4e0ea8bb78bc,60,4,13.19,33.5439,-7.65312,4,16:00-21:00,1,26.3,28.0,15.5,13.0,3.07,1.7,1.09,4113,3.7,4,8,10,13,16,19,22,24,26,28,30,31,33,34,36,37,39,41,45
-15040011002527,-85ec39dc-d6e3-4561-9be9-6db1abee65a0,18,7,12.54,33.55793,-7.65465,4,16:00-21:00,1,17.6,18.0,12.5,6.9,3.6,2.51,1.14,252,4.07,6,9,11,12,13,14,16,17,17,18,19,19,20,20,21,22,24,25,28
-15040010860442,-862393d6-dbab-471e-a04f-4b1eecc97385,60,4,90.66,33.56838,-7.67285,4,16:00-21:00,1,27.3,28.0,24.1,7.4,13.57,11.66,0.94,2666,9.76,15,18,20,22,23,24,25,26,27,28,28,29,30,31,32,33,34,36,39
-15040010939782,-865bd355-edc1-4548-8e29-6d32dbe9f8b6,60,6,118.69,33.56949,-7.67816,4,16:00-21:00,1,23.6,24.0,19.8,7.7,21.59,17.8,1.17,608,14.45,10,13,15,17,18,20,21,22,23,24,25,26,27,28,29,30,31,33,35
-15040010903955,-867557c2-53de-4452-9217-c3e882a13ca5,60,7,9.02,33.56553,-7.66563,4,16:00-21:00,1,21.6,21.0,15.8,10.2,2.06,1.55,0.98,1644,2.02,7,10,12,13,15,16,17,19,20,21,22,23,24,25,27,28,30,33,40
-15040010196682,-86b26d94-c183-4387-b891-3eec554d3eda,60,7,240.37,33.55973,-7.64794,4,16:00-21:00,1,22.4,20.0,17.6,10.8,49.26,43.27,0.99,2111,25.64,9,10,11,12,13,15,16,17,18,20,22,24,26,28,30,32,35,37,41
-15040010915580,-86b40dde-a292-4e13-9634-5bea688691d6,20,7,88.6,33.5519,-7.65667,4,16:00-21:00,1,50.2,48.0,45.4,15.8,7.03,6.64,1.05,144,2.3,28,31,33,35,37,39,40,42,45,48,52,54,56,60,63,66,69,71,75
-15040010782468,-877a48b2-8c77-4fe6-99f4-44b1d9cf13f5,60,5,20.84,33.54327,-7.6696,4,16:00-21:00,1,40.4,41.0,35.7,11.0,2.1,1.83,0.98,1289,1.46,23,26,29,32,34,36,37,38,40,41,42,43,44,46,47,49,51,54,59
-15040010938835,-882befe2-789a-4b93-9e48-76692efdeaf7,19,7,42.44,33.55555,-7.65099,4,16:00-21:00,1,45.4,45.0,29.7,14.8,5.15,3.4,1.2,104,10.18,24,31,37,38,40,42,42,43,44,45,46,46,47,48,49,51,53,59,72
-15040010904459,-88415c74-6a8f-404c-ae7d-3c1ad23eedf7,26,7,214.06,33.5648,-7.6678,4,16:00-21:00,1,24.0,21.0,17.8,14.5,43.26,36.7,0.98,159,26.28,9,10,11,13,14,16,17,19,19,21,22,24,27,28,30,32,35,37,52
-15040010950649,-88826fa5-128c-45db-b239-d2ba71a28523,60,7,28.17,33.56045,-7.68013,4,16:00-21:00,1,22.0,22.0,20.3,5.4,4.99,4.61,0.97,267,1.74,13,15,17,18,19,20,20,21,22,22,23,23,24,25,26,26,27,29,30
-15040010786768,-88dcd0ba-9218-42bf-9a2e-4930913def0d,60,4,151.53,33.55144,-7.66803,4,16:00-21:00,1,35.6,37.0,27.7,13.4,19.72,14.74,0.87,3775,17.0,13,16,19,22,26,29,32,34,36,37,39,41,42,44,46,47,48,51,56
-15040010904690,-896ba29c-4872-4a89-a77e-c3d26e0810e1,60,4,34.24,33.5513,-7.66836,4,16:00-21:00,1,38.8,39.0,30.7,14.4,4.02,3.16,0.88,3861,4.0,14,18,22,27,30,33,34,36,38,39,41,42,44,45,48,50,53,57,63
-15040010904182,-897a6b91-8c66-4433-9af6-486dedbcae02,60,4,58.6,33.55828,-7.65206,4,16:00-21:00,1,39.7,41.0,34.2,11.3,6.17,5.15,1.06,2382,6.63,21,24,27,30,32,34,36,38,39,41,42,43,45,46,47,49,50,53,57
-15040010904651,-8a41bc25-afd1-4542-86e6-0f649cafd260,60,6,11.11,33.54541,-7.6828,4,16:00-21:00,1,30.1,31.0,25.3,8.7,1.58,1.29,1.06,2570,1.54,13,18,21,24,26,27,28,29,31,31,32,33,34,35,36,37,38,39,42
-15040010784947,-8aba170c-ffec-467d-ad87-e89c860dd20b,60,4,87.22,33.5691,-7.67324,4,16:00-21:00,1,23.6,24.0,20.2,7.1,15.55,13.08,1.03,1430,13.39,12,15,17,18,19,20,21,22,23,24,25,25,26,27,28,29,30,32,35
-15040010600227,-8b1afe4a-8fa5-4d8d-81e0-80332c813c49,60,4,11.45,33.54492,-7.66207,4,16:00-21:00,1,39.6,38.0,32.5,14.5,1.27,1.08,1.01,881,0.87,17,22,25,28,30,31,33,35,37,38,40,42,44,47,49,53,56,60,65
-15040011070945,-8b43fd17-eb0e-4649-855f-0a56f2f9835d,18,7,25.7,33.56727,-7.667,4,16:00-21:00,1,36.8,38.0,33.1,9.3,2.8,2.43,0.99,4161,1.44,17,23,28,31,33,34,35,36,37,38,39,40,41,41,42,43,45,46,49
-15040011086778,-8bfc5f22-7e14-4fde-a5c6-03231cbfd79a,60,4,95.14,33.54696,-7.65692,4,16:00-21:00,1,17.9,12.0,10.6,14.0,32.25,28.54,1.02,585,20.99,5,6,6,7,7,8,9,10,11,12,14,15,19,23,26,29,34,38,44
-15040010832439,-8c56478e-4a19-42b5-ac92-e53b56adf3e2,60,4,6.16,33.54791,-7.66016,4,16:00-21:00,1,29.3,23.0,20.8,20.8,1.07,0.96,1.07,51,0.6,10,12,13,15,16,18,19,21,22,23,27,28,30,32,34,37,39,42,81
-15040010853324,-8e1b2809-23db-4afc-bb9a-05f49f9f068c,18,7,35.27,33.56452,-7.65968,4,16:00-21:00,1,14.6,13.0,5.9,11.7,21.56,9.77,1.14,271,26.03,2,2,3,4,5,6,7,9,12,13,14,16,17,19,21,23,24,30,37
-15040010779947,-8e5d2454-7bc6-4965-a237-296b776771b2,60,7,31.99,33.56573,-7.67232,4,16:00-21:00,1,18.8,19.0,15.3,7.5,7.51,6.06,0.86,31,4.23,6,7,13,13,14,16,16,18,19,19,19,20,20,21,22,24,26,27,29
-15040010792125,-8e951f48-898e-4dff-b527-e7541ebc9137,60,4,175.95,33.55068,-7.67328,4,16:00-21:00,1,16.7,13.0,11.4,10.8,55.6,48.72,0.99,4868,33.04,5,6,7,7,8,9,10,11,12,13,15,17,18,21,23,26,29,33,39
-15040010811180,-8e9e2236-3af9-4f15-917d-815f5f14f7ec,60,5,25.54,33.55238,-7.68491,4,16:00-21:00,1,17.2,17.0,10.4,9.3,8.84,5.41,1.02,1442,9.6,3,5,7,9,10,12,13,15,16,17,18,19,20,21,23,25,27,29,33
-15040010850112,-8ea9d31e-f6f3-41d6-87f0-aa9d2e647760,60,7,61.17,33.57621,-7.67476,4,16:00-21:00,1,18.1,20.0,10.9,9.6,20.25,11.01,1.31,88,22.93,4,5,6,8,10,12,15,17,18,20,21,22,23,23,24,24,25,28,31
-15040010787951,-8f3914dc-4c5e-403a-a047-ed7ebe000655,60,7,23.64,33.56128,-7.66149,4,16:00-21:00,1,33.7,31.0,20.8,17.8,4.09,2.75,1.04,10197,6.58,7,12,17,20,23,25,27,29,30,31,33,35,37,39,42,46,49,55,69
-15040010832775,-8f4a2f76-50d1-42ca-b390-32b36f26ab18,60,5,33.83,33.55209,-7.68477,4,16:00-21:00,1,18.0,18.0,10.0,10.9,12.13,6.77,0.98,1419,13.04,3,4,5,6,8,10,12,14,16,18,19,20,22,24,25,28,30,33,37
-15040010862419,-9051b4e6-a45b-4b78-85af-123deab01958,18,7,7.97,33.55493,-7.66612,4,16:00-21:00,1,52.1,54.0,45.8,16.9,0.63,0.53,1.0,405,0.26,27,31,33,35,37,39,42,46,51,54,57,59,61,63,65,68,70,74,79
-15040010833525,-90ef39f0-8302-4f91-b260-35712d0367d4,60,3,94.45,33.54168,-7.66281,4,16:00-21:00,1,37.6,41.0,21.7,16.0,15.67,8.29,1.26,6113,22.23,6,11,18,24,28,33,35,37,39,41,42,44,45,47,49,51,53,56,59
-15040010904499,-911c7f6a-abbc-4f8a-931b-27135a31ccc7,60,6,46.95,33.54538,-7.68291,4,16:00-21:00,1,28.6,30.0,23.2,8.7,7.28,5.63,1.16,2488,8.64,13,16,20,22,24,25,27,28,29,30,31,32,32,33,34,35,37,38,41
-15040010787041,-9129fe82-90a6-49d3-9c37-36c0d1997c92,60,5,19.06,33.54935,-7.67178,4,16:00-21:00,1,30.2,30.0,22.5,11.7,3.05,2.29,0.85,1284,3.25,10,14,18,21,23,25,27,28,29,30,32,33,34,36,37,39,41,44,50
-15040010780480,-916d03c6-78f7-4685-8d55-80834bc44cac,60,6,24.44,33.5465,-7.67637,4,16:00-21:00,1,24.0,24.0,19.9,6.7,4.41,3.67,1.09,1562,6.58,13,16,18,19,20,21,22,23,23,24,25,26,26,27,28,29,30,32,35
-15040011070862,-92b97ea7-7074-457f-8d96-3b6c0ba8338d,25,7,26.21,33.56651,-7.6663,4,16:00-21:00,1,42.5,44.0,37.6,11.9,2.51,2.14,0.99,4208,1.15,18,24,29,34,37,39,40,42,43,44,46,47,48,49,50,52,53,56,59
-15040010835995,-92fc397b-1ae2-448b-9538-cb9ce5f37a2f,60,7,16.65,33.54907,-7.68331,4,16:00-21:00,1,20.6,21.0,16.9,7.4,3.54,2.85,1.0,139,2.41,8,11,13,16,17,18,18,19,20,21,21,21,23,24,25,25,28,29,35
-15040010788675,-930d28fd-45c5-4021-aa13-bd9a31314101,60,7,27.19,33.57372,-7.67266,4,16:00-21:00,1,20.3,21.0,17.2,6.1,5.69,4.66,0.95,53,3.92,9,12,15,16,17,18,18,19,20,21,22,22,23,24,25,25,26,27,28
-15040010605408,-9348a880-825d-41ab-988c-b552aface30b,27,7,40.6,33.54857,-7.64485,4,16:00-21:00,1,55.8,55.0,53.1,11.6,2.75,2.66,0.99,7221,0.78,37,42,45,47,48,50,51,53,54,55,57,58,60,61,63,65,68,71,75
-15040010909938,-93993635-820f-41c6-9401-3696341ca58d,20,7,277.25,33.55266,-7.66084,4,16:00-21:00,1,40.6,38.0,38.2,10.9,26.11,26.27,1.01,69,5.94,28,30,31,32,32,34,34,36,37,38,39,41,42,43,43,47,53,60,64
-15040010789309,-93b67213-9392-499a-b76d-342f15fe07c5,60,7,51.31,33.56276,-7.67128,4,16:00-21:00,1,17.9,17.0,14.4,7.8,12.81,10.87,1.13,39,7.31,6,9,9,11,13,14,15,15,16,17,18,19,20,21,23,25,25,27,32
-15040010836193,-93cbfb48-4b7c-42ec-920b-8ebc988fa384,60,7,24.21,33.57563,-7.67639,4,16:00-21:00,1,24.3,24.0,20.4,8.2,4.26,3.63,1.02,79,2.83,9,14,16,18,19,20,21,22,23,24,26,26,27,29,29,30,31,34,37
-15040010785259,-941a7fd0-4c09-4188-8763-a6c6f603d08f,60,4,103.04,33.5637,-7.68073,4,16:00-21:00,1,29.2,29.0,25.9,8.5,14.33,12.79,0.97,1698,7.4,15,19,21,22,24,25,26,27,28,29,30,31,32,33,35,36,38,40,43
-15040010828023,-9420b695-675d-4de9-a397-fa6b50beccc1,18,7,12.33,33.56329,-7.66446,4,16:00-21:00,1,30.2,29.0,17.8,17.5,2.49,1.53,1.02,109,3.67,7,11,14,16,17,19,23,25,28,29,31,33,35,35,38,41,44,49,63
-15040010839545,-957ba40d-6836-412d-a345-d94284c29bc2,60,4,97.44,33.56723,-7.65847,4,16:00-21:00,1,21.0,18.0,12.2,14.2,28.75,19.49,1.16,10212,24.13,5,6,7,8,9,10,12,14,16,18,20,23,24,27,31,35,36,40,48
-15040010602475,-95f27a65-e86b-4edb-9449-362c5a1222f0,21,7,156.04,33.54636,-7.65964,4,16:00-21:00,1,35.3,36.0,22.8,18.4,24.61,15.6,1.34,60,24.35,6,10,14,20,23,24,29,33,34,36,39,39,40,42,43,46,49,53,56
-15040010910766,-9752cbb9-2468-4cac-a5b7-7693c8d9a5c1,60,7,8.94,33.55783,-7.6524,4,16:00-21:00,1,23.3,23.0,20.0,6.9,1.61,1.4,0.94,77,1.14,12,16,17,18,19,20,21,22,23,23,24,25,25,26,27,27,30,33,36
-15040010839543,-97879143-fe84-45b6-8ebb-894eb029ae54,60,5,44.95,33.54898,-7.67196,4,16:00-21:00,1,30.9,31.0,23.5,11.7,6.9,5.22,1.01,1279,8.27,11,16,18,21,23,25,27,28,29,31,32,34,36,37,39,41,42,45,50
-15040011005134,-97956f46-42dd-4f33-81c0-c7ae2a4ec0b3,26,7,72.38,33.55724,-7.65336,4,16:00-21:00,1,37.8,39.0,33.1,11.4,7.88,6.68,1.03,9224,3.94,18,22,25,28,30,32,34,36,37,39,40,41,43,44,46,47,49,52,55
-15040010861046,-97957f77-c999-4e79-9ad7-4ae2626ef1f4,60,4,65.04,33.56715,-7.65774,4,16:00-21:00,1,39.1,40.0,33.8,11.9,6.93,5.85,0.98,14841,4.41,18,23,27,30,32,34,36,37,38,40,41,42,43,45,46,48,50,54,59
-15040010788911,-97b5f3c8-347d-4e23-9a63-127b16f65721,60,6,27.8,33.56982,-7.68357,4,16:00-21:00,1,17.1,17.0,13.8,6.9,7.23,5.89,1.07,1335,4.77,7,9,10,11,12,13,14,15,16,17,18,19,20,21,22,23,24,26,29
-15040010789577,-9823ca32-e7bd-4830-899e-ba5c2a2dde32,60,7,18.91,33.55566,-7.6831,4,16:00-21:00,1,20.4,16.0,12.6,18.2,5.4,4.25,0.83,31,3.81,5,6,7,10,13,13,13,14,14,16,18,19,19,20,20,22,30,34,76
-15040010834464,-9824e4b6-691f-49cf-ad6b-e8be09df101e,60,7,45.62,33.56088,-7.6503,4,16:00-21:00,1,34.0,33.0,27.5,12.2,5.97,4.98,1.02,3597,5.77,15,20,23,25,27,28,30,31,32,33,35,36,37,38,40,42,45,49,56
-15040011082726,-98f7df35-07e8-4daf-acf0-e62c38d8adb4,60,3,21.72,33.56219,-7.66818,4,16:00-21:00,1,27.5,25.0,18.2,16.7,4.3,3.13,1.21,6436,4.46,7,11,14,17,19,20,22,23,24,25,26,27,28,29,30,32,36,45,69
-15040010914479,-991cbc08-6876-4455-a0ac-0dda8905cf17,60,6,25.82,33.54795,-7.67755,4,16:00-21:00,1,12.8,9.5,3.9,12.5,24.13,9.78,1.39,70,46.86,1,2,4,4,5,5,6,7,9,10,10,11,13,14,16,18,19,26,42
-15040010790699,-993a2687-83ab-4c56-b36a-3d90f417818b,60,4,53.18,33.55214,-7.66633,4,16:00-21:00,1,20.5,18.0,8.6,15.2,22.17,10.64,0.86,3544,23.84,3,3,4,5,6,8,10,13,15,18,21,24,27,29,32,34,37,41,47
-15040011037756,-997adda0-0882-4d8c-bc44-82a5f5c5ae49,60,4,20.41,33.54962,-7.67724,4,16:00-21:00,1,37.2,39.0,30.1,12.4,2.44,1.88,1.0,3789,3.33,17,20,23,26,29,32,34,36,37,39,40,41,42,43,45,46,49,52,57
-15040010789746,-9995c9cc-0c4e-40be-94b6-b6818608990c,60,4,36.97,33.54501,-7.66201,4,16:00-21:00,1,42.5,42.0,35.7,13.8,3.72,3.17,0.97,859,2.68,19,24,28,32,35,37,38,40,41,42,44,45,47,48,51,55,57,61,65
-15040010835193,-99b76ded-8fb4-4ee7-9650-79fe497676f9,18,7,190.46,33.56327,-7.68172,4,16:00-21:00,1,15.7,16.0,13.5,5.0,50.73,42.85,1.16,32,26.05,6,9,12,12,12,13,15,16,16,16,16,16,17,17,18,20,20,21,23
-15040010811842,-9a5cc6ac-0932-4b0e-97da-d2ae65456676,60,5,18.78,33.55277,-7.68511,4,16:00-21:00,1,27.2,28.0,22.1,10.1,3.06,2.41,0.95,1031,2.14,10,14,17,18,21,23,24,26,27,28,29,30,31,32,34,35,36,38,42
-15040010791184,-9a6254ae-d928-4691-bd5f-9ee220e8d86b,60,4,20.99,33.55053,-7.67441,4,16:00-21:00,1,38.5,41.0,31.5,12.3,2.4,1.84,0.96,4914,2.84,15,19,23,27,31,35,37,39,40,41,42,43,44,46,47,48,50,52,55
-15040010940875,-9a625989-06f4-4ee4-8d2d-9df052deed4f,60,6,69.43,33.56854,-7.67756,4,16:00-21:00,1,14.2,13.0,9.6,7.8,25.95,19.23,1.1,703,20.72,4,5,6,6,7,8,9,10,12,13,15,16,18,19,20,22,23,25,27
-15040010779034,-9a96bf9a-9748-44a6-9596-6a19383d9085,60,4,76.27,33.56649,-7.67409,4,16:00-21:00,1,31.1,30.0,27.0,9.3,10.16,9.15,1.01,2716,7.42,16,20,22,24,26,27,28,29,30,30,31,33,34,35,36,38,40,43,47
-15040010273192,-9aa910f7-7048-4feb-882b-32921b78b760,60,6,158.46,33.55719,-7.64967,4,16:00-21:00,1,22.7,19.0,15.3,13.7,37.21,30.02,1.04,3696,23.16,7,8,9,9,10,12,13,15,17,19,21,24,27,30,33,36,40,43,48
-15040010905808,-9b082fd3-458c-4700-9c63-c34e34624b55,60,7,24.93,33.54861,-7.67788,4,16:00-21:00,1,9.9,8.2,5.7,7.7,15.79,10.96,0.84,130,15.94,2,3,4,4,5,5,6,7,8,8,9,10,11,11,12,13,14,18,23
-15040011070808,-9b4cd242-e302-401f-9918-dea69ef7f366,60,3,231.4,33.56966,-7.66794,4,16:00-21:00,1,24.3,19.0,17.2,14.6,48.48,43.84,1.01,6988,27.57,8,9,10,11,12,14,15,16,18,19,21,24,26,30,34,39,44,48,52
-15040010811185,-9b662edc-3d38-4fe6-82f8-aebd7bc85254,60,6,23.65,33.55246,-7.68537,4,16:00-21:00,1,22.5,22.0,15.3,10.3,5.57,3.87,1.16,426,6.03,6,9,11,14,15,17,18,19,21,22,23,24,26,28,29,30,33,35,40
-15040010792302,-9b9bfadf-d7ec-40de-9634-fd2a0fe72ee8,60,7,21.32,33.57558,-7.67361,4,16:00-21:00,1,23.4,24.0,20.6,6.3,3.73,3.2,0.65,41,2.08,16,18,19,19,20,20,21,22,23,24,24,25,25,26,26,27,28,31,35
-15040011071417,-9bb970d8-589c-4bc5-9255-34c52cebd083,18,7,16.97,33.5663,-7.66619,4,16:00-21:00,1,42.3,44.0,37.4,12.1,1.63,1.39,1.0,4218,0.75,18,23,29,33,36,38,40,41,43,44,45,46,48,49,50,52,54,56,59
-15040010830357,-9c744095-afd3-46cf-82a7-7a28308d4d62,60,4,90.93,33.54922,-7.68745,4,16:00-21:00,1,30.9,32.0,27.1,8.0,12.08,10.23,1.01,1332,9.81,18,22,24,26,27,28,29,30,31,32,32,33,34,34,35,36,37,39,41
-15040010793483,-9d35dfa4-0c3f-4c3b-803e-b7692a897776,60,7,13.81,33.56544,-7.67234,4,16:00-21:00,1,18.3,19.0,15.3,6.4,3.26,2.62,0.86,31,1.81,6,7,13,13,14,16,17,18,19,19,19,20,20,21,22,24,26,27,28
-15040010906135,-9def8cf4-3ad1-4c96-afdb-56b46f223356,20,7,71.94,33.55112,-7.65547,4,16:00-21:00,1,42.0,39.0,39.3,11.6,6.59,6.64,1.04,56,1.6,27,30,32,32,32,34,36,37,39,39,41,42,43,43,47,50,58,62,65
-15040010967907,-9e676c12-814c-4a50-a95d-adb0fbb35b8b,60,4,66.39,33.54899,-7.67917,4,16:00-21:00,1,16.9,16.0,11.0,10.1,21.81,14.94,0.99,3021,16.32,5,5,6,7,8,9,10,12,14,16,17,19,21,23,24,26,28,31,35
-15040010602789,-9e75131e-0586-47b1-ab1f-32d4e672d278,60,7,234.8,33.54592,-7.64995,4,16:00-21:00,1,53.2,53.0,49.3,13.1,17.15,15.95,0.91,711,6.13,31,37,41,44,46,47,49,51,52,53,54,56,57,59,61,63,66,69,75
-15040010827146,-9ebf77de-52fc-4ff8-811e-0545ea554b72,60,6,9.76,33.56845,-7.67591,4,16:00-21:00,1,25.3,26.0,18.4,9.4,1.91,1.35,1.32,2060,2.65,9,12,14,17,19,21,22,24,25,26,27,28,29,30,32,33,35,37,40
-15040010914480,-9f530e4a-486d-484b-b5e1-c705c9bf9359,60,4,11.4,33.55837,-7.652,4,16:00-21:00,1,41.1,42.0,36.0,11.8,1.14,0.98,1.05,2383,0.97,22,25,28,30,33,35,37,39,41,42,44,45,46,48,49,51,52,55,59
-15040010836643,-9f707780-188e-4650-a786-dad967fd3b46,18,7,28.41,33.55303,-7.6742,4,16:00-21:00,1,16.7,18.0,14.8,4.6,6.9,5.68,1.02,51,3.18,7,10,12,13,14,15,16,17,17,18,19,19,19,19,20,20,21,22,23
-15040010795398,-9fed314e-11da-4ff5-8312-75b09ceacde6,60,6,25.59,33.5556,-7.6786,4,16:00-21:00,1,22.0,21.0,14.2,11.5,6.47,4.39,1.13,1642,6.56,5,7,9,12,14,16,17,19,20,21,23,24,25,27,29,30,33,37,44
-15040010838462,-9ff8557b-78e5-40d0-b3a6-442ec0ae6722,20,7,10.56,33.55462,-7.66422,4,16:00-21:00,1,47.5,45.0,44.2,12.5,0.86,0.84,1.06,1707,0.25,29,33,35,37,38,40,42,43,44,45,47,49,52,54,57,59,61,65,69
-15040010843378,-a05d9a24-12d1-42d4-b12e-b7f713cb748c,60,7,40.42,33.57597,-7.67535,4,16:00-21:00,1,16.0,16.0,10.6,9.6,13.72,9.09,1.25,89,12.37,4,5,6,8,10,10,13,14,14,16,16,17,18,19,21,22,23,24,31
-15040010832311,-a0be5064-ab80-479e-bc24-2d591f1e762c,60,7,76.37,33.56223,-7.66389,4,16:00-21:00,1,43.8,42.0,39.1,14.4,7.04,6.55,1.01,8114,2.96,22,27,31,35,37,38,39,40,41,42,43,44,45,47,48,50,53,63,74
-15040010605621,-a0c9a5df-1630-4cda-8ac5-bf7debba26f0,60,1,45.89,33.54579,-7.64962,4,16:00-21:00,1,60.1,60.0,58.1,10.1,2.84,2.75,1.0,23752,0.61,43,48,51,53,54,56,57,58,59,60,61,62,64,65,66,68,69,72,76
-15040010782814,-a0d4bf3e-a93f-4d71-9610-ef46729271bd,60,6,96.71,33.55297,-7.68386,4,16:00-21:00,1,20.1,18.0,14.1,10.8,24.78,19.34,1.06,791,20.35,7,8,9,10,11,12,14,15,17,18,20,22,24,26,28,30,32,35,40
-15040010799790,-a10a8f5a-ccc9-4300-826d-d49af3aac9ee,60,7,19.78,33.56961,-7.67583,4,16:00-21:00,1,12.4,12.0,10.8,4.6,6.61,5.93,1.26,36,2.53,6,7,7,8,9,9,10,11,11,12,12,12,14,14,15,15,18,19,21
-15040010839088,-a202d7cc-fc4d-4b8a-88d6-1b20557133df,60,4,8.35,33.56645,-7.67417,4,16:00-21:00,1,34.2,35.0,27.6,12.5,1.09,0.86,0.99,2723,0.83,14,18,21,23,25,27,29,31,33,35,36,38,39,41,42,45,47,51,55
-15040010796392,-a282116d-6480-4afb-8028-f28739dcc8c0,60,3,115.41,33.54109,-7.66929,4,16:00-21:00,1,40.8,42.0,36.3,11.8,11.43,9.89,1.04,5898,5.15,20,24,27,30,34,36,38,39,41,42,43,44,46,47,48,50,52,54,58
-15040010832642,-a3462e2f-25a3-46f2-9e3d-0e807b34bd4c,18,7,36.73,33.54858,-7.67268,4,16:00-21:00,1,15.6,14.0,8.3,9.1,15.87,9.44,1.1,34,23.72,2,7,8,8,9,10,10,12,14,14,15,17,19,19,20,21,23,30,37
-15040010822314,-a38d86b3-23a6-4a14-8fa1-363824b28f45,60,6,19.55,33.57247,-7.68523,4,16:00-21:00,1,25.8,26.0,20.5,8.6,3.44,2.71,1.12,1458,5.14,12,15,18,19,20,21,23,24,25,26,27,28,29,30,31,32,34,36,40
-15040010916938,-a3c17dd0-9e08-4023-875c-361d820bac9d,60,7,10.69,33.55835,-7.65553,4,16:00-21:00,1,21.5,20.0,10.9,13.9,3.52,1.92,0.82,131,6.48,4,7,9,11,12,14,15,18,19,20,22,23,25,26,28,30,32,36,44
-15040010477173,-a3d45142-228e-4fcd-a4d3-b82cddb6da78,60,1,25.78,33.54377,-7.65327,4,16:00-21:00,1,62.3,63.0,57.6,13.3,1.61,1.47,0.99,20616,0.84,37,47,52,54,56,58,59,61,62,63,64,66,67,69,70,72,74,77,81
-15040010797206,-a5e839aa-75e5-402f-8ce1-80f6dc9a2b86,60,6,29.68,33.55118,-7.67658,4,16:00-21:00,1,23.9,24.0,18.4,8.9,5.82,4.45,0.99,1787,5.89,8,12,15,17,18,20,21,22,23,24,25,26,27,28,29,31,33,35,39
-15040010266866,-a6552e15-945e-429b-8ed2-5352cb937d26,60,6,37.94,33.54591,-7.66912,4,16:00-21:00,1,35.4,35.0,31.5,9.8,4.34,3.9,1.04,5407,2.61,19,23,26,28,30,32,33,34,35,35,37,38,39,40,41,43,45,47,51
-15040010604708,-a6c2c0ea-4324-4b1b-bb2a-b8a626385dc9,60,4,3.65,33.54388,-7.65308,4,16:00-21:00,1,27.6,29.0,18.9,11.9,0.69,0.45,1.09,4117,0.83,7,10,13,17,19,22,24,26,28,29,31,32,33,34,35,37,38,40,45
-15040011038472,-a73d74a3-3f42-4b05-a27c-2abccc304eef,60,4,21.43,33.55008,-7.67582,4,16:00-21:00,1,32.7,34.0,24.1,11.6,3.2,2.27,1.07,4848,11.67,13,17,20,22,25,27,29,31,33,34,35,36,37,39,40,42,44,46,50
-15040010846591,-a751fda0-b9dc-4383-9526-88311b785170,60,7,44.64,33.56221,-7.68012,4,16:00-21:00,1,22.9,22.0,21.0,6.0,7.66,7.3,0.97,138,3.26,16,17,18,19,20,20,21,21,22,22,23,24,24,25,26,26,27,29,31
-15040010823154,-a770fbe2-8a58-44f6-a5c4-238264372fb7,60,4,8.47,33.55127,-7.66844,4,16:00-21:00,1,38.0,38.0,29.4,14.7,1.04,0.8,0.85,3869,1.38,14,18,21,25,29,31,33,35,36,38,40,41,43,45,47,50,53,57,63
-15040010795194,-a7b63007-af7e-4089-b5e2-a8c89f120b47,18,6,34.63,33.55246,-7.68537,4,16:00-21:00,1,19.1,19.0,14.6,8.3,8.51,6.56,1.06,158,6.21,7,9,10,12,13,14,15,17,18,19,20,20,22,23,25,26,28,29,34
-15040010914977,-a7e96a9d-7afd-44a1-b351-ff9e2d9bec06,18,7,18.12,33.56603,-7.65428,4,16:00-21:00,1,26.3,25.0,15.2,15.2,4.28,2.61,1.08,1543,5.6,5,9,11,13,15,17,19,21,23,25,27,29,31,33,35,37,40,45,54
-15040011070968,-a818e984-3a3f-46bc-9ada-a13d8ac62929,25,7,81.57,33.56711,-7.66679,4,16:00-21:00,1,40.6,42.0,36.4,10.5,8.07,6.99,0.99,4175,3.79,18,23,29,35,37,38,40,41,41,42,43,44,45,46,47,48,50,51,55
-15040010939110,-a85b04f1-a080-4ce4-b5dd-ac85e8861293,60,4,10.8,33.55581,-7.65066,4,16:00-21:00,1,31.7,30.0,25.3,13.0,1.54,1.3,1.04,16911,1.03,11,15,19,22,24,26,27,28,29,30,31,32,34,36,39,42,45,49,57
-15040010797985,-a8705076-0053-479e-b5ef-a3b825e2732f,60,3,116.31,33.5433,-7.66347,4,16:00-21:00,1,35.7,36.0,33.3,8.2,12.57,11.63,1.01,6202,4.56,22,26,28,30,31,32,32,33,35,36,37,38,39,40,41,43,44,45,47
-15040010860396,-a8f38876-2fe0-4b29-aa3b-8f1f2921bb1f,60,6,17.19,33.54656,-7.68039,4,16:00-21:00,1,23.2,24.0,18.0,7.5,3.44,2.58,1.14,2103,4.34,9,14,16,18,19,20,21,22,23,24,24,25,26,27,28,29,30,32,35
-15040010965357,-a915456b-a2e4-424c-8af1-eb9ba36d497c,60,6,74.77,33.54938,-7.67835,4,16:00-21:00,1,27.4,28.0,22.9,9.1,11.76,9.61,1.03,3319,9.88,12,15,17,19,22,23,25,26,28,28,29,30,31,32,33,34,35,38,41
-15040010206300,-a988389e-9789-4f1b-9d15-2d43a431f49e,60,3,22.74,33.55286,-7.66544,4,16:00-21:00,1,31.2,29.0,24.9,13.9,3.29,2.82,1.01,8021,2.5,14,17,19,21,23,25,26,27,28,29,30,31,33,34,36,38,41,47,60
-15040011069059,-a9c23701-1335-4653-8317-235376a0dbbe,26,7,145.39,33.55811,-7.66263,4,16:00-21:00,1,43.4,40.0,40.2,12.9,13.03,13.09,1.0,933,3.53,28,30,32,33,34,35,36,38,39,40,41,43,44,48,51,56,59,62,68
-15040010844890,-a9c52156-c19d-44f4-95f0-975dbb7229c5,60,7,20.65,33.55367,-7.66756,4,16:00-21:00,1,17.3,19.0,4.4,11.6,16.8,3.91,1.22,119,29.27,1,1,2,4,6,10,13,14,15,19,21,22,23,25,27,28,28,31,33
-15040010799656,-aa8d00ab-a1af-416d-9638-cd3dcea9e77f,60,6,19.48,33.56853,-7.67573,4,16:00-21:00,1,25.4,26.0,18.5,9.9,3.79,2.7,1.28,2180,4.9,8,12,14,17,19,20,22,23,25,26,27,28,29,31,32,33,35,38,41
-15040011083468,-aa9afadc-6651-4452-9b1f-eb0fae02f391,60,4,6.61,33.54376,-7.65351,4,16:00-21:00,1,29.7,29.0,24.2,11.3,0.99,0.82,0.98,7553,0.75,13,17,19,21,22,24,25,26,28,29,30,32,33,34,36,38,41,44,49
-15040010911923,-ab1c5338-3267-4429-abcf-4cd590b48c8d,60,4,8.56,33.55566,-7.65046,4,16:00-21:00,1,34.9,35.0,24.8,14.7,1.25,0.88,1.03,3106,1.4,10,14,19,22,25,28,30,32,33,35,37,39,41,43,45,47,49,52,57
-15040010912276,-ab20025b-2019-4c5f-b8bc-b97f5d4080c1,60,7,94.94,33.55877,-7.65517,4,16:00-21:00,1,23.7,24.0,19.8,8.2,17.3,14.24,1.1,249,12.12,10,13,16,17,19,20,21,22,23,24,25,25,26,27,28,29,31,33,38
-15040010940198,-ab596932-4058-42b0-9dd9-3b6ddd05757c,60,7,139.1,33.56675,-7.66467,4,16:00-21:00,1,25.1,24.0,19.8,10.6,25.26,20.87,1.06,44,18.01,11,14,15,15,16,17,18,20,23,24,26,29,31,32,32,34,36,37,43
-15040011069585,-ab8a7098-3f89-4ec8-b142-541bd01ed585,60,3,19.36,33.56188,-7.66892,4,16:00-21:00,1,21.5,18.0,10.8,16.3,6.44,3.87,1.3,10245,8.06,3,5,7,9,11,12,14,15,17,18,20,22,24,26,28,30,33,38,60
-15040010790935,-abf7bc75-5f3a-4158-849e-e4375f779439,60,6,23.17,33.57231,-7.68513,4,16:00-21:00,1,26.4,26.0,22.1,7.7,3.78,3.21,1.02,1405,5.91,14,17,19,20,21,22,24,24,25,26,27,28,29,30,31,32,34,36,39
-15040011038150,-ac0ea3a4-161e-4bfc-8ced-c42f96099513,25,7,87.58,33.55008,-7.67582,4,16:00-21:00,1,21.5,21.0,17.9,8.1,17.64,15.01,1.02,183,11.26,9,12,15,16,17,18,19,19,20,21,22,23,24,25,26,27,29,31,33
-15040010266814,-aca737b7-9689-4bcd-b2b8-f86b38320d3c,60,6,20.65,33.54582,-7.66893,4,16:00-21:00,1,33.5,32.0,29.9,10.1,2.48,2.32,1.01,4728,1.16,19,22,24,26,27,28,29,30,31,32,33,35,36,38,40,42,44,47,51
-15040010611863,-ad0b61aa-2382-404b-82a6-cadab7fc543d,60,7,130.47,33.55045,-7.64512,4,16:00-21:00,1,65.3,72.0,47.1,28.2,9.98,6.52,0.93,36,7.45,18,19,30,32,41,48,54,70,71,72,76,78,84,86,86,88,89,96,110
-15040010916665,-adb2bc94-e17f-4a95-b97c-f2cf85c6e241,22,7,112.37,33.56357,-7.6601,4,16:00-21:00,1,22.8,21.0,11.1,13.9,36.52,19.26,1.14,153,45.5,3,4,6,8,11,15,17,19,20,21,23,25,28,29,32,36,39,43,48
-15040010273281,-ae77125d-8db9-4d5a-9c17-307287394399,60,4,27.48,33.55572,-7.6504,4,16:00-21:00,1,35.9,36.0,31.2,11.7,3.17,2.75,1.03,18414,1.71,18,20,24,27,29,30,32,33,34,36,37,38,39,41,42,44,46,50,56
-15040010801643,-aeaabaef-2427-474f-b88e-ac9ff675e121,18,7,9.4,33.562,-7.66309,4,16:00-21:00,1,42.6,47.0,13.2,17.7,2.56,0.72,2.32,39,7.46,1,15,18,21,33,40,44,46,47,47,48,49,50,51,53,53,56,58,69
-15040010801375,-af234e8d-314a-4f13-b0bc-5e0579887bb7,60,4,11.77,33.55962,-7.65115,4,16:00-21:00,1,35.9,35.0,31.2,11.5,1.36,1.21,0.95,2637,1.12,19,22,24,26,28,30,31,33,34,35,37,38,40,41,43,45,47,50,55
-15040010622322,-af3d8083-ef97-4bbb-8b1f-3a7350773bf4,60,7,20.23,33.54548,-7.67755,4,16:00-21:00,1,19.3,19.0,15.0,8.8,4.87,3.83,1.25,246,4.45,7,11,12,14,15,16,17,18,18,19,20,20,21,22,23,24,25,27,30
-15040011005698,-af8344d2-0e78-44bd-9cd4-0d6c75b0bfa3,60,4,13.16,33.55707,-7.65297,4,16:00-21:00,1,28.9,30.0,20.6,11.8,2.3,1.58,1.07,1987,2.64,8,13,16,19,22,24,25,27,29,30,31,32,33,35,36,38,40,42,47
-15040010833216,-af9b0fa9-250e-4490-8c1d-d735890d0148,60,5,64.36,33.54312,-7.67478,4,16:00-21:00,1,28.2,28.0,21.8,9.2,10.64,8.27,0.97,1496,14.3,12,17,20,22,23,24,25,26,27,28,29,30,31,32,34,36,37,39,43
-15040010802168,-afbd4b31-54e5-47c6-aef1-51de3b9a88de,60,7,10.95,33.56225,-7.68001,4,16:00-21:00,1,22.5,22.0,20.2,6.3,1.95,1.79,0.98,145,0.89,12,17,18,19,20,20,21,21,22,22,23,24,24,25,25,26,27,29,31
-15040010826141,-afcd4d25-2f90-4a0e-afcd-2cfe51bf5033,60,5,17.73,33.54828,-7.6723,4,16:00-21:00,1,32.8,34.0,26.2,11.6,2.44,1.88,0.95,1288,2.2,13,16,19,22,25,27,29,31,32,34,36,37,39,40,41,42,44,46,50
-15040010918593,-b029b130-afe4-4df7-8017-bab945c59922,20,7,141.25,33.5519,-7.65667,4,16:00-21:00,1,42.0,39.0,39.3,11.6,12.93,13.04,1.04,56,3.14,27,30,32,32,32,34,36,37,39,39,41,42,43,43,47,50,58,62,65
-15040010273328,-b06fec48-36e9-401c-9b93-3f963818dbec,60,4,7.84,33.55587,-7.65063,4,16:00-21:00,1,31.4,30.0,23.4,13.1,1.21,0.94,1.08,16873,1.31,10,14,18,21,23,25,27,28,29,30,32,33,34,36,39,42,46,50,55
-15040010799880,-b07721dd-5aab-4a9a-9fec-4d7905208209,60,4,102.42,33.56752,-7.67298,4,16:00-21:00,1,26.3,27.0,22.9,7.5,16.1,13.66,1.06,1567,11.52,13,16,19,21,22,23,24,25,26,27,28,29,30,30,31,32,34,35,37
-15040010605569,-b0a62eed-cab8-4761-95c7-5b03f0d3e8ee,60,1,17.68,33.54613,-7.64854,4,16:00-21:00,1,59.6,60.0,57.3,10.5,1.11,1.06,1.0,23702,0.27,41,47,50,52,54,55,57,58,59,60,61,62,63,64,66,67,69,72,76
-15040011083687,-b0b4e127-8de0-4c25-b462-900999fdc0a9,60,3,13.01,33.56199,-7.66866,4,16:00-21:00,1,25.5,24.0,15.7,15.2,2.98,1.95,1.32,10329,4.54,6,9,12,14,16,18,19,21,22,24,25,27,28,30,31,33,35,39,60
-15040010842463,-b0b67e73-a2bf-42af-8d3a-c72e4adf8922,60,7,28.12,33.5594,-7.6574,4,16:00-21:00,1,26.1,25.0,12.1,15.0,8.34,4.05,0.9,9538,12.23,3,5,9,13,16,18,20,22,23,25,27,28,30,33,36,39,43,47,53
-15040010845532,-b0d1af46-fede-408c-9975-54db009e025a,60,4,95.08,33.55009,-7.67143,4,16:00-21:00,1,22.4,23.0,14.3,10.4,23.88,14.88,0.95,5708,23.59,4,7,9,12,15,17,19,21,22,23,25,27,28,29,30,31,33,35,37
-15040011038375,-b0eddabe-40f4-4816-8f30-1b4d43dc709a,18,7,62.75,33.54879,-7.67521,4,16:00-21:00,1,23.3,21.0,19.2,9.8,11.75,10.76,1.02,78,5.96,8,13,15,16,17,18,19,19,20,21,21,22,23,26,28,33,37,38,43
-15040010591187,-b12cd6ff-218b-4388-bd8b-a71a8dd751df,60,7,29.01,33.54677,-7.64838,4,16:00-21:00,1,35.6,39.0,24.3,12.2,4.29,2.68,0.94,68,6.32,12,14,24,27,30,33,34,35,36,39,40,41,41,42,43,46,46,49,50
-15040010800072,-b1b187f3-0f50-4f3e-8828-9e945e2f0fad,60,6,25.87,33.54668,-7.68063,4,16:00-21:00,1,24.6,25.0,20.6,7.5,4.51,3.73,1.06,2070,3.64,11,15,18,19,20,21,22,23,24,25,26,27,27,28,29,30,32,34,37
-15040010937359,-b1e73f17-2295-4012-86d9-1ccd588bb41e,60,6,8.89,33.55889,-7.67789,4,16:00-21:00,1,26.2,26.0,19.2,10.2,1.67,1.23,1.17,132,2.28,9,14,17,19,20,22,23,25,26,26,28,29,30,31,32,33,35,37,39
-15040010908107,-b2058d1c-05fa-4ec7-8b63-45dbc8cfd2ec,60,3,62.73,33.55374,-7.66586,4,16:00-21:00,1,39.8,37.0,25.3,22.0,8.91,6.1,0.87,5492,7.96,8,11,15,20,24,27,29,32,35,37,40,43,46,49,53,59,65,71,81
-15040010839051,-b29626e7-fb9a-48a8-b0d3-cc630961d1cc,60,4,43.33,33.55238,-7.66583,4,16:00-21:00,1,15.9,16.0,6.6,11.2,23.57,9.75,1.05,3355,28.9,2,2,3,4,7,10,12,13,14,16,16,17,18,20,21,23,26,31,37
-15040010803285,-b2e1bc5a-bdb8-46a6-bb2f-de6561d693c5,21,7,114.72,33.56193,-7.66094,4,16:00-21:00,1,26.0,26.0,20.9,9.0,19.8,15.88,1.16,124,16.49,11,14,17,19,21,22,23,24,25,26,27,29,29,30,31,33,36,38,41
-15040010843851,-b312fbf6-a59b-42f9-8d93-ee29379e05a4,60,6,26.52,33.55239,-7.68564,4,16:00-21:00,1,20.9,20.0,10.2,12.8,9.4,4.77,1.12,552,12.52,3,4,5,7,9,11,14,17,19,20,23,25,27,29,31,33,35,37,41
-15040010809929,-b357b81e-4db5-4945-b7db-1bf7e3d49974,18,7,10.67,33.555,-7.66615,4,16:00-21:00,1,55.1,57.0,47.7,18.3,0.8,0.67,0.86,525,0.37,26,31,33,36,39,42,47,53,55,57,59,61,64,66,68,71,76,79,82
-15040010859400,-b3870aec-b0e5-4bc9-af58-a9c237524d13,60,3,78.88,33.55251,-7.66514,4,16:00-21:00,1,32.5,28.0,20.7,20.9,13.69,10.14,1.09,4774,11.31,8,10,12,15,18,20,23,25,26,28,29,31,33,35,40,47,57,66,76
-15040010392722,-b3891502-4787-4810-8ba3-d7c2909da9a3,60,4,414.77,33.54882,-7.65269,4,16:00-21:00,1,32.5,32.0,27.5,12.0,54.27,46.66,1.11,2641,25.98,14,18,20,21,23,24,26,28,30,32,34,36,38,39,41,43,45,48,52
-15040010814681,-b41937a7-e4d6-4705-963c-44c357aca5ba,18,7,12.11,33.56213,-7.66396,4,16:00-21:00,1,26.3,22.0,17.2,14.8,2.54,1.98,0.77,42,2.82,7,13,14,16,16,17,18,19,22,22,24,26,28,31,33,34,42,50,58
-15040010910768,-b4a74b2a-3482-483e-ba3b-5cf168b68e14,60,4,14.61,33.55207,-7.66646,4,16:00-21:00,1,32.2,34.0,16.7,15.8,3.15,1.55,0.87,3774,6.41,5,9,12,16,19,23,26,29,32,34,37,39,41,42,44,46,49,52,55
-15040010800021,-b4a8a52c-e7da-4c4b-885f-35b4505f0d31,60,4,72.05,33.5659,-7.67542,4,16:00-21:00,1,35.1,33.0,29.5,11.6,8.81,7.86,1.05,2549,9.38,18,22,25,27,28,29,29,30,32,33,35,37,39,42,43,45,47,50,55
-15040010412408,-b54305e1-2021-4a32-8952-51b2c295e8de,18,7,171.18,33.54733,-7.67756,4,16:00-21:00,1,17.0,17.0,11.9,6.8,51.62,36.25,1.25,80,52.66,4,7,10,12,13,14,15,16,17,17,17,18,20,21,21,23,23,25,26
-15040010841907,-b55f310c-9389-4185-b978-53e5cae4f67f,60,4,178.75,33.55052,-7.67024,4,16:00-21:00,1,34.6,36.0,29.3,11.2,21.96,17.88,0.87,3757,13.35,15,18,21,24,28,30,32,34,35,36,37,38,39,40,42,44,46,47,49
-15040010522665,-b581d4ca-3953-471c-857f-0532a45d882b,60,4,6.64,33.54393,-7.65325,4,16:00-21:00,1,26.3,25.0,17.9,12.0,1.34,0.96,1.0,12884,2.23,9,13,15,17,18,19,21,22,23,25,26,28,29,31,33,35,38,41,47
-15040010793333,-b586bedf-f016-49e2-af63-5687589fcab0,60,7,26.0,33.57392,-7.67279,4,16:00-21:00,1,20.3,21.0,17.1,6.2,5.47,4.46,0.95,53,3.75,9,12,14,16,17,18,18,19,20,21,22,22,23,24,25,25,26,27,28
-15040010266917,-b5c87ee5-8df3-44f6-8d4c-3b5a6b111348,60,3,30.06,33.5457,-7.66864,4,16:00-21:00,1,27.7,27.0,15.3,14.7,7.06,4.01,0.97,6996,8.58,4,6,12,16,19,21,22,24,25,27,29,30,32,34,37,40,43,46,52
-15040010802825,-b5f5532e-98fa-45e9-9d43-8058ebda47c0,60,6,15.81,33.56994,-7.68364,4,16:00-21:00,1,21.8,22.0,18.1,7.0,3.14,2.59,1.17,1343,2.87,10,13,15,16,17,18,19,20,21,22,23,24,24,25,26,27,29,30,33
-15040010850525,-b609046d-1d2b-4e0e-9ade-f2b095922a4a,60,4,145.1,33.56076,-7.65038,4,16:00-21:00,1,36.3,37.0,32.7,10.0,15.99,14.12,1.01,2697,8.77,20,23,26,28,30,32,33,34,35,37,38,39,40,41,43,44,46,48,52
-15040010951387,-b661edfb-f9b5-4d9c-917e-45bf73fc8aa0,60,7,72.5,33.56108,-7.67954,4,16:00-21:00,1,23.0,23.0,20.8,5.6,12.53,11.35,0.99,272,5.71,13,17,18,19,20,21,22,22,23,23,24,24,25,26,27,27,29,29,31
-15040010805588,-b67ec1a2-52bd-436c-a8ad-413056650690,60,6,16.4,33.57213,-7.68501,4,16:00-21:00,1,25.7,25.0,22.7,7.4,2.6,2.36,1.02,1402,1.88,15,17,18,20,21,22,23,24,24,25,26,27,28,29,31,32,33,35,38
-15040010804278,-b6976df8-363f-4f25-a1da-125fc9a2d56f,60,5,140.02,33.54329,-7.66982,4,16:00-21:00,1,29.9,30.0,27.6,7.3,18.25,16.8,0.97,1247,8.2,19,22,23,24,25,26,27,28,29,30,30,31,32,33,34,35,36,38,42
-15040010803336,-b70a2d99-443a-4b55-a001-5c0b4e3518b8,20,7,388.56,33.55266,-7.66084,4,16:00-21:00,1,47.3,43.0,42.6,15.5,32.83,32.53,1.02,186,10.71,27,29,31,33,35,37,38,40,42,43,46,49,53,56,57,63,66,70,75
-15040010862323,-b71e16ba-8603-4f62-ac2a-ad469b9804ad,60,4,19.55,33.55061,-7.6742,4,16:00-21:00,1,37.6,40.0,30.8,12.2,2.29,1.76,0.94,5125,2.03,14,19,22,26,30,33,36,38,39,40,42,43,44,45,46,47,49,51,54
-15040010908955,-b72ec582-9a0c-463c-b2c1-77622bdd2bdc,18,7,19.75,33.55843,-7.65546,4,16:00-21:00,1,21.6,22.0,16.4,8.0,4.32,3.23,0.91,434,4.07,8,11,13,15,17,18,19,20,21,22,23,24,25,26,26,28,29,31,35
-15040010811184,-b774698a-89d4-4cee-aa0c-dec7a9dabf92,60,6,19.15,33.55265,-7.68482,4,16:00-21:00,1,23.8,23.0,17.1,11.0,4.03,3.0,0.92,838,4.18,7,10,14,14,16,18,19,20,22,23,24,25,27,29,30,32,35,38,43
-15040011071473,-b7ed1176-15da-4b01-9a57-e03d2775fbbe,60,4,12.06,33.55694,-7.65292,4,16:00-21:00,1,28.3,29.0,17.1,13.5,2.55,1.5,1.08,788,3.53,5,10,13,17,19,22,23,25,27,29,30,32,33,35,37,39,41,43,49
-15040010805970,-b825d76e-e018-4b5d-8020-6593cb3bbf7b,60,7,52.37,33.54825,-7.67881,4,16:00-21:00,1,12.7,12.0,10.4,6.0,18.06,15.71,0.95,44,8.27,6,6,7,7,8,10,10,11,11,12,12,14,14,15,15,16,17,19,23
-15040010501806,-b84a2c9d-21c8-4789-96e2-4c5108964094,60,4,5.91,33.54381,-7.65349,4,16:00-21:00,1,28.2,27.0,22.4,11.4,0.95,0.79,1.01,7898,1.08,12,16,18,19,21,22,23,25,26,27,28,30,31,33,34,36,39,42,47
-15040010477127,-ba563398-f7f9-4987-8b92-3e14afddfda7,60,4,11.48,33.5438,-7.65301,4,16:00-21:00,1,28.0,29.0,21.7,10.7,1.9,1.43,1.05,4118,1.56,9,13,16,19,21,23,25,27,28,29,30,31,32,33,35,36,38,39,44
-15040011003839,-bac0e137-c9b9-44a2-a046-39820aa50edd,18,7,12.25,33.55784,-7.65473,4,16:00-21:00,1,14.6,12.0,6.4,14.2,6.91,3.67,1.24,115,7.21,2,3,3,4,5,6,7,8,10,12,13,15,16,19,21,22,24,29,36
-15040010792903,-bb28f0be-d5ab-49b3-bda5-0ba669846266,60,7,64.9,33.57541,-7.67351,4,16:00-21:00,1,23.2,24.0,20.4,6.4,11.44,9.74,0.65,41,6.33,16,18,19,19,19,20,21,22,23,24,24,25,25,26,26,27,28,31,35
-15040010866349,-bb727bac-b0d3-49fa-bab7-ec21ea8f1cd6,18,7,24.3,33.56099,-7.66137,4,16:00-21:00,1,41.2,39.0,29.3,14.0,2.99,2.24,1.07,935,5.2,22,28,30,32,33,34,35,36,38,39,40,41,43,46,49,54,58,61,67
-15040011003899,-bbcee273-b566-46fc-b1e0-272d26e1bec7,18,7,43.88,33.55698,-7.65306,4,16:00-21:00,1,36.8,36.0,34.4,9.4,4.59,4.39,0.96,44,1.23,24,26,26,27,29,31,32,33,35,36,37,40,40,42,43,45,46,49,53
-15040010789588,-bca6ffe4-7eef-49c2-a6d4-a58f12505d7a,60,5,24.62,33.55189,-7.68468,4,16:00-21:00,1,27.4,28.0,20.1,9.6,4.42,3.17,1.04,1439,7.58,11,15,18,20,21,23,24,26,27,28,29,30,31,32,34,35,37,39,41
-15040010979983,-bd240cf3-cdd3-4ba2-a2a0-e42b1bb2ed9e,60,4,8.98,33.57027,-7.66795,4,16:00-21:00,1,26.7,26.0,16.6,13.3,1.94,1.24,1.27,1408,2.85,6,10,13,16,18,19,21,23,24,26,28,29,31,33,35,37,40,43,49
-15040010804116,-bd368160-8bb3-4b65-bc6f-9a6c62c7702f,60,4,59.91,33.56654,-7.67417,4,16:00-21:00,1,34.6,34.0,28.5,12.7,7.57,6.34,1.01,1591,5.64,16,19,21,23,25,26,28,30,32,34,37,38,40,41,43,45,48,51,56
-15040010974092,-bd776c26-0bed-4de7-bb70-4154a205dea8,60,3,115.74,33.54252,-7.66273,4,16:00-21:00,1,15.0,9.6,8.2,12.4,51.07,43.4,1.19,5855,37.19,3,4,5,5,6,6,7,8,8,10,11,13,16,19,22,26,29,34,41
-15040010605640,-be73000b-d948-42e6-86af-51b3a9049d19,23,2,22.51,33.54635,-7.64818,4,16:00-21:00,1,25.2,23.0,21.5,10.7,3.77,3.52,1.05,16935,1.95,13,15,17,18,19,19,20,21,22,23,24,25,26,27,29,31,34,39,46
-15040010784591,-bed0bab2-f53a-415c-b73b-acf13445cc57,60,6,34.91,33.55216,-7.67705,4,16:00-21:00,1,27.1,27.0,21.1,10.0,5.97,4.65,0.99,1782,6.88,11,14,17,19,21,23,24,25,26,27,28,29,30,32,33,34,36,39,44
-15040010935026,-bf0ad637-ff8a-40da-9014-9eb207c9a21f,60,6,48.03,33.55882,-7.67785,4,16:00-21:00,1,23.5,23.0,12.9,12.5,13.39,7.52,1.51,99,27.75,4,8,10,13,15,17,19,21,22,23,25,26,27,31,32,33,35,37,42
-15040010266834,-bf3ddff9-70e6-4613-b30e-6ac5bab7032f,60,3,23.96,33.55255,-7.66539,4,16:00-21:00,1,28.0,25.0,22.1,14.3,3.91,3.45,0.98,2969,3.16,12,17,19,20,21,22,22,23,24,25,26,26,28,29,31,33,36,41,61
-15040010545713,-bfa0d73a-5dcb-4cf1-a715-e75112738acb,60,7,123.26,33.54776,-7.6605,4,16:00-21:00,1,24.0,26.0,20.2,6.7,21.95,17.07,1.22,80,14.43,8,11,19,20,22,23,24,25,25,26,27,27,27,27,28,29,29,30,31
-15040010835333,-c00d4c3b-1535-4bd2-85dc-6c160341973c,60,7,8.09,33.56845,-7.67591,4,16:00-21:00,1,32.4,33.0,17.8,12.7,1.63,0.88,1.54,139,3.36,6,15,20,23,25,27,28,30,32,33,34,36,39,40,42,43,45,47,51
-15040010201141,-c0117d64-c6a9-44ae-9de7-ac8921f267bc,60,6,36.98,33.57261,-7.68531,4,16:00-21:00,1,17.2,15.0,6.5,13.4,20.38,8.88,1.07,869,22.54,2,2,3,3,5,6,8,10,14,15,18,20,23,24,26,29,31,36,40
-15040010837963,-c0c57255-76c5-4c59-96e3-a9eb9b2cd119,60,7,40.39,33.57532,-7.67771,4,16:00-21:00,1,23.5,22.0,19.3,9.3,7.55,6.61,0.89,89,4.79,10,13,14,17,18,19,19,21,22,22,23,24,26,26,27,30,31,35,44
-15040010849124,-c0ec6cc6-a28c-4d03-834e-a5cd40efc34d,60,4,61.37,33.56684,-7.67348,4,16:00-21:00,1,33.0,32.0,26.9,12.6,8.22,6.9,1.01,1591,7.05,15,19,22,22,23,25,26,27,29,32,34,36,38,40,42,44,46,49,55
-15040011082739,-c1028890-6895-4fdd-83a6-e54df016f48f,60,6,234.2,33.5567,-7.68215,4,16:00-21:00,1,34.8,36.0,28.6,11.1,29.47,23.42,0.96,1472,23.47,15,20,22,26,28,30,32,34,35,36,37,39,40,41,42,43,45,47,51
-15040011084454,-c133690b-34b0-49c8-96b9-f2304c58987b,60,6,46.96,33.55683,-7.68197,4,16:00-21:00,1,25.5,25.0,22.3,7.4,7.59,6.76,0.98,1220,4.58,13,16,18,20,21,22,23,24,25,25,26,27,28,29,30,31,33,35,37
-15040010806948,-c192bdd2-47d6-46af-95d1-9c536708da82,60,4,145.16,33.54375,-7.6631,4,16:00-21:00,1,26.4,25.0,17.6,14.5,29.78,20.9,1.02,1577,23.67,6,8,10,12,15,17,19,21,23,25,28,30,32,34,36,38,41,45,51
-15040011041785,-c30be8fa-fd9d-4525-bfe0-c1c7ac894f1c,60,4,27.93,33.54952,-7.67752,4,16:00-21:00,1,36.5,38.0,29.6,12.5,3.4,2.65,0.97,3762,4.36,16,20,22,25,28,31,33,35,36,38,39,40,41,43,44,46,48,51,57
-15040010796927,-c30d48ee-c070-4185-a6e0-5170095f9dbd,60,5,66.09,33.54843,-7.67223,4,16:00-21:00,1,31.2,31.0,23.6,10.9,10.1,7.67,1.01,1281,22.12,12,16,20,22,25,26,27,29,30,31,33,35,36,38,39,41,42,45,48
-15040010846247,-c3749eaa-2bb4-4bb9-a045-d1aba672f42d,60,7,170.4,33.5592,-7.65707,4,16:00-21:00,1,38.4,39.0,35.2,9.6,17.44,15.73,1.03,10357,7.09,21,25,29,31,33,35,36,37,38,39,40,41,42,43,44,46,47,50,53
-15040010799624,-c491f1d2-1498-4e47-ae86-6efd063128bd,60,4,69.8,33.55067,-7.67401,4,16:00-21:00,1,35.3,38.0,29.9,10.8,8.41,6.61,0.97,5093,5.77,14,19,22,26,29,32,34,35,36,38,39,40,40,41,43,44,45,47,50
-15040010589257,-c4bb3e1b-057e-4424-bbdc-55c95af7f1e3,60,1,71.55,33.54764,-7.6461,4,16:00-21:00,1,54.3,54.0,52.2,10.3,4.94,4.77,1.02,23483,1.2,38,42,44,46,48,49,50,52,53,54,55,57,58,59,61,63,65,67,71
-15040011071071,-c4e79dee-60f1-46de-b65a-efc375380265,25,7,23.3,33.56567,-7.66582,4,16:00-21:00,1,31.7,31.0,18.6,16.2,4.5,2.71,0.97,4287,5.08,5,9,14,16,19,21,23,26,28,31,34,38,41,43,45,47,50,53,56
-15040010811025,-c5349182-1c3b-4bf0-9542-c9281f69929b,60,7,130.43,33.5484,-7.67275,4,16:00-21:00,1,26.2,27.0,19.0,11.5,24.69,17.39,1.14,78,20.42,7,9,12,14,16,22,23,25,26,27,29,30,31,32,33,35,36,41,47
-15040011004073,-c5618a02-65c3-4a01-a733-8022f36e01a8,32,4,8.9,33.55714,-7.65292,4,16:00-21:00,1,24.7,26.0,13.4,12.6,2.39,1.23,1.04,2492,3.76,4,7,9,12,15,18,21,23,24,26,28,29,30,32,33,35,37,40,44
-15040010824663,-c59efedb-458b-4f2c-8188-5b27da6fb27f,60,4,40.32,33.56293,-7.68192,4,16:00-21:00,1,26.4,26.0,23.9,6.8,6.08,5.58,1.03,2146,5.4,17,19,20,21,22,23,24,25,25,26,27,28,28,29,30,31,32,34,37
-15040010809852,-c5bb7293-aa83-4aa2-9f3d-14f3ebc113e2,60,7,143.49,33.56184,-7.66323,4,16:00-21:00,1,38.3,37.0,30.5,17.8,16.96,13.96,1.05,8152,9.38,15,17,20,22,25,27,29,32,35,37,39,41,43,45,47,50,54,63,74
-15040010801614,-c660b271-b51b-4668-ac8c-bd50e7331c14,60,6,9.43,33.55186,-7.67692,4,16:00-21:00,1,26.8,27.0,19.6,10.3,1.73,1.26,0.98,1803,2.82,9,13,16,18,20,22,23,25,26,27,28,29,30,32,33,34,36,40,43
-15040010605590,-c662369f-1531-4205-bebe-127c9ec7a1cf,19,2,10.13,33.5463,-7.64809,4,16:00-21:00,1,24.7,24.0,16.9,10.3,2.16,1.52,1.37,6839,3.4,9,13,16,17,19,20,21,22,23,24,25,26,27,28,29,31,34,38,43
-15040010786222,-c6a43945-70df-4aaf-8e2e-5779beb6939b,60,7,33.05,33.57419,-7.67295,4,16:00-21:00,1,20.2,21.0,17.0,6.3,7.02,5.67,0.94,53,4.84,9,10,14,16,17,18,18,19,20,21,22,22,23,24,25,25,26,27,30
-15040010975269,-c6cf70be-75da-443c-ad39-578bc982c113,60,6,53.31,33.54533,-7.67478,4,16:00-21:00,1,23.2,24.0,19.7,6.9,9.76,8.0,1.04,325,6.42,10,14,17,18,20,20,21,22,23,24,24,25,26,27,27,28,30,31,34
-15040010847444,-c711735b-8551-4d41-8e07-456f4eaad540,18,7,32.69,33.55489,-7.66577,4,16:00-21:00,1,52.0,54.0,45.8,16.9,2.57,2.18,1.03,404,1.05,27,31,33,35,37,39,42,46,50,54,57,59,61,63,65,68,70,73,79
-15040010849819,-c7a72880-83ab-41d6-97a0-11e6d545c6c4,60,4,9.05,33.56095,-7.65025,4,16:00-21:00,1,29.4,29.0,24.2,10.6,1.35,1.12,1.04,3780,1.42,13,17,20,21,23,24,26,27,28,29,30,32,33,34,36,37,39,42,46
-15040010605587,-c7ba352e-1299-4b2e-a50d-a393af5f686c,60,1,46.68,33.54827,-7.64528,4,16:00-21:00,1,50.5,50.0,47.4,11.4,3.54,3.36,1.04,34413,1.2,32,37,39,41,43,45,46,47,49,50,51,53,54,56,58,60,62,65,70
-15040010477428,-c816545a-b61e-4cd1-b6a3-a99c91270891,60,1,20.93,33.54388,-7.65308,4,16:00-21:00,1,62.3,63.0,56.0,13.6,1.34,1.2,1.0,20601,1.14,38,47,52,54,56,58,59,61,62,63,64,66,67,69,70,72,74,77,81
-15040010851178,-c81b3e78-af49-4a97-86af-ba62008470c4,60,7,20.6,33.56115,-7.66111,4,16:00-21:00,1,38.1,38.0,33.3,11.4,2.22,1.95,1.02,8965,1.72,20,24,27,29,30,32,34,35,37,38,39,41,42,43,45,47,49,52,57
-15040010979760,-c8f540c2-e42a-42aa-a658-f5986dd7d673,18,7,65.75,33.56954,-7.66779,4,16:00-21:00,1,7.7,5.3,4.8,6.1,49.06,44.66,0.92,932,29.59,2,3,3,3,3,4,4,4,5,5,6,7,7,8,10,12,15,18,21
-15040010266926,-c9e43737-0e11-464e-9f88-c6e594db905e,60,7,71.25,33.54764,-7.67459,4,16:00-21:00,1,22.6,22.0,19.6,7.8,13.07,11.66,1.1,62,5.8,11,13,15,17,17,19,20,21,21,22,22,23,24,24,27,28,31,33,37
-15040010810432,-c9fdbe72-56ef-4d9d-83fd-8eb3e4b678e1,60,6,412.38,33.54683,-7.6699,4,16:00-21:00,1,26.1,23.0,20.6,12.7,72.15,64.55,0.99,3028,35.84,11,12,13,14,16,17,18,20,21,23,25,27,30,32,35,38,41,44,49
-15040010918557,-cb2d24f2-1443-451e-a0f9-e456d59acd9a,60,3,57.77,33.57685,-7.67305,4,16:00-21:00,1,22.6,24.0,15.6,10.9,13.35,8.67,1.02,1032,10.56,6,7,8,10,12,16,18,21,22,24,25,26,28,29,31,32,34,36,39
-15040010971448,-cb96acea-6b5e-4557-9e46-e549505976c9,60,7,75.3,33.56119,-7.67022,4,16:00-21:00,1,18.6,19.0,13.9,7.2,19.55,14.27,1.1,51,20.63,7,10,10,13,15,16,17,18,18,19,19,20,20,20,21,24,26,28,32
-15040010912277,-cbb16bb6-eca6-4aa6-ae44-66e21100d700,19,7,26.91,33.55858,-7.65534,4,16:00-21:00,1,23.8,24.0,20.7,7.1,4.69,4.04,1.05,426,2.86,12,15,17,18,19,21,22,22,23,24,25,25,26,27,28,29,30,32,35
-15040011084822,-cc228a02-a4e0-4f16-95a7-0299ed60056c,60,6,24.45,33.55684,-7.68235,4,16:00-21:00,1,26.2,26.0,17.8,9.6,4.95,3.39,1.01,1546,12.48,12,16,18,19,20,21,23,24,25,26,27,28,29,31,32,33,35,37,41
-15040010812158,-cc3be3a0-7d03-4b45-beb9-a34c12c8b823,60,3,191.91,33.54129,-7.6705,4,16:00-21:00,1,34.8,35.0,30.0,12.3,23.05,19.74,1.04,5780,10.18,17,19,21,23,24,26,28,30,33,35,37,39,40,42,44,46,48,51,55
-15040011069767,-cc6b3959-7ae3-4425-8e1c-f19491052276,18,7,26.72,33.56128,-7.66149,4,16:00-21:00,1,42.9,42.0,37.4,14.0,2.58,2.29,1.1,1498,1.4,21,26,29,31,33,35,37,38,40,42,43,44,46,49,52,56,59,63,67
-15040011071499,-cc768edc-c580-4b7f-8fb1-dee3803ce403,60,4,107.05,33.55683,-7.65233,4,16:00-21:00,1,35.1,37.0,27.2,13.5,14.16,10.42,1.11,11905,9.77,10,14,19,22,25,28,31,33,36,37,39,41,42,43,45,46,48,51,54
-15040010789293,-ccfc263f-a362-4723-9a0f-1815dd930493,60,4,163.74,33.56732,-7.65841,4,16:00-21:00,1,36.9,38.0,31.2,12.2,18.91,15.51,1.0,14356,12.99,17,21,23,26,28,30,32,34,36,38,39,41,42,44,45,47,50,52,56
-15040010970144,-cde5f5e9-9f81-4640-bb21-1369bf8d0e76,60,7,42.04,33.56052,-7.67031,4,16:00-21:00,1,17.8,18.0,12.4,6.3,12.17,8.41,1.18,52,17.17,5,10,10,13,15,17,17,17,18,18,19,19,20,21,21,22,23,25,27
-15040010207825,-ce0eb4fd-16ef-4216-a5d4-43a27904668f,60,4,62.93,33.55267,-7.66549,4,16:00-21:00,1,33.7,33.0,30.6,9.7,7.4,6.87,0.95,5090,3.12,20,23,24,26,27,28,30,31,32,33,34,35,37,38,39,41,43,45,50
-15040010815745,-ce33218c-ee2b-4ff1-9444-646f54479fe3,60,5,68.93,33.54951,-7.67171,4,16:00-21:00,1,13.9,9.2,6.3,11.4,39.48,27.0,1.01,1234,34.67,2,3,3,4,4,5,6,7,8,9,12,14,17,20,22,26,28,31,35
-15040010605634,-ceeb7d9f-5654-4e38-bbf4-8661eb749981,28,2,6.83,33.54619,-7.64854,4,16:00-21:00,1,29.0,28.0,26.1,9.4,0.94,0.88,1.03,11195,0.52,17,20,21,23,24,24,25,26,27,28,28,29,30,31,32,34,36,40,48
-15040010800023,-cef790f0-a824-4f28-84aa-592146b0feda,60,4,75.04,33.56629,-7.67474,4,16:00-21:00,1,33.8,35.0,29.2,10.2,9.24,7.72,1.06,1588,6.83,16,20,23,25,27,29,31,32,34,35,36,37,38,39,41,42,44,46,49
-15040010851890,-d01f8c35-25f8-4e74-a033-ab1289d58bc8,60,7,25.06,33.5749,-7.67318,4,16:00-21:00,1,22.6,22.0,19.8,6.3,4.55,4.1,0.67,40,2.47,7,16,17,19,19,20,20,21,22,22,23,24,24,25,26,26,27,28,35
-15040010815590,-d0439ef3-ad5d-4ed2-b10f-ad3d07cd6a51,60,6,60.71,33.57106,-7.68433,4,16:00-21:00,1,25.8,26.0,22.9,6.4,9.56,8.41,1.02,1404,8.11,16,18,20,21,22,23,24,24,25,26,26,27,28,28,29,30,32,33,36
-15040010851965,-d0914d32-9d21-4663-8277-8e8fe68fdf19,60,3,21.09,33.54982,-7.66664,4,16:00-21:00,1,14.8,11.0,8.0,10.8,9.44,6.9,1.05,44,10.83,2,4,5,8,8,10,10,11,11,11,14,16,17,17,17,21,21,25,41
-15040010810309,-d10403aa-506d-4d53-8040-374e5c8a9936,60,7,34.41,33.55225,-7.68342,4,16:00-21:00,1,16.1,16.0,12.7,7.7,9.79,7.74,0.98,39,5.12,6,7,8,9,9,10,11,14,15,16,17,17,19,20,20,21,24,30,32
-15040010828494,-d18b1398-33c1-41a1-a3e7-d444ff51f2fc,60,7,22.4,33.56348,-7.66455,4,16:00-21:00,1,33.2,29.0,26.1,17.2,3.09,2.78,1.06,8213,2.08,14,18,20,22,24,25,26,27,28,29,30,31,33,34,36,38,43,62,74
-15040010814015,-d26168a7-1d3e-468a-9029-c9c4fe1bc8bb,60,4,16.26,33.5448,-7.66218,4,16:00-21:00,1,37.5,36.0,30.4,13.9,1.93,1.63,0.98,1592,1.69,17,21,24,27,29,30,32,33,34,36,38,39,41,43,46,48,53,57,63
-15040011069669,-d27d16a2-8f6d-46aa-bc89-c5a69b075541,60,3,14.7,33.56194,-7.66878,4,16:00-21:00,1,23.9,22.0,13.0,15.8,4.07,2.41,1.38,10336,5.76,4,7,10,12,14,15,17,19,20,22,23,25,27,28,30,32,35,39,60
-15040010910442,-d3d61658-ecfb-4d4b-9e1d-64378a7d7a05,60,7,50.87,33.54663,-7.64864,4,16:00-21:00,1,40.0,40.0,34.2,12.2,5.36,4.58,0.96,644,5.19,22,28,31,32,34,35,36,37,38,40,40,41,42,43,45,47,49,52,61
-15040010797003,-d3fa90a0-de07-4fe8-8256-66c742c3c36c,60,4,31.87,33.54916,-7.68779,4,16:00-21:00,1,21.7,22.0,19.3,6.2,5.95,5.22,1.07,1340,4.93,13,15,17,17,18,19,20,20,21,22,22,23,23,24,25,26,27,29,31
-15040010477376,-d422f2a4-1d66-460e-a613-d36d68d6afca,60,4,8.63,33.54392,-7.65333,4,16:00-21:00,1,24.6,22.0,16.6,12.2,1.87,1.41,1.02,5856,2.46,8,12,14,15,17,18,19,20,21,22,24,25,27,28,31,33,36,40,47
-15040010815845,-d4515683-a66e-4ad3-9e81-0578feea46fb,26,7,31.19,33.56541,-7.65977,4,16:00-21:00,1,26.1,24.0,17.9,13.6,6.26,4.68,1.44,70,7.84,11,12,13,16,17,17,18,20,23,24,25,27,29,31,33,35,39,42,47
-15040011040451,-d48ac099-3b5f-4931-8e4d-b227a613dc9d,60,4,72.34,33.54928,-7.67824,4,16:00-21:00,1,27.7,27.0,23.2,9.3,11.25,9.65,1.01,3668,10.73,13,17,19,20,22,23,24,25,26,27,28,29,31,32,33,35,37,39,42
-15040010849798,-d4d0312a-6e6a-41db-987a-f11a244b0ada,19,7,328.12,33.55462,-7.66422,4,16:00-21:00,1,43.4,40.0,40.2,12.5,29.4,29.53,1.01,961,7.98,28,30,32,33,34,35,36,38,39,40,41,43,45,48,52,56,59,62,68
-15040010908356,-d4e3f93c-d925-4f7d-a565-3254e4c5506d,18,7,32.88,33.55149,-7.66814,4,16:00-21:00,1,17.8,17.0,8.2,9.0,14.41,6.96,0.44,39,31.5,2,5,8,15,16,16,17,17,17,17,18,19,19,20,21,22,22,24,45
-15040010605416,-d53b28d1-5f0f-42b1-a0d4-fbe61cdc25a7,60,1,35.12,33.5463,-7.64809,4,16:00-21:00,1,58.6,59.0,55.7,10.8,2.27,2.14,0.99,23649,0.88,41,47,50,52,53,54,56,57,58,59,60,61,62,64,65,67,68,71,75
-15040011003134,-d55ff71b-243f-4be5-982f-57fa7a1a7adb,26,7,39.93,33.55707,-7.65297,4,16:00-21:00,1,39.1,39.0,34.7,11.8,4.14,3.69,1.03,10180,2.37,20,24,26,29,31,33,34,36,37,39,40,42,44,45,47,49,51,54,59
-15040010865525,-d56db6a2-455a-4d56-b281-f8081493fc48,60,7,48.88,33.57542,-7.67729,4,16:00-21:00,1,24.1,24.0,18.4,9.5,9.57,7.33,0.96,58,7.81,7,10,16,18,19,20,20,21,23,24,25,26,27,28,29,31,33,36,45
-15040010853025,-d5d60ab6-00e5-4df4-b01a-3d567142cd70,60,7,8.9,33.5493,-7.68748,4,16:00-21:00,1,20.3,17.0,11.2,21.6,2.86,1.88,0.88,45,3.15,5,6,8,10,11,12,12,12,16,17,17,18,19,23,24,27,29,30,41
-15040010824708,-d5ea9fe9-142f-4386-bffe-f367085f4672,26,7,43.85,33.56637,-7.66132,4,16:00-21:00,1,23.1,23.0,17.9,10.4,8.81,6.86,1.18,81,7.41,11,12,15,16,17,18,18,20,22,23,24,26,27,28,29,29,31,32,34
-15040010849850,-d64a5501-d1d5-4c97-a3b5-07d5645076f9,18,7,225.62,33.56139,-7.66178,4,16:00-21:00,1,29.2,20.0,20.1,21.9,40.49,40.61,1.24,41,22.51,10,14,15,15,16,17,17,18,19,20,21,22,26,28,28,44,54,63,69
-15040010973189,-d6c894b9-fa00-43d5-838c-7824a2c098b9,60,6,75.34,33.54526,-7.67534,4,16:00-21:00,1,23.8,24.0,20.3,6.8,13.37,11.3,1.04,332,9.14,10,15,18,19,20,21,22,23,23,24,25,26,26,27,28,29,30,32,35
-15040010273243,-d70360ee-23cc-418f-a1ce-a1cc2477cbec,60,4,15.68,33.55593,-7.65048,4,16:00-21:00,1,31.5,32.0,25.9,11.1,2.18,1.76,1.05,15874,1.78,14,17,20,22,24,26,28,30,31,32,33,35,36,37,38,40,42,44,49
-15040010817639,-d71ef680-705c-4318-9cc5-ef1958e62c48,60,4,9.4,33.56152,-7.6815,4,16:00-21:00,1,33.0,31.0,27.5,11.7,1.23,1.09,1.0,2937,1.72,16,19,21,23,25,26,28,29,30,31,33,35,37,39,40,42,45,49,55
-15040010914949,-d74e95b6-86c4-4dd3-af9d-5fd1672494e8,60,7,88.99,33.55419,-7.6663,4,16:00-21:00,1,28.7,29.0,23.4,8.6,13.7,11.05,0.82,221,11.72,10,19,22,23,25,26,27,28,28,29,30,31,32,32,33,34,36,38,42
-15040010815787,-d7baf6bb-728a-4ac8-aff3-4f18866e8325,60,6,21.28,33.57123,-7.68444,4,16:00-21:00,1,26.1,26.0,22.9,7.0,3.35,2.95,1.06,1401,2.82,16,18,19,21,22,23,24,25,25,26,27,27,28,29,30,31,33,34,37
-15040010605494,-d7db41d9-ec8b-4d62-ad59-03b13cef32dd,60,7,27.55,33.54988,-7.64451,4,16:00-21:00,1,51.7,51.0,49.8,9.6,1.99,1.94,0.99,7830,0.45,37,41,43,44,46,47,48,49,50,51,52,53,55,56,57,59,61,63,67
-15040010911176,-d80fc086-7ea8-47c0-92b3-b5e83d7e5c2b,60,7,41.13,33.55383,-7.66716,4,16:00-21:00,1,25.1,28.0,10.4,12.2,14.21,5.29,1.11,174,26.1,2,5,6,15,17,22,22,24,27,28,29,31,32,33,34,35,36,38,40
-15040010865666,-d9681b42-748d-45a1-8197-d8de6a99d927,18,7,9.4,33.5517,-7.66869,4,16:00-21:00,1,15.5,18.0,4.6,9.3,7.43,1.88,0.78,47,12.7,1,1,2,5,8,10,13,15,16,18,18,19,20,21,23,23,25,28,30
-15040010616717,-d9fbd4f4-d309-4c64-a0da-b4a205a0b1a3,60,7,33.75,33.57644,-7.67416,4,16:00-21:00,1,15.9,15.0,11.3,8.5,10.72,8.1,1.18,80,7.29,4,5,6,8,9,11,12,14,15,15,16,17,18,19,21,22,24,24,29
-15040010819686,-d9fd104e-1150-4969-82d7-61ece11c94c3,60,7,14.44,33.56119,-7.66126,4,16:00-21:00,1,35.9,36.0,29.8,12.2,1.75,1.44,1.0,8888,1.79,17,21,23,26,28,30,31,33,34,36,37,38,40,41,43,45,48,51,56
-15040010851152,-da8ca219-24e1-4da5-9c8b-078b5e273842,60,7,11.73,33.54921,-7.6834,4,16:00-21:00,1,20.5,21.0,16.8,7.4,2.51,2.01,0.97,141,1.69,8,11,13,16,17,18,18,19,20,21,21,21,23,24,25,25,28,28,33
-15040010266813,-dace41c5-23de-4e2e-b53f-b2611b80c56a,60,3,20.88,33.54584,-7.66917,4,16:00-21:00,1,29.7,30.0,21.2,11.9,3.54,2.51,1.03,7291,3.99,8,14,18,21,23,25,26,28,29,30,31,32,33,35,37,38,41,44,49
-15040010605359,-db26e62d-f5a9-410c-bc55-a94c648d386a,60,7,14.85,33.54979,-7.64438,4,16:00-21:00,1,52.4,52.0,50.4,9.8,1.06,1.03,0.99,7846,0.24,37,41,43,45,46,48,49,50,51,52,53,54,55,57,58,60,62,64,68
-15040010910653,-dc4369a3-4d21-48f4-9d9e-add32fd78306,60,4,6.95,33.55565,-7.65053,4,16:00-21:00,1,33.5,31.0,24.0,13.3,1.04,0.81,1.07,16854,1.9,15,20,22,23,24,25,27,28,30,31,33,35,37,40,42,44,47,51,58
-15040010818806,-dd2934dd-dcf8-4565-8b58-1528c46fb721,60,7,13.33,33.56082,-7.65018,4,16:00-21:00,1,31.8,31.0,19.8,14.5,2.43,1.55,1.09,3021,3.48,7,13,18,21,23,25,27,28,29,31,32,34,36,38,40,43,46,51,57
-15040011085368,-dddc57d6-7149-4cd2-a8d7-945830e90e66,60,4,10.7,33.54633,-7.65622,4,16:00-21:00,1,16.5,16.0,13.2,6.1,2.92,2.41,0.97,468,2.46,6,11,12,13,14,14,14,15,15,16,16,17,18,18,19,20,21,22,26
-15040010837631,-ddf0db67-afc5-4973-95b1-aedacb590d84,60,4,15.38,33.56088,-7.6503,4,16:00-21:00,1,31.7,32.0,26.3,10.8,2.11,1.73,1.05,3199,2.58,14,19,22,24,25,27,28,29,31,32,33,34,35,36,38,39,41,44,48
-15040010852852,-de3dab7c-a616-4efe-8e90-46fcad9b28aa,19,7,87.78,33.56283,-7.66042,4,16:00-21:00,1,21.6,21.0,14.0,10.8,22.51,15.05,0.85,126,22.95,6,7,9,10,12,14,17,18,19,21,23,25,28,29,30,31,32,36,38
-15040010818696,-ded30c00-53c5-4907-bc6a-5b21fa99dbcf,60,6,23.64,33.55093,-7.67646,4,16:00-21:00,1,21.2,21.0,15.6,8.5,5.45,4.05,1.03,1789,5.67,6,9,12,14,16,17,18,19,20,21,22,23,24,25,26,28,29,32,35
-15040010818884,-df3619b3-dcf7-4934-9cb2-b76f4de698fb,26,7,69.32,33.56271,-7.66425,4,16:00-21:00,1,33.8,35.0,23.1,13.0,10.8,7.13,0.65,90,14.79,12,15,22,23,24,26,27,31,32,35,37,40,41,42,43,47,49,50,53
-15040010805259,-df3cbac7-76f0-48e6-b759-f176e5d80ded,19,7,152.68,33.55453,-7.66426,4,16:00-21:00,1,51.2,55.0,44.1,17.5,12.47,9.99,1.02,491,5.73,23,29,32,34,36,39,41,45,50,55,57,58,59,62,65,67,70,72,78
-15040010852912,-e022ade5-827b-4a53-8d84-c5a559527904,60,7,29.98,33.56139,-7.66178,4,16:00-21:00,1,32.8,29.0,17.5,20.4,6.16,3.72,1.0,8450,7.51,5,7,13,16,19,21,23,25,27,29,31,34,37,41,44,47,52,63,73
-15040010826385,-e039260f-1f58-4aaa-902b-fd0192a8ef23,60,6,33.64,33.572,-7.68493,4,16:00-21:00,1,26.0,26.0,21.9,7.2,5.52,4.66,1.01,1379,7.34,15,18,20,21,22,23,23,24,25,26,27,27,28,29,31,32,33,35,38
-15040010803229,-e0e06368-e1f3-49fa-a10b-bf89775ebf97,60,4,29.65,33.56812,-7.67289,4,16:00-21:00,1,26.9,27.0,23.5,8.0,4.55,3.95,1.01,2698,3.55,14,17,19,20,22,23,24,25,26,27,28,29,30,31,32,33,35,37,39
-15040010782360,-e15ef660-b38d-4a3b-985d-82e7aedf3e4b,60,7,7.66,33.57302,-7.67555,4,16:00-21:00,1,15.0,15.0,13.6,4.6,2.02,1.84,1.07,49,0.68,8,8,10,11,12,13,13,14,14,15,16,17,17,18,18,19,19,19,21
-15040010266934,-e2327a8c-eb0c-4694-94e5-b81b2faa5464,60,6,39.24,33.54604,-7.66952,4,16:00-21:00,1,22.0,21.0,11.2,13.5,12.56,6.73,0.92,5000,13.53,3,4,5,8,11,14,16,18,20,21,23,25,27,29,31,34,37,41,45
-15040010852848,-e23ad4a8-4787-4a3e-b322-15a5ba5148b2,60,4,7.82,33.55123,-7.66852,4,16:00-21:00,1,37.4,37.0,27.1,15.1,1.04,0.76,0.81,4003,2.15,13,17,20,24,28,30,32,34,36,37,39,41,43,45,47,50,53,57,63
-15040010477540,-e248f8ef-1831-4f5d-982a-01784f97b62a,60,4,10.65,33.54364,-7.6535,4,16:00-21:00,1,23.0,23.0,16.0,10.9,2.39,1.67,0.99,3276,2.55,6,9,12,14,16,18,19,20,21,23,24,25,26,27,29,30,32,35,40
-15040010623617,-e289cb75-2e1e-427a-8f7c-dabf11849c02,60,7,42.92,33.54513,-7.67738,4,16:00-21:00,1,19.5,20.0,16.3,8.7,9.5,7.73,1.18,237,5.25,8,10,13,14,15,16,17,18,18,20,20,21,22,22,23,24,25,27,31
-15040010910259,-e32ce864-9c97-455a-b047-0e05b2852fa9,26,2,15.33,33.54634,-7.64841,4,16:00-21:00,1,27.4,26.0,24.3,9.9,2.27,2.12,1.04,16282,1.1,15,18,19,20,21,22,23,24,25,26,27,28,29,30,31,33,35,39,47
-15040010854588,-e37a489a-4615-4db5-982e-96e0474da146,18,7,17.44,33.55514,-7.66634,4,16:00-21:00,1,45.8,41.0,41.5,14.7,1.51,1.53,0.91,536,0.47,28,30,31,33,34,35,36,37,39,41,43,48,53,56,58,60,62,66,72
-15040010911246,-e3aa9880-a389-43b9-a373-5745038a933e,18,7,87.72,33.54865,-7.67356,4,16:00-21:00,1,23.1,23.0,19.6,7.2,16.12,13.73,0.94,99,9.56,9,12,17,17,20,20,21,22,22,23,24,26,26,27,28,29,30,32,34
-15040010795888,-e416b0ed-6ca2-41be-ab4e-064898b04bf0,60,4,38.44,33.54883,-7.68788,4,16:00-21:00,1,20.4,20.0,17.9,6.4,7.74,6.92,1.06,1339,5.33,11,13,14,15,16,17,18,19,19,20,21,22,22,23,24,25,27,29,31
-15040010823841,-e44811f0-59fe-4792-8138-1d447ef95960,60,3,84.67,33.54245,-7.66281,4,16:00-21:00,1,46.7,47.0,42.1,12.5,7.24,6.49,1.02,6220,3.76,24,30,35,38,40,42,43,45,46,47,48,50,51,52,54,56,59,62,67
-15040010846588,-e4ccf948-6a18-4bb3-b7de-cf5a40c9af4c,60,7,30.83,33.55406,-7.68372,4,16:00-21:00,1,18.3,18.0,16.1,4.9,6.91,6.17,1.03,436,4.18,10,13,14,15,15,16,17,17,18,18,19,20,20,21,21,22,23,24,26
-15040010548024,-e50b8f95-b7ed-49b3-9051-16bee5de89ef,60,7,6.1,33.54811,-7.66174,4,16:00-21:00,1,23.6,26.0,18.5,7.2,1.19,0.84,1.32,81,1.06,7,9,19,20,21,23,24,24,25,26,26,27,27,28,28,29,29,30,31
-15040010795144,-e516306b-0e8a-4422-ad38-25309aa9a550,60,4,104.52,33.5632,-7.68171,4,16:00-21:00,1,31.9,32.0,28.5,7.4,13.22,11.76,0.99,2086,10.43,19,23,25,27,28,29,30,31,31,32,33,34,35,35,36,38,39,40,43
-15040010957522,-e5577a55-0f45-43b6-ab41-2178ccc11983,60,7,17.49,33.56054,-7.67999,4,16:00-21:00,1,23.1,23.0,21.0,5.5,3.0,2.74,0.99,269,1.28,13,17,18,19,20,21,22,22,23,23,24,24,25,26,27,27,28,29,31
-15040011041021,-e5824460-0405-4054-8abd-6395180f7e12,20,7,69.77,33.54857,-7.67583,4,16:00-21:00,1,24.0,22.0,20.0,9.9,12.56,11.42,0.97,72,6.23,10,13,15,16,17,18,20,21,21,22,22,23,24,27,31,33,37,38,43
-15040010820645,-e69b01c1-b8f1-44fb-a430-00ac08861e3a,18,7,197.34,33.562,-7.66309,4,16:00-21:00,1,29.7,21.0,17.2,22.9,41.29,33.83,1.32,2909,33.85,7,9,11,12,14,15,16,18,19,21,23,25,27,32,38,46,63,69,78
-15040010903959,-e747dc90-2bbc-4eaa-8043-0e302fb8ecdd,60,7,169.4,33.55294,-7.6758,4,16:00-21:00,1,13.0,12.0,9.7,6.7,63.1,50.82,0.96,33,40.93,3,6,6,7,9,9,10,10,11,12,13,14,16,17,17,18,20,21,25
-15040010906082,-e7a7b645-8780-4818-ac71-750398ae0250,26,7,136.68,33.56548,-7.66571,4,16:00-21:00,1,29.5,30.0,23.4,12.7,20.99,16.4,1.06,4629,11.49,11,13,14,16,18,20,23,25,27,30,32,34,35,37,38,41,43,46,51
-15040010853896,-e82377fa-29b7-43eb-9fc9-b4b0ec210f9c,60,7,22.22,33.55424,-7.68381,4,16:00-21:00,1,18.3,18.0,16.1,4.9,4.97,4.44,1.02,435,3.01,10,13,14,15,16,16,17,17,18,18,19,20,20,21,21,22,23,24,26
-15040010822067,-e8c75d75-dc32-4006-90a0-bfbc9e207ca5,60,7,8.58,33.57624,-7.67467,4,16:00-21:00,1,18.2,19.0,11.7,9.4,2.64,1.63,1.17,88,2.68,4,5,7,9,10,13,15,17,18,19,20,21,22,24,24,25,25,28,31
-15040011036551,-e8f1d284-f84c-4317-bf02-92370749d19d,60,4,21.52,33.55002,-7.67604,4,16:00-21:00,1,29.7,30.0,20.9,12.3,3.7,2.58,1.03,5032,5.29,9,14,17,19,21,22,24,26,28,30,32,34,35,37,38,40,42,45,49
-15040010822947,-e916b138-4fd1-4930-88c4-0f1032fee027,60,7,20.12,33.56977,-7.67592,4,16:00-21:00,1,12.3,12.0,10.8,4.5,6.74,6.04,1.27,36,2.55,6,7,7,8,9,9,10,11,11,12,12,12,14,14,15,15,18,19,21
-15040010273503,-e92d2db6-16e4-4be2-bd35-3300faa506a2,60,4,85.25,33.55637,-7.65132,4,16:00-21:00,1,27.7,27.0,17.6,14.0,17.41,11.37,1.01,11793,15.04,6,7,9,12,17,22,23,25,26,27,29,32,35,36,38,40,43,45,49
-15040010854414,-e9682df2-144a-4597-b7d7-8888d2e411c0,60,7,39.79,33.5757,-7.67614,4,16:00-21:00,1,20.0,18.0,16.0,9.1,8.98,7.96,0.88,91,7.35,9,13,13,15,15,16,16,17,17,18,19,20,21,21,22,23,26,29,37
-15040011069309,-e99ae9b8-e352-47cd-9b89-cc56d068e9b7,19,7,269.27,33.55747,-7.66092,4,16:00-21:00,1,47.7,45.0,44.5,12.4,21.77,21.54,1.07,1506,5.96,30,33,36,37,39,40,42,43,44,45,47,49,52,54,57,59,61,64,68
-15040010822453,-ea4d8ac5-bbee-49ad-a0cd-36f554a19879,60,7,17.37,33.57572,-7.6737,4,16:00-21:00,1,23.2,24.0,20.5,6.3,3.05,2.61,0.65,41,1.69,16,18,19,19,20,20,21,22,23,24,24,25,25,26,26,27,28,31,35
-15040010908327,-ea5fee98-efcc-4599-82ff-b23bdd4f45fb,18,7,99.4,33.56274,-7.66252,4,16:00-21:00,1,33.3,37.0,24.2,14.9,14.8,9.67,1.02,85,10.97,9,12,15,18,18,21,30,33,36,37,38,38,40,41,42,46,47,49,52
-15040011085190,-eb25264c-4018-4c75-bf2f-18c57a1b623a,60,4,6.76,33.5437,-7.65351,4,16:00-21:00,1,23.9,23.0,17.9,10.4,1.36,1.06,1.03,3274,1.34,8,12,14,16,18,19,20,21,22,23,24,25,26,27,29,30,32,35,40
-15040010908085,-eb5d3c06-9658-4a6f-908c-88c86ec65d6e,27,2,6.26,33.54624,-7.64852,4,16:00-21:00,1,28.3,27.0,25.3,9.6,0.89,0.83,1.03,11194,0.49,16,19,20,21,23,24,24,25,26,27,28,28,29,31,32,33,35,39,48
-15040010985577,-ebb699d8-167c-4ad4-95fa-d86a8624c44d,18,7,15.14,33.56539,-7.65945,4,16:00-21:00,1,28.5,29.0,20.3,12.9,2.68,1.88,1.04,881,2.63,9,12,15,17,18,20,23,24,27,29,30,32,34,36,38,40,42,45,49
-15040011043503,-eca069c4-d8d6-4908-99d8-84bd6c9942cd,18,7,86.88,33.54915,-7.67612,4,16:00-21:00,1,24.0,22.0,20.1,10.0,15.56,14.22,0.94,68,7.05,11,12,13,16,17,18,19,20,21,22,22,23,26,27,31,35,37,40,43
-15040010815687,-ed5bab56-24c2-4935-a000-3723d39bd433,60,7,41.44,33.56235,-7.67102,4,16:00-21:00,1,17.8,17.0,14.4,7.7,10.34,8.78,1.12,40,5.83,6,9,9,11,13,14,15,15,16,17,18,19,19,21,22,24,25,27,29
-15040010811182,-ed81f7c2-a638-423a-aeec-22b4596088b2,60,5,22.33,33.55259,-7.68501,4,16:00-21:00,1,23.9,24.0,18.2,9.5,4.43,3.35,0.95,1033,5.76,9,12,14,17,18,19,21,22,23,24,25,26,27,28,30,31,32,35,38
-15040010918877,-edeed1a0-abf8-4884-b692-8ab469a8a55d,60,7,12.31,33.55835,-7.65553,4,16:00-21:00,1,36.3,37.0,29.9,11.7,1.48,1.2,1.09,10546,1.39,17,21,24,27,29,31,32,34,35,37,38,40,41,43,44,46,48,50,54
-15040010823160,-ef1bb48f-79a9-446d-8f99-26e61a2182bf,60,7,377.36,33.56108,-7.6609,4,16:00-21:00,1,33.6,33.0,28.9,11.7,46.94,41.17,1.07,8974,20.92,16,18,20,22,24,26,27,29,31,33,36,37,39,41,43,45,47,49,52
-15040010856915,-ef35f1ac-8e59-4112-b2f1-0cb6a89b0565,60,4,17.24,33.55043,-7.67049,4,16:00-21:00,1,29.8,28.0,20.8,13.6,2.98,2.22,0.96,5887,4.15,10,14,16,19,20,22,24,25,27,28,30,32,33,35,37,40,44,49,55
-15040010918950,-ef47591a-e358-4615-bf96-2e110e44e64f,60,3,22.93,33.55355,-7.66575,4,16:00-21:00,1,44.8,42.0,36.0,18.6,2.29,1.97,0.89,5474,1.57,18,24,28,31,33,35,36,38,40,42,43,45,48,51,55,60,66,71,81
-15040010918134,-ef578981-c6f1-453c-8514-8039cec7b794,18,7,57.43,33.5632,-7.66222,4,16:00-21:00,1,32.8,37.0,23.4,15.1,8.83,5.59,1.05,87,6.69,8,12,15,18,18,21,30,32,35,37,37,38,39,41,42,46,47,49,52
-15040010807147,-ef7f055a-3ce3-4d48-9c2e-d100a8fbdf91,60,4,33.9,33.56181,-7.68162,4,16:00-21:00,1,32.1,30.0,26.7,12.0,4.57,4.07,1.01,2906,3.89,15,19,20,22,24,25,26,28,29,30,32,33,35,38,39,42,45,49,55
-15040010855850,-efc0c4e7-dee9-4cb8-ace6-61a9cda2cd23,60,7,7.92,33.54906,-7.6792,4,16:00-21:00,1,12.7,11.0,5.7,9.7,5.0,2.59,0.61,64,8.1,2,3,4,5,6,6,8,9,10,11,13,13,15,15,16,18,21,25,31
-15040010903408,-f03dfc72-8996-42ae-8c69-cb6afaec3817,24,7,12.13,33.5453,-7.68292,4,16:00-21:00,1,21.6,22.0,14.1,7.7,3.09,1.98,1.67,38,5.19,7,12,13,15,17,17,20,20,21,22,23,25,26,27,28,29,30,31,32
-15040010912945,-f042952d-c379-4769-b6a3-6824e2887735,60,4,10.46,33.55203,-7.66656,4,16:00-21:00,1,32.2,34.0,15.8,15.8,2.39,1.11,0.79,3803,5.27,5,8,13,16,19,23,26,29,32,34,37,39,41,42,44,46,49,52,55
-15040011071053,-f078d57b-7329-46dd-96fe-22c2931d7a20,25,7,60.48,33.56616,-7.66611,4,16:00-21:00,1,34.3,35.0,25.8,15.2,8.45,6.22,1.06,4216,5.52,10,13,16,19,21,24,26,29,32,35,38,40,43,45,46,49,51,54,58
-15040010793836,-f07e314b-609d-4b24-a1bd-5b295075cb61,60,7,32.0,33.55493,-7.66658,4,16:00-21:00,1,45.6,41.0,36.6,14.9,3.15,2.81,0.54,541,8.33,28,30,31,33,34,35,36,37,39,41,43,48,53,56,58,60,62,66,72
-15040011069529,-f0c56dca-6c89-463b-8bdb-84374439c0b0,18,7,10.96,33.55819,-7.66284,4,16:00-21:00,1,47.8,46.0,44.7,12.5,0.88,0.86,1.08,1489,0.24,30,34,36,37,39,40,42,43,44,46,48,50,52,54,57,59,61,64,68
-15040010602199,-f11aceff-cb17-41ae-9a36-1289a194c39b,60,1,57.59,33.54801,-7.64567,4,16:00-21:00,1,50.4,50.0,47.1,11.6,4.4,4.15,1.03,33881,1.6,32,36,39,41,43,45,46,47,49,50,52,53,54,56,58,60,62,65,69
-15040010915488,-f1cb2e2b-8994-441f-8e07-cbe4614b7fe4,20,7,35.43,33.55205,-7.65799,4,16:00-21:00,1,40.6,38.0,38.2,10.9,3.34,3.36,1.01,69,0.76,28,30,31,32,32,34,34,36,37,38,39,41,42,43,43,47,53,60,64
-15040010273391,-f2608955-1543-4011-8631-a344a61eba32,60,7,95.07,33.55503,-7.64981,4,16:00-21:00,1,21.7,21.0,14.0,12.6,24.42,16.3,1.02,15019,17.47,6,6,7,8,9,11,14,17,19,21,23,25,27,29,31,33,36,39,43
-15040010914456,-f28a4385-bf59-4801-a6d3-0f35fbc1c56f,60,7,9.58,33.56783,-7.66392,4,16:00-21:00,1,25.1,24.0,19.8,10.6,1.74,1.44,1.08,44,1.24,11,14,15,15,16,17,18,20,23,24,26,29,31,32,32,34,36,37,43
-15040010266975,-f2c9d147-b9a7-48e3-a320-093823c137a8,25,7,68.06,33.54822,-7.67492,4,16:00-21:00,1,21.6,21.0,18.0,8.0,13.59,11.67,1.04,81,7.19,8,12,13,16,17,18,19,20,21,21,22,22,23,24,26,27,31,33,37
-15040010780846,-f3378582-22e1-4b60-862c-8ba19a4929d6,60,6,78.83,33.57058,-7.68403,4,16:00-21:00,1,26.7,27.0,22.9,7.6,12.37,10.51,1.02,1321,10.03,14,17,19,21,22,23,24,25,26,27,28,29,30,31,32,33,34,36,39
-15040010789249,-f33c5d00-b242-4f84-98aa-09dafc8c33eb,60,4,171.08,33.56855,-7.66021,4,16:00-21:00,1,34.7,35.0,29.4,12.1,20.98,17.6,0.98,13790,12.03,15,19,22,24,26,29,30,31,33,35,37,38,39,40,42,44,48,50,54
-15040010273296,-f3f09844-7cd0-44ed-b04b-15cea613074f,60,4,11.15,33.55572,-7.65062,4,16:00-21:00,1,31.6,29.0,25.4,13.0,1.58,1.38,1.06,13869,1.13,13,17,20,22,23,24,25,26,28,29,30,32,34,37,39,42,45,49,57
-15040010912425,-f4287cce-ba75-4a36-a31a-63b4c87ba828,60,7,5.72,33.56791,-7.66386,4,16:00-21:00,1,23.8,23.0,19.0,12.0,1.08,0.9,1.19,69,0.65,11,12,14,15,16,17,17,18,21,23,23,25,26,28,29,31,32,36,43
-15040010824924,-f4dc6bc4-490f-44cc-8037-e44e9c34a315,60,4,10.37,33.56659,-7.67407,4,16:00-21:00,1,34.9,34.0,26.0,14.2,1.44,1.1,1.1,1609,1.87,13,17,20,23,24,26,28,30,32,34,36,38,40,42,44,47,51,55,59
-15040010918415,-f4f21581-f2a6-4c67-b447-ada1c085bde9,60,7,38.25,33.57644,-7.67416,4,16:00-21:00,1,16.2,13.0,9.5,14.8,14.5,10.59,0.98,165,15.53,4,6,7,8,10,10,11,11,12,13,14,15,16,16,18,19,21,25,43
-15040010206214,-f50cdcf0-caed-4a7b-8ade-c0816ded0b07,60,3,9.67,33.55267,-7.66549,4,16:00-21:00,1,32.3,31.0,23.9,13.9,1.46,1.12,0.99,3242,1.78,12,17,20,23,25,26,28,29,30,31,32,34,35,37,38,40,42,46,57
-15040011087078,-f5c6d115-9893-4be8-8ef1-5e59d42e3d11,25,7,257.75,33.5437,-7.65351,4,16:00-21:00,1,43.5,44.0,41.4,9.0,22.42,21.09,1.02,4271,5.83,28,33,35,37,39,40,41,42,43,44,44,45,46,47,48,50,52,54,58
-15040010838909,-f6112ab0-5625-4dee-af38-c46c8e3e73b9,60,7,8.39,33.55197,-7.68327,4,16:00-21:00,1,16.0,14.0,11.3,10.2,2.67,2.16,1.07,43,1.65,5,7,7,8,8,9,10,11,13,14,16,17,17,20,20,21,24,28,32
-15040010797958,-f683678f-c366-4db0-99c1-c44b1c083bf4,26,7,135.7,33.56153,-7.66177,4,16:00-21:00,1,37.5,31.0,26.5,21.7,18.44,15.76,1.04,2511,13.52,13,15,17,19,20,22,23,25,28,31,34,38,41,45,50,60,66,72,80
-15040010829186,-f68d1b7b-f973-4dd3-ac3f-1b12a9a7477a,60,7,8.84,33.56128,-7.6721,4,16:00-21:00,1,18.1,19.0,12.1,7.1,2.64,1.67,1.33,30,3.63,7,8,10,10,14,15,15,16,19,19,20,20,21,21,23,24,25,25,28
-15040010850845,-f743ccee-16ac-41d0-9c49-866874bbc969,25,7,56.1,33.56318,-7.66447,4,16:00-21:00,1,30.5,32.0,17.1,14.4,11.8,6.31,1.28,95,17.83,4,10,15,16,19,23,24,25,31,32,35,36,38,40,41,42,44,48,52
-15040011069526,-f774596a-ca89-4bf3-b2f3-afa5f0e53323,26,7,339.26,33.56106,-7.6616,4,16:00-21:00,1,47.6,45.0,44.5,12.1,27.48,27.14,1.07,1498,7.65,30,33,36,37,39,40,42,43,44,45,47,50,52,54,57,59,61,64,68
-15040010828007,-f79f9772-1967-4267-ab01-877075ef0d66,60,7,27.5,33.55514,-7.66634,4,16:00-21:00,1,54.6,57.0,45.0,18.7,2.2,1.74,0.51,530,1.85,26,31,33,35,38,41,46,51,55,57,59,61,64,66,68,71,75,78,82
-15040011086157,-f7df62c9-83a9-4817-8259-b473a351ea10,60,3,28.07,33.56211,-7.66839,4,16:00-21:00,1,26.2,25.0,18.3,14.7,5.52,4.04,1.25,10289,5.73,7,11,14,16,18,19,21,22,23,25,26,27,28,30,31,33,35,39,60
-15040010273493,-f7efda14-3a78-4072-a1ed-b87a0a2e29df,60,4,200.34,33.54788,-7.65946,4,16:00-21:00,1,29.9,29.0,27.3,9.7,26.46,24.87,1.0,579,9.59,18,21,22,24,25,25,26,27,28,29,30,30,31,32,34,35,37,38,42
-15040010844901,-f836c107-5794-44ba-97e7-5f35d33dc995,60,7,38.07,33.57554,-7.67679,4,16:00-21:00,1,26.1,26.0,20.6,9.6,6.64,5.27,0.96,58,5.28,9,14,16,19,20,21,23,24,25,26,27,29,29,31,33,34,36,40,43
-15040010266954,-f8444375-a50f-4085-a9e9-3ad67a5926d8,60,3,80.07,33.55296,-7.66527,4,16:00-21:00,1,42.7,36.0,34.7,19.1,8.3,8.01,0.94,5102,5.85,20,25,28,29,30,31,32,33,34,36,39,41,44,47,52,61,66,72,82
-15040010266797,-f85c32ad-0a96-422a-9ab1-393efd8f8d9f,60,3,6.72,33.55259,-7.66544,4,16:00-21:00,1,29.0,27.0,22.8,13.0,1.06,0.9,1.0,5989,0.88,12,16,18,20,21,22,23,24,26,27,29,30,32,34,35,37,40,43,51
-15040010477531,-f896a972-defb-42ad-a859-43c6bc4cb035,60,4,11.45,33.54388,-7.65341,4,16:00-21:00,1,26.8,25.0,21.6,11.5,1.91,1.65,1.03,5831,1.34,12,15,16,18,19,20,22,23,24,25,26,28,29,31,33,35,37,41,47
-15040010838796,-f8f02130-0bd2-40ee-a920-f6238e6cfd1f,60,4,59.6,33.56621,-7.67474,4,16:00-21:00,1,35.4,36.0,29.3,12.0,7.32,5.96,1.05,2579,8.08,17,21,22,24,26,28,30,32,35,36,38,39,41,42,43,45,47,50,55
-15040010916634,-f8f282c6-6914-4c45-a2e8-699bb28b5d27,18,7,21.06,33.56738,-7.66718,4,16:00-21:00,1,33.7,34.0,30.2,9.2,2.51,2.23,0.97,4173,1.21,17,21,24,27,29,30,31,32,33,34,35,36,37,38,40,41,43,45,47
-15040010917741,-f92eb7ea-e88f-4d4d-bfae-333e87de0729,60,4,148.08,33.55953,-7.65121,4,16:00-21:00,1,40.1,41.0,34.9,11.6,15.29,13.0,1.0,2313,12.05,21,25,27,30,32,34,37,38,40,41,42,44,45,46,47,49,51,54,58
-15040010826596,-f94cc1e2-f0c9-4700-bea1-02e6731bbd86,60,7,29.85,33.5538,-7.68359,4,16:00-21:00,1,18.3,18.0,16.1,4.9,6.68,5.97,1.02,436,4.04,10,13,14,15,16,16,17,17,18,18,19,20,20,21,21,22,23,24,26
-15040010794181,-f95b0ea7-e3e2-484b-b7e7-5b95cc9b46e4,60,7,25.15,33.56202,-7.6708,4,16:00-21:00,1,17.8,17.0,14.4,7.7,6.27,5.33,1.12,40,3.54,6,9,9,11,13,14,15,15,16,17,18,19,19,21,22,24,25,27,29
-15040011004987,-f964c210-a9cb-4fb6-b50a-a0a6ab07aa32,60,6,10.12,33.56943,-7.6738,4,16:00-21:00,1,27.5,28.0,21.7,9.2,1.68,1.3,1.07,2532,3.63,12,16,18,20,21,23,24,25,26,28,29,30,31,32,34,35,37,39,42
-15040010839670,-f98893f3-4b83-4a47-a96d-b62e0e643840,60,7,18.77,33.57632,-7.67449,4,16:00-21:00,1,18.9,19.0,13.0,9.1,5.22,3.56,1.09,87,4.09,4,5,8,10,11,14,16,18,19,19,21,23,24,24,25,26,27,28,32
-15040011042002,-f98bf9c3-7573-41b1-8832-321154c9a163,60,4,18.18,33.54968,-7.67704,4,16:00-21:00,1,36.7,38.0,28.9,12.6,2.26,1.72,1.01,3854,4.25,16,20,22,25,28,31,33,35,36,38,39,40,42,43,44,46,49,52,58
-15040010605680,-fa4f6856-4ea5-402e-83c6-ef12d97469eb,27,7,234.37,33.54526,-7.65086,4,16:00-21:00,1,41.2,42.0,36.5,12.4,23.12,20.09,1.06,3028,9.94,20,24,27,30,33,35,37,39,41,42,44,45,46,48,50,51,53,56,61
-15040010605572,-fbd92593-cc9c-4cc8-9ccd-99d6c0d3e600,60,1,42.58,33.54592,-7.6492,4,16:00-21:00,1,60.4,61.0,58.3,10.2,2.63,2.51,1.0,23734,0.57,43,48,51,53,55,56,57,59,60,61,62,63,64,65,67,68,70,72,76
-15040010205884,-fbf9ac34-d7e8-4a23-8da0-84a3c3da8e53,60,3,18.93,33.55296,-7.66527,4,16:00-21:00,1,28.0,28.0,21.7,11.2,3.14,2.43,1.1,3557,2.78,10,15,17,19,21,23,24,26,27,28,29,30,31,32,34,36,38,41,47
-15040010804442,-fc5d647b-4ec4-4db4-8760-1a0cd1f8200e,60,7,42.6,33.55225,-7.68912,4,16:00-21:00,1,19.2,19.0,16.1,5.6,9.54,8.07,0.82,77,8.7,9,13,15,15,16,17,17,17,18,19,20,21,21,22,23,24,24,25,28
-15040010907064,-fc77cac1-eaca-404e-a5d6-5a581f417e1c,60,4,26.39,33.5582,-7.68002,4,16:00-21:00,1,29.1,29.0,17.9,11.1,5.32,3.28,1.0,3389,12.47,10,15,18,20,22,24,25,27,28,29,30,32,33,34,36,38,40,42,47
-15040010844477,-fd1fcb28-f766-4ea9-bc90-3267d03708bd,23,7,21.35,33.54858,-7.67268,4,16:00-21:00,1,23.8,25.0,14.2,10.1,5.41,3.07,0.84,158,9.13,4,8,12,16,17,20,21,22,23,25,26,27,28,29,31,32,34,36,39
-15040010266919,-fd70b4ea-9317-4113-b1ff-3f68641b1094,60,3,29.53,33.54575,-7.66897,4,16:00-21:00,1,36.0,36.0,32.7,9.8,3.25,2.95,0.99,6105,1.53,20,24,27,29,30,32,33,34,35,36,37,38,39,40,41,43,45,47,52
-15040010832039,-fe0e04ef-ebea-454f-ba78-1279c2510051,60,7,129.32,33.56329,-7.66446,4,16:00-21:00,1,41.4,40.0,36.2,15.0,12.87,11.64,1.02,8044,6.21,20,25,28,32,34,36,37,38,39,40,41,42,43,44,45,47,50,62,74
-15040011038219,-fe7176aa-610c-4dc3-ae0b-33f54bc5c8f7,60,3,55.81,33.56751,-7.66754,4,16:00-21:00,1,33.2,34.0,27.4,11.6,7.32,5.91,1.02,4180,5.0,13,17,20,23,26,28,30,31,33,34,36,37,38,39,40,42,44,47,51
-15040010961063,-ff077bc8-24b1-4516-b363-41dc40b9ed5e,60,7,7.66,33.54168,-7.66281,4,16:00-21:00,1,21.1,16.0,6.8,20.9,4.06,1.72,1.52,263,5.98,2,3,4,5,6,9,11,13,14,16,18,19,22,23,27,31,39,44,59
-15040010829855,-ff67a081-f553-46e7-b9c8-3e6b4b1db3a0,26,7,194.83,33.55933,-7.66206,4,16:00-21:00,1,42.8,40.0,39.5,12.5,17.77,17.53,1.0,938,5.32,28,30,31,33,34,35,36,37,38,40,41,42,44,47,50,55,58,62,67
-15040010913324,-ffa2cce5-8dfe-4fae-aa13-311ae753e393,20,7,27.83,33.54856,-7.67384,4,16:00-21:00,1,23.2,23.0,18.7,7.4,5.36,4.36,0.99,100,4.32,8,11,17,17,20,20,21,22,22,23,24,26,26,27,28,29,30,32,34
-15040010849652,-ffb93e03-5a1f-41cf-9391-cd5c3fc57934,60,7,16.91,33.5526,-7.68929,4,16:00-21:00,1,19.0,19.0,17.1,5.6,3.56,3.2,0.74,83,1.41,10,13,14,15,16,16,17,17,18,19,19,20,21,22,23,24,24,25,28
-15040011004593,-ffd1b1ab-22f4-4356-b786-c74963d56a5f,21,7,79.38,33.55793,-7.65465,4,16:00-21:00,1,34.9,35.0,31.8,9.4,9.0,8.16,1.03,9260,4.38,19,23,25,28,30,31,32,33,34,35,36,37,38,39,40,42,44,47,51
15040005044347,00004d41-3200-0400-0000-0000004c5320,60,3,42.58,33.5725,-7.66979,4,16:00-21:00,1,21.3,22.0,11.8,11.9,12.97,6.97,1.41,9072,15.23,3,5,7,9,12,14,16,19,20,22,23,24,26,27,29,31,33,37,42
15040004531899,00004d41-3200-0400-0000-0000004c5338,60,3,10.26,33.57151,-7.66918,4,16:00-21:00,1,19.4,20.0,11.5,9.4,3.21,1.85,1.13,9928,4.53,4,6,8,10,12,14,16,17,19,20,22,23,24,25,26,27,29,30,33
15040004756282,00004d41-3200-0400-0000-0000004c5898,60,6,43.86,33.56775,-7.67759,4,16:00-21:00,1,13.3,12.0,7.1,9.2,22.38,13.16,1.08,2135,19.08,3,3,3,4,5,6,7,9,10,12,14,15,17,18,20,21,24,26,30
15040004756287,00004d41-3200-0400-0000-0000004c58a8,60,6,59.19,33.56752,-7.67817,4,16:00-21:00,1,23.7,24.0,17.1,10.6,12.43,8.88,1.17,2153,10.6,7,9,11,14,16,18,20,21,22,24,25,27,28,29,31,32,35,38,42
15040002523739,00004d41-3200-0400-0000-0000004c58a9,60,6,61.39,33.56726,-7.67875,4,16:00-21:00,1,28.5,28.0,23.0,10.2,9.6,7.89,1.05,2144,9.49,12,16,19,20,22,23,25,26,27,28,29,30,31,33,34,36,38,41,46
15040004756379,00004d41-3200-0400-0000-0000004c59e8,60,5,77.35,33.54959,-7.68444,4,16:00-21:00,1,18.2,19.0,12.7,8.7,21.99,14.66,1.2,1432,20.32,5,7,8,9,11,12,14,15,17,19,20,21,22,23,24,26,27,29,32
15040004094853,00004d41-3200-0400-0000-0000004c59ea,60,4,26.85,33.54808,-7.68379,4,16:00-21:00,1,30.4,30.0,22.0,10.8,4.39,3.22,0.95,2258,7.99,12,18,20,23,24,25,27,28,29,30,31,33,34,35,37,38,41,43,48
15040001921820,00004d41-3200-0400-0000-0000004ca3dc,60,4,120.84,33.55938,-7.67673,4,16:00-21:00,1,36.0,37.0,31.8,10.0,13.69,11.76,1.03,3848,8.34,17,22,25,28,30,32,34,35,36,37,38,39,40,41,42,44,45,47,51
15040002550795,00004d41-3200-0400-0000-0000004ca689,60,7,28.62,33.57218,-7.67454,4,16:00-21:00,1,10.1,9.8,8.4,4.0,12.23,10.51,1.11,51,6.43,5,5,6,7,7,8,9,9,9,10,10,11,11,12,13,13,15,15,16
15040001959434,00004d41-3200-0400-0000-0000004cd21b,60,6,51.31,33.54541,-7.67969,4,16:00-21:00,1,20.1,19.0,15.3,8.7,12.11,9.72,1.04,878,12.98,8,11,12,13,15,16,17,18,19,19,20,20,21,22,23,25,27,32,38
15040001952049,00004d41-3200-0400-0000-0000004cd21c,60,7,44.45,33.54525,-7.68013,4,16:00-21:00,1,16.0,17.0,13.3,6.2,12.06,9.41,1.0,163,6.13,7,8,9,10,11,12,13,14,15,17,17,18,19,19,20,21,22,24,27
15040001968631,00004d41-3200-0400-0000-0000004cd21d,60,6,81.2,33.55216,-7.67705,4,16:00-21:00,1,13.6,11.0,9.2,8.3,31.63,26.57,1.03,2408,21.19,5,5,6,6,6,7,8,9,10,11,13,14,16,17,19,21,23,26,30
15040001959409,00004d41-3200-0400-0000-0000004cd223,25,7,64.76,33.54689,-7.65936,4,16:00-21:00,1,36.6,35.0,26.9,18.1,8.68,6.66,1.02,64,7.66,13,18,20,23,25,27,29,32,33,35,39,39,40,42,43,48,50,54,59
15040002571345,00004d41-3200-0400-0000-0000004cd24e,60,7,51.96,33.57253,-7.67259,4,16:00-21:00,1,14.4,14.0,11.3,6.1,16.59,13.36,1.19,376,11.09,5,7,8,9,10,11,12,13,13,14,15,16,16,18,18,20,21,23,25
15040002568251,00004d41-3200-0400-0000-0000004cd250,60,7,58.76,33.57279,-7.66909,4,16:00-21:00,1,22.6,23.0,16.4,10.2,12.9,9.2,1.06,775,10.64,6,9,11,13,15,16,18,20,21,23,24,25,27,28,30,32,34,36,38
15040002627734,00004d41-3200-0400-0000-0000004ce0e1,60,7,35.74,33.54828,-7.68518,4,16:00-21:00,1,12.1,11.0,8.4,6.8,15.36,11.7,0.92,89,15.66,4,5,6,6,8,9,9,10,11,11,12,12,13,13,14,16,17,21,24
15040001961587,00004d41-3200-0400-0000-0000004ce2a4,60,7,29.39,33.55417,-7.68424,4,16:00-21:00,1,16.5,17.0,14.6,5.5,7.24,6.22,0.83,34,2.85,8,10,11,11,12,13,14,15,16,17,18,18,20,20,20,20,21,24,26
15040001982964,00004d41-3200-0400-0000-0000004ce2a5,60,7,22.59,33.55435,-7.68436,4,16:00-21:00,1,16.5,17.0,14.6,5.5,5.59,4.78,0.81,33,2.22,8,10,10,11,12,13,14,15,16,17,18,18,20,20,20,20,21,24,26
15040001961596,00004d41-3200-0400-0000-0000004ce2c4,60,4,66.4,33.56553,-7.67653,4,16:00-21:00,1,27.1,26.0,21.1,9.6,11.31,9.19,1.07,1752,14.15,12,17,19,21,23,24,24,24,25,26,26,27,28,30,31,33,36,40,47
15040001982764,00004d41-3200-0400-0000-0000004ce2c5,60,7,66.1,33.56351,-7.67671,4,16:00-21:00,1,18.2,18.0,15.6,6.5,15.24,13.22,1.0,141,7.24,9,10,11,12,14,15,15,16,17,18,19,19,20,21,22,23,25,26,30
15040003496597,00004d41-3200-0400-0000-0000004ce2c6,60,7,63.5,33.56376,-7.67607,4,16:00-21:00,1,21.8,22.0,19.4,5.2,11.81,10.39,1.03,238,9.51,13,15,17,18,19,20,20,21,21,22,22,23,24,24,25,26,27,28,30
15040004284052,00004d41-3200-0400-0000-0000004ce2c8,60,7,45.73,33.56235,-7.67569,4,16:00-21:00,1,26.5,26.0,22.9,8.1,7.18,6.33,1.0,512,5.76,15,18,19,20,21,23,23,24,25,26,27,28,29,30,31,32,34,36,41
15040002553035,00004d41-3200-0400-0000-0000004ce2c9,60,7,32.0,33.56246,-7.67537,4,16:00-21:00,1,14.8,14.0,10.4,7.3,11.12,8.23,0.98,673,10.28,4,6,7,8,9,10,11,12,13,14,15,16,18,19,20,22,23,25,27
15040001972221,00004d41-3200-0400-0000-0000004ce2cb,60,7,53.39,33.56334,-7.67275,4,16:00-21:00,1,18.6,19.0,15.0,6.7,12.85,10.12,1.07,43,9.18,8,10,10,13,13,15,17,18,18,19,19,21,22,23,23,24,25,26,28
15040002612957,00004d41-3200-0400-0000-0000004ce2ce,60,7,136.19,33.56372,-7.66904,4,16:00-21:00,1,17.0,17.0,13.8,6.3,35.57,28.84,1.04,82,22.54,6,8,9,11,14,14,15,16,17,17,18,18,19,20,21,22,23,25,27
15040004771610,00004d41-3200-0400-0000-0000004ce2e0,60,7,63.22,33.56494,-7.66886,4,16:00-21:00,1,24.2,24.0,20.4,7.2,11.17,9.48,1.0,1808,10.21,13,16,18,19,20,21,22,23,23,24,25,25,26,27,28,29,31,33,36
15040004299312,00004d41-3200-0400-0000-0000004ce52a,60,6,31.31,33.57012,-7.67853,4,16:00-21:00,1,12.2,11.0,8.1,6.6,13.98,10.25,1.43,548,12.29,3,4,5,6,7,8,9,10,11,11,12,13,15,16,17,18,19,22,25
15040001983904,00004d41-3200-0400-0000-0000004ce52d,60,7,54.07,33.57096,-7.67041,4,16:00-21:00,1,18.2,17.0,11.0,9.3,17.65,11.45,0.97,32,21.88,4,6,7,12,14,14,15,16,17,17,19,21,21,22,22,23,28,29,39
15040004764660,00004d41-3200-0400-0000-0000004ceb8a,60,7,73.54,33.55776,-7.68127,4,16:00-21:00,1,18.5,20.0,10.0,8.9,26.37,13.24,2.06,36,34.17,2,4,8,8,10,12,19,19,20,20,21,22,23,23,24,26,27,30,31
15040003508876,00004d41-3200-0400-0000-0000004ceb8e,60,7,106.12,33.54954,-7.68622,4,16:00-21:00,1,24.0,24.0,17.1,12.5,22.33,15.92,0.76,34,17.42,7,8,11,12,18,21,22,23,23,24,24,25,27,27,28,29,31,35,54
15040003320673,00004d41-3200-0400-0000-0000004ceb8f,60,7,39.75,33.54912,-7.68519,4,16:00-21:00,1,16.0,10.0,9.2,17.9,15.53,14.31,0.87,61,9.22,4,5,6,6,7,8,8,9,10,10,11,11,12,15,17,21,23,26,48
15040002635949,00004d41-3200-0400-0000-0000004ceba1,60,7,29.97,33.5499,-7.68636,4,16:00-21:00,1,18.6,20.0,15.5,6.1,6.96,5.39,1.0,76,4.3,7,10,11,14,15,17,18,19,19,20,20,21,21,22,22,22,23,24,27
15040004764670,00004d41-3200-0400-0000-0000004ceba2,60,7,40.5,33.55015,-7.68648,4,16:00-21:00,1,19.4,20.0,17.0,5.4,8.58,7.29,0.68,65,5.18,10,13,15,16,17,17,19,19,20,20,20,21,21,22,22,22,23,24,26
15040001995411,00004d41-3200-0400-0000-0000004cebad,60,7,31.73,33.5698,-7.68579,4,16:00-21:00,1,17.0,16.0,13.6,6.6,8.42,7.14,1.12,47,7.33,9,9,11,13,14,14,15,15,15,16,16,17,18,19,21,22,22,25,30
15040003508975,00004d41-3200-0400-0000-0000004cebae,60,7,26.25,33.56993,-7.68548,4,16:00-21:00,1,15.5,15.0,12.5,5.2,7.59,6.3,0.92,36,6.73,8,9,11,12,12,13,13,14,15,15,15,16,17,18,18,19,22,23,25
15040001995400,00004d41-3200-0400-0000-0000004cebbd,60,7,45.33,33.55317,-7.68329,4,16:00-21:00,1,17.2,17.0,15.0,5.6,10.88,9.6,1.03,184,5.11,8,10,12,13,13,14,15,15,16,17,18,19,20,20,21,22,23,25,25
15040003320738,00004d41-3200-0400-0000-0000004cebbf,60,7,32.08,33.55424,-7.68381,4,16:00-21:00,1,17.1,17.0,13.6,5.6,8.48,6.79,1.1,190,9.99,7,10,11,13,14,15,15,16,17,17,18,19,19,20,21,22,22,24,26
15040003320760,00004d41-3200-0400-0000-0000004cebc7,60,7,57.55,33.56225,-7.68001,4,16:00-21:00,1,22.8,22.0,20.8,5.8,9.97,9.42,0.97,204,3.94,14,16,18,19,19,20,21,21,22,22,23,24,24,25,26,27,29,30,33
15040004772974,00004d41-3200-0400-0000-0000004cebc8,60,7,94.52,33.56241,-7.67942,4,16:00-21:00,1,22.8,23.0,21.1,5.7,16.12,14.79,0.96,133,5.66,15,17,18,19,20,20,21,21,22,23,23,23,24,25,26,27,29,30,32
15040002636000,00004d41-3200-0400-0000-0000004cebc9,60,7,66.43,33.56273,-7.67849,4,16:00-21:00,1,23.4,23.0,21.9,5.7,10.92,10.4,0.97,128,3.27,16,17,19,19,20,20,21,22,22,23,23,24,25,25,26,27,29,31,35
15040004764696,00004d41-3200-0400-0000-0000004cebca,60,7,120.12,33.563,-7.67785,4,16:00-21:00,1,22.8,23.0,20.6,5.9,21.0,18.8,1.03,144,9.94,15,17,18,19,20,20,21,21,22,23,23,24,25,25,26,27,29,30,32
15040001978643,00004d41-3200-0400-0000-0000004cebcb,60,7,47.0,33.56403,-7.67546,4,16:00-21:00,1,23.5,24.0,20.4,6.2,8.31,7.05,1.09,228,6.12,12,16,18,19,20,21,22,23,23,24,25,25,26,27,27,28,29,31,33
15040003508971,00004d41-3200-0400-0000-0000004cebd6,60,7,42.01,33.55121,-7.68214,4,16:00-21:00,1,16.3,15.0,10.6,8.5,14.26,10.08,0.89,44,13.11,3,5,7,9,10,12,14,15,15,15,18,18,19,20,21,23,23,26,29
15040005079208,00004d41-3200-0400-0000-0000004cebd8,60,6,132.4,33.55001,-7.67864,4,16:00-21:00,1,35.4,37.0,29.9,10.9,15.93,12.88,0.99,3355,11.63,16,19,23,26,29,32,33,35,36,37,38,39,40,41,42,44,45,47,51
15040002635987,00004d41-3200-0400-0000-0000004cebd9,60,6,85.05,33.5541,-7.68066,4,16:00-21:00,1,27.7,28.0,23.1,8.8,13.28,10.94,1.03,2390,11.21,13,17,19,21,22,24,25,26,27,28,29,30,31,32,33,34,36,38,41
15040001978631,00004d41-3200-0400-0000-0000004cebdb,60,6,21.09,33.55118,-7.67658,4,16:00-21:00,1,28.2,28.0,23.3,9.0,3.25,2.71,1.0,2570,4.16,13,17,20,22,23,25,26,27,28,28,29,30,31,32,33,35,36,38,42
15040002588994,00004d41-3200-0400-0000-0000004cebe8,60,6,84.74,33.55538,-7.67689,4,16:00-21:00,1,23.6,22.0,15.7,11.9,19.5,13.87,1.06,459,20.45,6,9,11,13,15,16,17,19,21,22,25,27,29,31,32,34,36,38,41
15040005032433,00004d41-3200-0400-0000-0000004cebea,60,6,18.68,33.5541,-7.68066,4,16:00-21:00,1,22.6,21.0,13.9,12.3,4.85,3.2,1.11,1021,8.05,6,8,10,12,14,16,17,18,20,21,23,24,26,28,29,32,34,38,45
15040001978723,00004d41-3200-0400-0000-0000004cebeb,60,7,90.89,33.55993,-7.67694,4,16:00-21:00,1,28.3,29.0,25.2,6.9,12.96,11.28,0.98,114,7.95,14,21,23,23,25,26,27,28,28,29,29,30,31,32,33,34,34,35,39
15040001969820,00004d41-3200-0400-0000-0000004cebec,60,7,117.57,33.56071,-7.67726,4,16:00-21:00,1,28.3,29.0,25.2,6.9,16.77,14.59,0.98,115,10.24,14,21,23,23,25,26,27,27,28,29,29,30,31,32,33,34,34,35,39
15040001995496,00004d41-3200-0400-0000-0000004cebed,60,7,71.73,33.56216,-7.67813,4,16:00-21:00,1,27.8,28.0,24.6,7.0,10.51,9.22,1.01,200,6.21,14,19,22,23,24,25,26,27,28,28,29,30,31,31,32,34,35,35,38
15040003234271,00004d41-3200-0400-0000-0000004cebee,60,7,62.18,33.56165,-7.67783,4,16:00-21:00,1,27.8,29.0,24.7,6.9,9.06,7.72,1.02,199,5.33,15,19,22,23,24,25,26,27,28,29,29,30,31,32,33,34,35,35,38
15040003320816,00004d41-3200-0400-0000-0000004cebef,60,7,63.01,33.56273,-7.67849,4,16:00-21:00,1,27.5,28.0,24.1,7.2,9.42,8.1,0.99,204,5.69,14,19,21,23,24,25,26,26,28,28,29,30,31,31,32,34,35,35,38
15040001978712,00004d41-3200-0400-0000-0000004cebfb,60,6,117.3,33.55202,-7.67984,4,16:00-21:00,1,29.9,30.0,26.1,8.9,16.18,14.08,1.0,2788,10.07,15,19,22,23,24,26,27,28,29,30,31,31,32,33,35,37,39,42,45
15040001969805,00004d41-3200-0400-0000-0000004cebfc,60,6,130.75,33.55104,-7.67937,4,16:00-21:00,1,36.5,38.0,30.3,11.6,15.54,12.39,1.0,2765,13.1,16,20,23,26,29,32,34,35,37,38,39,40,41,43,44,46,48,51,54
15040003320291,00004d41-3200-0400-0000-0000004cec07,60,7,16.6,33.5737,-7.67948,4,16:00-21:00,1,16.6,15.0,14.5,6.3,4.12,3.98,1.03,30,1.64,8,8,11,12,13,13,14,14,15,15,16,16,17,18,20,20,23,23,29
15040001969433,00004d41-3200-0400-0000-0000004cec14,60,7,99.91,33.56219,-7.67614,4,16:00-21:00,1,32.8,34.0,29.0,9.4,12.4,10.58,0.96,499,7.0,18,20,23,24,25,27,30,31,33,34,35,36,36,38,40,41,43,44,46
15040001995139,00004d41-3200-0400-0000-0000004cec15,60,7,67.81,33.56188,-7.67715,4,16:00-21:00,1,27.4,28.0,24.9,7.0,9.79,8.72,0.99,432,4.03,14,18,20,22,23,24,25,26,27,28,29,30,30,31,32,33,34,36,39
15040003508454,00004d41-3200-0400-0000-0000004cec16,60,7,51.91,33.56165,-7.67783,4,16:00-21:00,1,22.9,23.0,20.4,5.7,9.15,8.13,0.96,305,4.68,13,17,18,19,20,21,21,22,23,23,24,24,25,26,27,27,28,29,31
15040002635727,00004d41-3200-0400-0000-0000004cec19,60,7,61.77,33.563,-7.67785,4,16:00-21:00,1,22.8,22.0,19.4,9.9,11.44,10.11,0.85,42,5.24,9,12,16,17,19,20,21,21,22,22,24,24,25,25,26,26,27,29,32
15040004773060,00004d41-3200-0400-0000-0000004cec68,60,7,30.9,33.5658,-7.6742,4,16:00-21:00,1,22.6,23.0,17.7,8.1,6.27,4.84,1.11,173,5.02,8,12,14,16,18,19,20,21,22,23,24,25,26,27,28,30,31,33,35
15040002558467,00004d41-3200-0400-0000-0000004cec69,60,7,69.29,33.56396,-7.67285,4,16:00-21:00,1,19.5,19.0,15.8,6.3,15.83,13.13,1.19,600,15.06,9,12,14,15,16,17,17,18,19,19,20,21,22,22,23,25,26,27,30
15040004287427,00004d41-3200-0400-0000-0000004cec6a,60,7,60.52,33.56424,-7.67219,4,16:00-21:00,1,23.5,23.0,19.3,8.5,11.31,9.47,1.09,667,9.23,11,14,16,17,18,20,20,21,22,23,24,25,25,26,28,29,31,34,39
15040001979652,00004d41-3200-0400-0000-0000004cec6b,60,7,64.04,33.56451,-7.67162,4,16:00-21:00,1,28.8,30.0,21.2,9.9,10.87,7.68,1.18,741,16.43,11,15,19,21,23,24,25,27,28,30,31,32,33,34,36,37,39,41,44
15040002561571,00004d41-3200-0400-0000-0000004cec8a,60,7,53.02,33.57057,-7.67137,4,16:00-21:00,1,19.9,20.0,16.0,7.0,11.91,9.54,1.08,504,9.88,9,11,13,14,15,16,17,18,19,20,21,21,22,23,24,25,26,29,32
15040001995218,00004d41-3200-0400-0000-0000004cec95,60,7,110.96,33.56273,-7.66919,4,16:00-21:00,1,18.6,19.0,15.3,6.5,26.11,21.02,0.98,84,15.51,7,9,9,13,15,17,18,18,19,19,20,20,21,21,22,24,26,26,28
15040002635808,00004d41-3200-0400-0000-0000004cec99,60,7,62.52,33.56374,-7.67189,4,16:00-21:00,1,16.3,17.0,13.0,6.0,17.3,13.24,1.2,56,11.23,5,7,9,11,11,14,15,16,17,17,17,18,19,20,20,21,22,24,26
15040001969646,00004d41-3200-0400-0000-0000004cec9c,60,7,61.39,33.56573,-7.67232,4,16:00-21:00,1,20.9,20.0,16.5,7.7,13.43,11.05,0.99,40,9.78,5,7,14,15,16,17,17,19,20,20,20,22,24,25,26,27,28,32,33
15040003321206,00004d41-3200-0400-0000-0000004cecaf,60,7,22.92,33.57253,-7.67096,4,16:00-21:00,1,28.2,29.0,22.1,10.1,3.73,2.85,1.09,660,3.28,11,14,17,19,21,24,25,27,28,29,30,31,32,34,35,37,39,40,44
15040002564042,00004d41-3200-0400-0000-0000004cecb0,60,7,171.78,33.56814,-7.67067,4,16:00-21:00,1,18.6,18.0,15.4,6.2,40.19,34.36,1.11,393,31.54,9,11,13,14,15,15,16,17,18,18,19,20,21,21,22,24,25,26,28
15040002637244,00004d41-3200-0400-0000-0000004cecb1,60,7,57.7,33.5666,-7.67089,4,16:00-21:00,1,18.2,19.0,15.5,6.1,13.41,10.93,1.13,230,8.19,8,10,12,14,15,16,17,17,18,19,19,20,20,21,21,22,23,24,28
15040001979804,00004d41-3200-0400-0000-0000004cecb3,60,7,38.41,33.56168,-7.67002,4,16:00-21:00,1,19.4,19.0,12.2,10.1,11.3,7.28,1.01,103,17.1,6,9,10,11,13,14,16,17,18,19,19,20,20,22,24,25,26,29,43
15040002582342,00004d41-3200-0400-0000-0000004ced60,60,7,55.03,33.56108,-7.67954,4,16:00-21:00,1,24.1,25.0,20.9,7.1,9.47,7.92,0.82,56,4.99,10,11,18,20,21,22,22,23,24,25,25,26,26,27,28,30,31,33,35
15040002542296,00004d41-3200-0400-0000-0000004cee2e,60,6,165.16,33.56966,-7.68026,4,16:00-21:00,1,15.8,15.0,12.1,7.1,48.98,39.64,1.52,815,33.35,5,7,8,9,11,11,12,13,14,15,16,17,18,19,20,21,23,25,28
15040004773297,00004d41-3200-0400-0000-0000004cee30,60,7,66.53,33.56628,-7.67238,4,16:00-21:00,1,16.0,16.0,12.7,7.5,18.84,14.97,1.3,30,10.28,6,7,7,8,10,12,14,15,16,16,17,17,17,19,20,20,23,23,27
15040002638398,00004d41-3200-0400-0000-0000004cee31,60,7,65.77,33.56627,-7.67166,4,16:00-21:00,1,16.4,16.0,13.4,7.2,17.65,14.8,1.15,32,8.91,7,7,8,9,10,14,15,15,15,16,17,17,19,19,20,20,23,23,27
15040001981564,00004d41-3200-0400-0000-0000004cee33,60,7,202.86,33.56609,-7.67099,4,16:00-21:00,1,15.6,16.0,12.1,7.6,60.17,45.64,1.23,44,36.06,6,7,8,9,10,12,12,14,15,16,16,17,17,18,19,20,23,24,26
15040002570806,00004d41-3200-0400-0000-0000004cee37,60,7,50.08,33.56269,-7.66865,4,16:00-21:00,1,19.0,21.0,15.4,6.2,11.68,8.59,0.87,49,7.94,6,8,10,16,17,17,19,19,19,21,21,21,21,23,23,24,25,26,26
15040003267548,00004d41-3200-0400-0000-0000004cee38,60,7,63.41,33.56225,-7.66949,4,16:00-21:00,1,19.2,19.0,13.6,8.9,16.81,12.01,1.04,75,19.29,7,9,10,11,14,15,16,17,18,19,19,20,21,21,23,25,27,31,37
15040002638419,00004d41-3200-0400-0000-0000004cee39,60,7,19.15,33.56217,-7.66968,4,16:00-21:00,1,19.2,19.0,13.6,8.9,5.08,3.63,1.05,76,5.8,7,9,10,11,13,15,16,17,18,19,20,20,21,22,22,25,27,31,37
15040003322454,00004d41-3200-0400-0000-0000004cee67,60,7,163.3,33.56675,-7.66467,4,16:00-21:00,1,19.4,18.0,16.2,8.3,36.22,32.66,0.98,487,15.67,9,10,11,12,13,14,15,16,17,18,19,20,21,22,24,26,29,31,34
15040001999649,00004d41-3200-0400-0000-0000004cf22d,60,7,58.36,33.56265,-7.67478,4,16:00-21:00,1,25.9,26.0,21.0,7.4,10.02,8.08,0.99,639,11.38,12,16,19,21,22,23,24,25,25,26,27,28,29,30,31,32,33,35,37
15040002640938,00004d41-3200-0400-0000-0000004cf269,60,7,242.04,33.55948,-7.65111,4,16:00-21:00,1,28.2,28.0,24.7,8.2,35.31,31.12,1.04,436,21.28,15,19,21,22,23,25,25,26,27,28,29,30,31,32,33,34,36,38,41
15040001999487,00004d41-3200-0400-0000-0000004cf26d,60,6,66.68,33.55556,-7.67621,4,16:00-21:00,1,27.9,29.0,17.8,12.0,13.5,8.28,1.14,399,20.31,7,11,14,18,19,21,23,25,27,29,31,32,34,35,37,38,40,41,45
15040003517414,00004d41-3200-0400-0000-0000004cf26e,60,7,42.82,33.5533,-7.67598,4,16:00-21:00,1,14.6,14.0,11.2,6.9,13.71,11.01,0.74,38,8.48,4,6,7,9,10,11,12,13,13,14,14,15,15,17,19,20,20,25,32
15040002604524,00004d41-3200-0400-0000-0000004cf271,60,7,20.14,33.56483,-7.67255,4,16:00-21:00,1,19.4,20.0,15.1,7.7,4.79,3.63,0.96,54,3.28,5,8,12,14,14,15,16,17,19,20,20,21,23,23,25,26,27,30,33
15040003256431,00004d41-3200-0400-0000-0000004cf28e,60,7,44.53,33.56492,-7.67237,4,16:00-21:00,1,19.7,19.0,15.3,7.8,10.5,8.44,1.03,46,7.53,5,7,14,14,15,15,16,17,19,19,20,20,22,25,25,26,28,32,33
15040004765681,00004d41-3200-0400-0000-0000004cf44a,60,7,41.4,33.5499,-7.68636,4,16:00-21:00,1,16.2,17.0,12.4,7.0,12.02,8.77,1.16,40,7.75,5,6,7,8,12,13,14,14,16,17,18,18,18,18,19,21,23,26,27
15040001985863,00004d41-3200-0400-0000-0000004cf44b,60,6,86.85,33.5521,-7.68642,4,16:00-21:00,1,27.7,28.0,21.2,10.3,14.74,11.17,1.03,561,15.27,10,15,17,19,21,22,24,25,27,28,29,30,31,33,34,35,38,41,45
15040002642068,00004d41-3200-0400-0000-0000004cf4c9,60,7,43.71,33.5451,-7.68056,4,16:00-21:00,1,17.5,18.0,14.9,6.1,10.59,8.74,1.03,163,5.53,8,9,11,13,14,14,15,17,17,18,18,19,19,20,21,22,23,24,27
15040004765749,00004d41-3200-0400-0000-0000004cf4ca,60,6,137.3,33.54558,-7.67918,4,16:00-21:00,1,20.6,20.0,18.1,6.2,27.27,24.71,0.99,907,14.21,11,13,15,16,17,17,18,19,20,20,21,22,23,24,25,26,27,28,31
15040001975165,00004d41-3200-0400-0000-0000004cf4d4,60,7,37.53,33.55077,-7.68345,4,16:00-21:00,1,17.1,17.0,8.3,11.5,16.34,7.95,1.7,39,18.6,2,3,3,7,10,13,14,16,16,17,18,18,18,19,20,21,23,38,46
15040001985929,00004d41-3200-0400-0000-0000004cf523,60,7,37.08,33.55063,-7.68051,4,16:00-21:00,1,16.1,11.0,11.1,12.3,11.99,12.14,0.92,36,7.01,5,6,8,8,9,9,9,10,11,11,15,18,19,20,20,22,23,24,36
15040003518741,00004d41-3200-0400-0000-0000004cf53e,60,7,42.1,33.55058,-7.67678,4,16:00-21:00,1,24.4,15.0,14.0,25.6,10.83,10.1,0.76,74,6.41,7,8,9,10,11,11,12,13,14,15,16,18,19,19,22,25,46,61,85
15040002643146,00004d41-3200-0400-0000-0000004cf559,60,6,113.48,33.5442,-7.67836,4,16:00-21:00,1,16.4,16.0,12.1,7.0,33.72,25.53,1.16,202,34.01,6,8,10,11,12,13,14,15,15,16,17,17,19,19,20,21,23,25,27
15040004765813,00004d41-3200-0400-0000-0000004cf55a,60,6,11.81,33.54472,-7.67731,4,16:00-21:00,1,17.6,17.0,12.3,8.7,3.45,2.5,1.19,282,4.66,6,8,10,12,13,14,15,16,17,17,18,19,19,20,22,23,24,26,28
15040002551748,00004d41-3200-0400-0000-0000004cf5e7,60,7,47.39,33.57134,-7.67463,4,16:00-21:00,1,12.1,12.0,10.1,4.6,16.98,14.22,1.24,30,8.76,5,6,8,8,9,9,9,10,11,12,12,13,14,15,16,16,17,18,20
15040004774094,00004d41-3200-0400-0000-0000004cf618,60,7,13.14,33.57056,-7.67413,4,16:00-21:00,1,12.8,12.0,11.7,3.8,4.05,3.94,0.94,59,1.49,8,8,10,10,11,11,11,12,12,12,13,13,14,15,15,15,16,17,20
15040002602800,00004d41-3200-0400-0000-0000004cf620,60,7,31.39,33.56364,-7.67358,4,16:00-21:00,1,23.6,24.0,17.8,8.6,6.36,4.71,1.21,458,10.68,10,13,15,16,18,19,21,22,22,24,24,25,26,27,28,30,32,35,39
15040002643096,00004d41-3200-0400-0000-0000004cf621,60,7,23.34,33.56376,-7.67328,4,16:00-21:00,1,25.0,25.0,16.7,9.0,5.04,3.36,1.28,495,10.85,9,14,16,18,20,21,22,23,24,25,26,27,28,29,30,32,34,36,40
15040004765913,00004d41-3200-0400-0000-0000004cf622,60,7,21.99,33.56386,-7.67306,4,16:00-21:00,1,25.6,26.0,19.0,9.1,4.16,3.04,1.28,522,6.84,10,14,16,18,20,21,22,23,25,26,27,28,29,30,31,33,34,36,39
15040002002447,00004d41-3200-0400-0000-0000004cf625,60,7,62.91,33.56424,-7.67336,4,16:00-21:00,1,17.2,19.0,14.3,5.8,15.87,11.92,1.16,99,9.86,6,9,10,12,13,14,15,16,18,19,19,20,20,21,22,22,23,24,25
15040003252210,00004d41-3200-0400-0000-0000004cf637,18,7,25.59,33.56657,-7.6732,4,16:00-21:00,1,16.2,16.0,8.8,10.4,10.44,5.76,1.18,31,12.85,2,6,7,8,8,10,10,14,15,16,17,17,17,19,19,20,23,27,41
15040002002570,00004d41-3200-0400-0000-0000004cf63d,60,7,15.04,33.56997,-7.67362,4,16:00-21:00,1,12.6,13.0,10.4,4.9,5.21,4.16,1.19,41,2.71,6,6,7,8,8,9,10,11,12,13,14,14,16,16,17,17,18,18,20
15040003520653,00004d41-3200-0400-0000-0000004cf63e,60,7,24.64,33.57009,-7.6737,4,16:00-21:00,1,12.4,12.0,10.3,4.7,8.6,7.39,1.19,45,4.26,6,6,7,8,8,9,9,10,11,12,14,14,15,16,16,17,18,18,20
15040002553062,00004d41-3200-0400-0000-0000004cf63f,60,7,40.68,33.57029,-7.67381,4,16:00-21:00,1,12.4,12.0,10.3,4.7,14.2,12.2,1.2,45,7.03,6,6,7,8,8,9,9,10,11,12,14,14,15,16,16,17,18,18,20
15040003250858,00004d41-3200-0400-0000-0000004cf657,60,7,29.77,33.5668,-7.67336,4,16:00-21:00,1,19.2,16.0,9.0,14.4,11.87,6.7,1.52,40,21.91,2,6,8,10,11,11,12,13,15,16,17,19,21,22,22,23,28,34,41
15040001976131,00004d41-3200-0400-0000-0000004cf65c,60,7,23.78,33.57253,-7.67259,4,16:00-21:00,1,19.1,19.0,16.6,5.6,5.15,4.51,0.93,394,3.04,9,12,13,15,16,16,17,18,19,19,20,21,21,22,23,24,25,26,28
15040002002738,00004d41-3200-0400-0000-0000004cf65d,60,7,11.77,33.57233,-7.67248,4,16:00-21:00,1,19.1,19.0,16.6,5.6,2.55,2.23,0.93,392,1.51,9,12,13,15,16,16,17,18,19,19,20,21,21,22,23,24,25,26,28
15040002559775,00004d41-3200-0400-0000-0000004cf668,60,7,28.44,33.57138,-7.67225,4,16:00-21:00,1,16.4,16.0,14.7,5.1,6.97,6.4,1.02,35,2.64,8,10,11,12,12,13,14,14,15,16,18,18,18,19,19,21,22,24,25
15040002002756,00004d41-3200-0400-0000-0000004cf66d,60,7,32.07,33.56424,-7.67219,4,16:00-21:00,1,18.1,17.0,12.3,7.7,9.36,6.79,1.17,72,12.5,5,8,9,10,13,15,15,17,17,17,20,20,20,21,25,25,26,28,32
15040003520700,00004d41-3200-0400-0000-0000004cf66e,60,7,40.7,33.5645,-7.67235,4,16:00-21:00,1,18.0,17.0,14.3,7.2,10.24,8.62,0.97,81,6.58,6,8,12,13,14,15,15,16,17,17,18,19,20,21,23,25,26,28,32
15040004774147,00004d41-3200-0400-0000-0000004cf670,60,7,22.61,33.56628,-7.67238,4,16:00-21:00,1,20.7,20.0,18.2,5.9,4.47,4.07,1.03,132,2.34,9,14,15,16,17,18,19,20,20,20,21,22,23,24,25,25,26,28,31
15040002643227,00004d41-3200-0400-0000-0000004cf671,60,7,45.42,33.56648,-7.67244,4,16:00-21:00,1,21.0,21.0,18.0,6.3,9.1,7.79,1.06,111,5.45,9,13,15,17,17,19,19,20,20,21,22,23,24,24,25,26,27,29,32
15040002557632,00004d41-3200-0400-0000-0000004cf672,60,7,43.65,33.56688,-7.67246,4,16:00-21:00,1,18.1,17.0,13.7,8.3,11.46,9.24,0.98,119,9.08,5,9,11,12,14,15,16,16,17,17,18,18,19,21,22,23,24,27,34
15040001987132,00004d41-3200-0400-0000-0000004cf673,60,7,97.2,33.5666,-7.67089,4,16:00-21:00,1,17.6,18.0,13.0,7.0,26.94,19.44,1.26,120,23.2,5,7,10,11,13,15,16,17,17,18,19,20,21,21,22,23,24,26,29
15040001976235,00004d41-3200-0400-0000-0000004cf674,60,7,64.65,33.56702,-7.67181,4,16:00-21:00,1,18.3,19.0,13.4,7.3,17.39,12.25,1.21,140,15.33,5,8,10,11,13,15,16,17,18,19,20,21,22,22,24,24,26,27,30
15040001976227,00004d41-3200-0400-0000-0000004cf67c,60,7,39.61,33.56834,-7.67161,4,16:00-21:00,1,19.7,20.0,15.6,7.0,9.15,7.13,1.02,73,7.17,7,10,12,15,17,18,18,18,19,20,21,22,23,23,24,25,26,27,29
15040002002731,00004d41-3200-0400-0000-0000004cf67d,60,7,90.51,33.56834,-7.67161,4,16:00-21:00,1,14.6,13.0,10.9,7.4,29.88,25.06,1.27,34,19.61,4,7,7,9,9,10,10,12,12,13,15,17,18,18,19,19,22,23,29
15040004774154,00004d41-3200-0400-0000-0000004cf680,60,7,20.86,33.57271,-7.67108,4,16:00-21:00,1,28.0,29.0,22.3,10.0,3.37,2.59,1.1,660,3.5,12,15,17,19,21,23,24,26,28,29,30,31,32,33,35,36,38,40,43
15040002562250,00004d41-3200-0400-0000-0000004cf681,60,7,25.67,33.57288,-7.67118,4,16:00-21:00,1,27.2,28.0,22.6,9.3,4.09,3.3,1.01,664,2.68,11,14,17,19,21,23,25,26,27,28,29,30,31,32,33,35,36,38,41
15040002643211,00004d41-3200-0400-0000-0000004cf689,60,7,44.1,33.57176,-7.67047,4,16:00-21:00,1,31.2,32.0,25.3,8.8,6.27,4.96,1.07,566,6.71,16,22,24,26,27,28,29,30,31,32,33,33,34,35,36,37,39,41,44
15040004765976,00004d41-3200-0400-0000-0000004cf68a,60,7,20.76,33.57211,-7.6707,4,16:00-21:00,1,31.4,32.0,24.3,9.1,3.07,2.34,1.23,575,5.62,16,20,24,25,27,28,29,30,31,32,33,34,35,36,37,39,40,42,45
15040001986986,00004d41-3200-0400-0000-0000004cf70b,60,4,79.16,33.54673,-7.66106,4,16:00-21:00,1,45.5,46.0,37.7,15.2,7.56,6.2,1.0,1601,7.8,21,25,28,31,34,38,40,43,45,46,48,50,52,54,56,58,61,64,70
15040001976087,00004d41-3200-0400-0000-0000004cf70c,60,4,79.76,33.54607,-7.66141,4,16:00-21:00,1,36.9,37.0,30.0,13.3,9.56,7.76,1.05,1586,6.56,14,19,23,26,28,30,32,34,36,37,39,40,42,43,45,47,50,54,59
15040001991817,00004d41-3200-0400-0000-0000004cfee3,60,7,59.45,33.55146,-7.68172,4,16:00-21:00,1,16.4,15.0,10.1,9.9,21.22,14.27,0.93,30,20.47,3,4,7,8,9,9,14,14,15,15,16,17,17,18,22,23,23,25,40
15040004775284,00004d41-3200-0400-0000-0000004cff60,60,7,34.26,33.54828,-7.68518,4,16:00-21:00,1,16.0,16.0,8.2,9.0,15.06,7.71,0.93,84,20.2,2,3,6,9,10,13,13,14,15,16,17,18,18,19,21,22,23,24,35
15040002648721,00004d41-3200-0400-0000-0000004cff61,60,7,82.61,33.54813,-7.68486,4,16:00-21:00,1,17.7,17.0,8.3,13.0,35.9,17.49,1.0,70,44.17,2,3,4,6,10,10,14,14,16,17,19,20,21,23,25,25,27,27,33
15040004766985,00004d41-3200-0400-0000-0000004cff62,60,7,36.74,33.54779,-7.68407,4,16:00-21:00,1,18.5,15.0,9.9,16.3,13.31,8.82,0.71,66,14.46,3,4,7,9,10,12,13,13,15,15,16,18,19,21,23,25,27,27,41
15040004284220,00004d41-3200-0400-0000-0000004cff88,60,7,41.19,33.56019,-7.67515,4,16:00-21:00,1,18.9,20.0,11.7,8.4,12.63,7.41,0.91,97,19.69,4,7,9,11,14,15,16,17,18,20,20,21,23,24,25,26,28,29,32
15040002550768,00004d41-3200-0400-0000-0000004cff89,60,7,60.57,33.56033,-7.67473,4,16:00-21:00,1,10.7,10.0,7.2,5.3,30.4,21.81,1.06,70,28.28,2,3,6,7,8,8,9,9,9,10,11,11,12,13,14,15,16,18,20
15040002560773,00004d41-3200-0400-0000-0000004cff8a,60,7,60.4,33.56347,-7.67246,4,16:00-21:00,1,14.9,15.0,12.2,5.5,17.76,14.5,1.26,42,9.92,5,7,9,10,11,12,12,14,14,15,16,17,17,18,19,20,21,22,24
15040003264209,00004d41-3200-0400-0000-0000004cff92,60,7,36.86,33.5714,-7.67068,4,16:00-21:00,1,16.1,14.0,8.9,12.6,14.97,9.48,1.17,65,19.77,4,5,7,8,9,9,10,12,13,14,15,16,19,20,21,22,24,26,30
15040002013102,00004d41-3200-0400-0000-0000004cff95,60,7,33.5,33.56267,-7.66829,4,16:00-21:00,1,19.8,23.0,9.5,9.3,12.66,5.24,0.84,70,23.85,3,5,8,9,12,16,18,21,23,23,24,24,24,24,24,25,26,28,36
15040002013342,00004d41-3200-0400-0000-0000004d002d,60,7,147.67,33.56834,-7.67161,4,16:00-21:00,1,16.7,16.0,12.9,7.1,41.22,33.23,0.76,34,26.52,5,7,9,9,12,13,14,15,15,16,17,18,19,21,21,24,26,26,30
15040001992333,00004d41-3200-0400-0000-0000004d014b,60,7,29.35,33.55392,-7.68412,4,16:00-21:00,1,16.0,16.0,13.5,5.7,7.82,6.6,0.87,37,4.11,7,9,10,11,11,13,13,14,15,16,17,18,19,20,20,20,21,24,26
15040001982307,00004d41-3200-0400-0000-0000004d014c,60,7,36.3,33.55368,-7.684,4,16:00-21:00,1,16.2,16.0,13.7,5.7,9.57,8.17,0.86,33,5.2,7,10,10,11,12,13,13,14,15,16,17,18,19,20,20,20,21,24,26
15040002014538,00004d41-3200-0400-0000-0000004d014d,60,7,40.76,33.55337,-7.68386,4,16:00-21:00,1,16.4,14.0,11.2,9.5,13.07,10.48,0.68,44,11.94,4,8,9,10,11,12,12,13,14,14,16,16,17,20,20,21,24,24,30
15040002539951,00004d41-3200-0400-0000-0000004d0166,60,7,37.0,33.56135,-7.68122,4,16:00-21:00,1,21.0,20.0,19.2,6.5,6.94,6.66,0.53,39,2.13,12,13,15,15,16,17,18,18,19,20,21,22,23,24,25,26,28,29,36
15040002541335,00004d41-3200-0400-0000-0000004d0168,60,7,68.22,33.56177,-7.67988,4,16:00-21:00,1,21.8,21.0,18.4,7.4,13.32,11.69,1.02,34,7.45,8,12,16,17,18,18,19,19,21,21,22,23,25,26,28,28,28,31,36
15040001992364,00004d41-3200-0400-0000-0000004d016b,60,7,20.84,33.54909,-7.68073,4,16:00-21:00,1,18.5,18.0,14.8,9.5,5.07,4.17,0.75,95,2.89,8,9,11,11,12,13,15,16,17,18,19,20,21,21,22,23,24,25,31
15040004767235,00004d41-3200-0400-0000-0000004d017a,60,7,44.85,33.54558,-7.67918,4,16:00-21:00,1,16.9,18.0,10.1,10.1,15.99,8.97,1.21,30,18.45,4,4,6,9,9,10,15,15,17,18,18,18,19,19,20,20,23,27,31
15040003334732,00004d41-3200-0400-0000-0000004d018f,60,7,18.59,33.55141,-7.67825,4,16:00-21:00,1,14.6,13.0,10.2,7.7,6.57,5.15,1.02,33,4.43,4,5,6,6,7,10,11,12,12,13,15,17,18,20,20,21,23,27,28
15040003334725,00004d41-3200-0400-0000-0000004d0197,60,7,45.07,33.54603,-7.6778,4,16:00-21:00,1,19.8,20.0,16.8,6.4,9.65,8.11,1.1,412,6.05,9,12,13,14,16,17,17,18,19,20,21,22,22,23,24,25,26,28,30
15040001981977,00004d41-3200-0400-0000-0000004d019c,60,7,35.54,33.55369,-7.67771,4,16:00-21:00,1,12.5,10.0,8.7,6.6,14.77,12.79,1.31,30,12.98,3,6,7,7,8,9,9,9,10,10,12,14,14,14,15,16,20,22,27
15040002014249,00004d41-3200-0400-0000-0000004d019d,60,7,20.89,33.55381,-7.67736,4,16:00-21:00,1,14.6,14.0,12.0,5.8,6.28,5.37,0.92,33,3.53,5,7,8,11,11,11,13,14,14,14,15,15,16,16,18,19,21,22,27
15040002649635,00004d41-3200-0400-0000-0000004d01c1,60,7,22.96,33.57345,-7.67581,4,16:00-21:00,1,14.7,15.0,13.5,4.0,6.11,5.51,1.13,45,1.99,8,8,10,11,12,13,13,13,14,15,15,17,17,18,18,18,19,19,20
15040002014298,00004d41-3200-0400-0000-0000004d01cd,60,7,25.92,33.57198,-7.675,4,16:00-21:00,1,12.0,9.7,5.9,9.7,15.81,9.63,0.99,37,16.67,2,3,4,4,4,5,6,7,8,10,12,12,13,14,15,18,20,30,32
15040001993631,00004d41-3200-0400-0000-0000004d01db,60,7,29.66,33.57134,-7.67463,4,16:00-21:00,1,12.9,12.0,11.9,3.8,8.97,8.9,1.0,43,2.87,8,9,10,11,11,11,11,12,12,12,13,13,13,14,15,15,15,17,19
15040001982003,00004d41-3200-0400-0000-0000004d01dc,60,7,21.57,33.5711,-7.67449,4,16:00-21:00,1,12.9,12.0,11.9,3.8,6.52,6.47,1.0,43,2.09,8,9,10,11,11,11,11,12,12,12,13,13,13,14,15,15,15,17,19
15040002014286,00004d41-3200-0400-0000-0000004d01dd,60,7,21.74,33.57093,-7.67437,4,16:00-21:00,1,12.9,12.0,11.9,3.8,6.57,6.52,1.0,43,2.1,8,9,10,11,11,11,11,12,12,12,13,13,13,14,15,15,15,17,19
15040003532231,00004d41-3200-0400-0000-0000004d01de,60,7,25.19,33.57076,-7.67426,4,16:00-21:00,1,12.9,12.0,11.9,3.8,7.62,7.56,1.0,43,2.44,8,9,10,11,11,11,11,12,12,12,13,13,13,14,15,15,15,17,19
15040002551787,00004d41-3200-0400-0000-0000004d01df,60,7,17.37,33.57195,-7.67441,4,16:00-21:00,1,12.7,12.0,11.8,3.6,5.3,5.21,1.07,50,1.6,8,9,10,10,11,11,11,11,12,12,13,13,13,14,15,15,15,16,19
15040002552182,00004d41-3200-0400-0000-0000004d01e0,60,7,32.01,33.57181,-7.67433,4,16:00-21:00,1,12.7,12.0,11.8,3.6,9.77,9.6,1.05,50,2.95,8,9,10,10,11,11,11,11,12,12,13,13,13,14,15,15,15,16,19
15040003532257,00004d41-3200-0400-0000-0000004d01e6,60,7,17.25,33.56505,-7.67318,4,16:00-21:00,1,16.6,17.0,14.1,5.5,4.41,3.65,0.94,40,2.44,6,8,12,13,13,14,15,15,16,17,17,18,18,18,19,20,21,23,26
15040002649647,00004d41-3200-0400-0000-0000004d01f9,60,7,27.72,33.57099,-7.67164,4,16:00-21:00,1,21.6,21.0,15.8,10.4,6.3,4.75,1.11,42,5.57,7,11,14,14,16,17,18,19,19,21,22,22,23,24,25,27,29,32,37
15040004094766,00004d41-3200-0400-0000-0000004d0260,60,3,41.88,33.56464,-7.68303,4,16:00-21:00,1,16.2,15.0,9.6,10.5,15.66,10.05,1.18,6335,12.36,4,4,5,6,7,8,10,11,13,15,16,18,20,21,23,26,28,31,35
15040002539956,00004d41-3200-0400-0000-0000004d0261,60,3,41.86,33.56501,-7.68306,4,16:00-21:00,1,17.9,19.0,10.5,10.1,14.32,7.93,1.05,6345,13.27,4,4,5,6,8,11,14,16,17,19,20,21,23,24,25,27,28,30,34
15040001984904,00004d41-3200-0400-0000-0000004d0614,60,6,38.62,33.5735,-7.67153,4,16:00-21:00,1,23.0,23.0,19.3,7.8,7.2,6.04,1.05,2172,4.99,10,13,15,17,18,19,20,21,22,23,24,25,26,27,28,29,31,33,35
15040002017082,00004d41-3200-0400-0000-0000004d0615,60,6,43.16,33.57334,-7.67191,4,16:00-21:00,1,22.8,23.0,17.3,8.6,8.99,6.76,1.06,2112,10.04,8,12,14,16,17,18,20,21,22,23,24,25,26,28,29,30,31,33,36
15040002554117,00004d41-3200-0400-0000-0000004d0618,60,6,40.68,33.57274,-7.6733,4,16:00-21:00,1,19.0,19.0,12.5,8.9,11.7,7.71,1.16,1486,14.09,5,7,9,11,13,14,15,16,17,19,20,21,22,24,25,27,29,30,33
15040002553051,00004d41-3200-0400-0000-0000004d0619,60,6,14.48,33.57256,-7.67368,4,16:00-21:00,1,19.6,19.0,13.6,8.3,3.84,2.74,1.18,1457,5.6,6,9,11,13,14,16,16,18,18,19,20,21,22,23,24,26,27,30,34
15040001995954,00004d41-3200-0400-0000-0000004d061b,60,4,38.51,33.57057,-7.67137,4,16:00-21:00,1,26.1,26.0,22.0,8.6,6.31,5.33,1.03,3526,4.74,12,15,17,19,21,22,23,25,26,26,27,28,29,30,31,33,34,36,40
15040002605813,00004d41-3200-0400-0000-0000004d061e,60,4,98.53,33.57096,-7.67041,4,16:00-21:00,1,20.2,18.0,14.9,10.5,23.81,19.71,1.1,3565,14.41,7,8,9,10,11,12,14,15,16,18,20,22,24,26,28,31,33,36,39
15040002566433,00004d41-3200-0400-0000-0000004d061f,60,4,36.73,33.57112,-7.67006,4,16:00-21:00,1,26.1,26.0,19.6,10.4,6.75,5.09,1.19,3618,8.08,9,12,15,17,19,21,22,23,25,26,27,29,30,32,33,35,37,39,43
15040003337237,00004d41-3200-0400-0000-0000004d0627,60,7,89.45,33.56964,-7.66229,4,16:00-21:00,1,23.4,23.0,20.9,7.1,15.38,14.0,0.99,578,6.35,12,15,16,18,19,20,21,22,22,23,24,25,26,27,28,29,30,32,34
15040002553047,00004d41-3200-0400-0000-0000004d062a,60,6,52.98,33.5725,-7.67382,4,16:00-21:00,1,17.7,18.0,13.3,7.3,14.3,10.6,1.12,1276,12.23,6,8,10,12,13,14,15,16,17,18,19,20,20,21,22,24,25,27,30
15040001996195,00004d41-3200-0400-0000-0000004d062b,60,6,29.01,33.57092,-7.67742,4,16:00-21:00,1,14.0,13.0,8.8,8.0,11.89,8.03,1.81,992,12.96,3,5,6,7,8,9,10,11,12,13,14,15,16,17,19,20,22,24,28
15040001985136,00004d41-3200-0400-0000-0000004d062c,60,6,22.34,33.57228,-7.67432,4,16:00-21:00,1,16.8,16.0,11.4,7.8,7.08,5.03,1.3,1190,9.03,5,7,9,10,11,12,14,15,16,16,17,18,20,21,22,23,25,27,31
15040002017323,00004d41-3200-0400-0000-0000004d062d,60,6,58.56,33.57132,-7.67648,4,16:00-21:00,1,14.1,13.0,9.5,7.2,22.11,16.22,1.68,1042,21.11,4,5,6,8,9,10,11,12,13,13,14,15,17,17,19,20,22,23,26
15040002589771,00004d41-3200-0400-0000-0000004d062e,60,6,36.41,33.57147,-7.67613,4,16:00-21:00,1,15.1,14.0,10.2,7.9,12.84,9.36,1.6,1073,12.6,4,6,7,8,9,10,11,12,13,14,15,16,17,19,20,22,24,26,30
15040003337503,00004d41-3200-0400-0000-0000004d062f,60,6,12.92,33.57153,-7.67601,4,16:00-21:00,1,15.4,14.0,10.0,8.2,4.66,3.32,1.63,1095,6.24,4,6,8,8,9,10,11,12,13,14,15,16,18,19,21,23,25,27,30
15040004775983,00004d41-3200-0400-0000-0000004d0630,60,6,5.09,33.57155,-7.67596,4,16:00-21:00,1,15.3,14.0,9.4,8.4,1.95,1.31,1.8,1101,2.72,4,6,7,8,9,10,11,12,13,14,15,16,17,19,21,23,25,27,31
15040002548636,00004d41-3200-0400-0000-0000004d0631,60,6,17.0,33.57162,-7.67579,4,16:00-21:00,1,15.3,14.0,9.4,8.5,6.51,4.37,1.75,1090,7.69,3,5,7,8,9,10,11,12,13,14,15,16,18,20,21,23,25,27,31
15040001996191,00004d41-3200-0400-0000-0000004d0633,60,6,15.34,33.57198,-7.675,4,16:00-21:00,1,17.0,16.0,11.4,8.0,4.84,3.45,1.22,1062,5.58,4,7,9,10,11,12,13,14,15,16,17,19,20,21,23,24,25,28,30
15040001985130,00004d41-3200-0400-0000-0000004d0634,60,6,48.42,33.57218,-7.67454,4,16:00-21:00,1,15.2,15.0,10.0,7.7,17.48,11.62,1.34,1142,18.64,4,5,7,8,9,10,12,13,14,15,16,17,18,19,20,22,23,25,28
15040002017316,00004d41-3200-0400-0000-0000004d0635,60,6,39.05,33.57108,-7.67704,4,16:00-21:00,1,14.2,13.0,9.3,7.9,15.09,10.81,1.76,972,15.56,4,5,6,7,8,9,10,11,12,13,14,15,17,18,19,21,22,24,28
15040002569161,00004d41-3200-0400-0000-0000004d0638,60,7,43.98,33.56906,-7.68461,4,16:00-21:00,1,14.7,14.0,8.4,9.0,18.76,11.31,1.1,485,21.94,4,4,4,5,6,8,9,11,12,14,16,17,19,20,21,22,24,26,29
15040002544485,00004d41-3200-0400-0000-0000004d063f,60,6,104.99,33.57036,-7.67869,4,16:00-21:00,1,13.1,12.0,9.5,7.0,39.87,31.5,1.53,938,26.35,4,5,6,7,8,9,9,10,11,12,13,14,15,15,17,19,19,23,25
15040004767617,00004d41-3200-0400-0000-0000004d0642,60,6,12.31,33.57164,-7.68468,4,16:00-21:00,1,29.6,30.0,22.9,8.8,1.94,1.48,1.07,844,3.6,13,18,21,23,25,27,28,28,29,30,32,32,33,34,35,36,38,39,42
15040001985147,00004d41-3200-0400-0000-0000004d0644,60,6,30.89,33.57139,-7.68454,4,16:00-21:00,1,29.6,31.0,23.7,8.5,4.7,3.59,1.03,843,6.74,13,18,21,24,26,27,28,29,30,31,32,32,33,34,35,36,37,38,41
15040001985114,00004d41-3200-0400-0000-0000004d064c,60,7,89.03,33.57023,-7.68195,4,16:00-21:00,1,15.0,15.0,5.5,6.5,58.78,21.37,1.96,42,211.61,5,7,8,9,11,12,12,14,15,15,16,16,17,19,20,20,21,22,24
15040002017292,00004d41-3200-0400-0000-0000004d064d,60,7,69.98,33.56959,-7.68343,4,16:00-21:00,1,24.4,25.0,18.4,8.3,13.7,10.08,1.13,309,19.01,8,14,17,18,20,20,22,23,24,25,26,26,27,28,30,31,32,34,37
15040004776255,00004d41-3200-0400-0000-0000004d0788,60,4,61.73,33.55774,-7.65229,4,16:00-21:00,1,40.8,41.0,34.9,13.1,6.37,5.42,1.01,1737,5.64,20,24,27,29,31,33,35,37,39,41,43,45,47,48,50,52,54,57,61
15040001986212,00004d41-3200-0400-0000-0000004d0794,60,5,53.05,33.55285,-7.67733,4,16:00-21:00,1,31.6,31.0,23.5,11.2,8.12,6.16,1.07,1672,17.95,13,18,20,22,24,26,28,29,30,31,33,34,35,37,38,40,42,45,51
15040004094542,00004d41-3200-0400-0000-0000004d0798,60,5,35.8,33.55516,-7.67469,4,16:00-21:00,1,25.9,27.0,15.8,13.2,8.14,4.77,0.92,2082,8.67,5,7,9,13,16,18,21,23,25,27,28,30,32,34,36,37,40,43,47
15040002547672,00004d41-3200-0400-0000-0000004d0799,60,6,49.07,33.55556,-7.67621,4,16:00-21:00,1,28.1,30.0,16.7,11.6,10.6,5.89,0.92,218,15.69,4,10,12,18,21,25,27,28,30,30,31,32,33,35,36,37,40,41,44
15040002547283,00004d41-3200-0400-0000-0000004d079a,60,6,26.48,33.55595,-7.67645,4,16:00-21:00,1,29.0,31.0,17.8,11.5,5.37,3.08,1.16,220,7.64,5,11,15,21,23,26,28,29,30,31,32,33,34,35,36,38,40,41,46
15040003338162,00004d41-3200-0400-0000-0000004d079f,60,5,37.9,33.55302,-7.6768,4,16:00-21:00,1,36.5,38.0,28.0,11.7,4.87,3.59,1.03,1714,6.83,15,20,24,28,30,32,34,35,36,38,39,40,41,42,44,46,47,50,54
15040004094715,00004d41-3200-0400-0000-0000004d07a0,60,5,44.34,33.55315,-7.67642,4,16:00-21:00,1,36.3,38.0,27.0,12.1,5.91,4.2,1.02,1723,8.2,14,19,23,26,29,32,34,35,37,38,39,40,42,43,44,46,48,50,54
15040004094603,00004d41-3200-0400-0000-0000004d07a2,60,5,35.29,33.55232,-7.67891,4,16:00-21:00,1,36.3,38.0,27.7,12.5,4.59,3.34,0.93,1472,6.17,13,19,23,25,28,31,33,35,37,38,39,40,42,43,44,46,48,50,55
15040002019096,00004d41-3200-0400-0000-0000004d07ad,60,6,36.92,33.56267,-7.67579,4,16:00-21:00,1,32.2,31.0,24.8,12.3,5.36,4.29,1.05,1390,6.42,13,16,20,23,25,27,27,28,30,31,33,34,36,37,39,42,45,49,55
15040002548169,00004d41-3200-0400-0000-0000004d07ae,60,6,123.99,33.56376,-7.67607,4,16:00-21:00,1,28.2,28.0,24.6,8.1,18.17,15.94,1.09,1339,12.12,14,18,21,22,23,25,26,26,27,28,29,30,31,32,33,34,36,38,40
15040003338081,00004d41-3200-0400-0000-0000004d07af,60,6,71.6,33.56235,-7.67569,4,16:00-21:00,1,32.2,32.0,25.7,11.7,10.05,8.06,1.04,1653,8.76,13,17,20,23,24,26,28,30,31,32,34,35,36,38,40,42,44,47,51
15040004776259,00004d41-3200-0400-0000-0000004d07b0,60,6,56.81,33.56172,-7.67551,4,16:00-21:00,1,33.0,35.0,25.5,12.0,8.02,5.84,1.03,1671,8.68,12,16,20,22,24,26,30,32,34,35,36,38,39,40,42,43,45,47,50
15040001997060,00004d41-3200-0400-0000-0000004d07b3,60,6,68.75,33.56437,-7.67623,4,16:00-21:00,1,27.8,28.0,24.6,8.2,10.06,8.84,1.06,1330,5.74,15,17,20,21,23,24,25,26,27,28,29,30,31,32,33,34,36,38,40
15040001986048,00004d41-3200-0400-0000-0000004d07b4,60,6,36.83,33.56019,-7.67515,4,16:00-21:00,1,11.8,10.0,5.3,9.1,24.99,13.26,0.94,1795,24.28,2,2,2,3,4,4,6,7,9,10,12,13,15,16,18,20,22,24,28
15040002019059,00004d41-3200-0400-0000-0000004d07b5,60,6,79.1,33.55376,-7.68164,4,16:00-21:00,1,17.1,15.0,11.3,10.4,25.2,18.98,1.12,1014,20.91,5,6,7,7,8,9,10,12,14,15,17,19,20,22,25,27,29,31,35
15040002575950,00004d41-3200-0400-0000-0000004d07b8,60,6,68.6,33.55317,-7.68329,4,16:00-21:00,1,28.1,28.0,18.2,11.7,13.56,8.82,1.12,912,21.98,7,13,16,19,21,23,24,26,27,28,29,30,32,33,35,37,40,43,47
15040002019868,00004d41-3200-0400-0000-0000004d08cd,60,6,61.42,33.54636,-7.68194,4,16:00-21:00,1,23.6,24.0,19.5,6.8,11.36,9.21,1.0,2028,12.27,13,15,17,19,20,21,22,22,23,24,24,25,26,26,27,28,30,32,35
15040003536663,00004d41-3200-0400-0000-0000004d08ce,60,6,35.89,33.54571,-7.68239,4,16:00-21:00,1,21.8,22.0,19.5,5.9,6.64,5.87,0.99,1947,3.79,12,15,16,17,18,19,20,20,21,22,22,23,24,25,26,26,28,29,31
15040003339449,00004d41-3200-0400-0000-0000004d08cf,60,6,20.13,33.54558,-7.68253,4,16:00-21:00,1,26.3,27.0,21.7,7.3,3.34,2.68,1.03,2051,4.73,13,17,19,21,22,23,24,25,26,27,27,28,29,30,31,32,33,35,37
15040004767798,00004d41-3200-0400-0000-0000004d08d2,60,6,11.91,33.54551,-7.68264,4,16:00-21:00,1,28.5,29.0,23.4,7.9,1.83,1.48,0.98,2056,2.63,15,18,21,23,24,25,26,27,28,29,30,31,32,33,34,35,36,38,40
15040001997057,00004d41-3200-0400-0000-0000004d08db,60,4,64.12,33.54744,-7.6823,4,16:00-21:00,1,22.1,23.0,19.0,7.0,12.16,10.04,1.02,2576,7.84,11,13,15,16,17,19,20,21,22,23,23,24,25,25,26,27,29,30,33
15040001986046,00004d41-3200-0400-0000-0000004d08dc,60,4,39.9,33.54797,-7.68353,4,16:00-21:00,1,28.3,28.0,21.3,11.0,6.76,5.13,0.9,2316,8.29,11,14,17,20,22,23,24,25,26,28,29,30,32,33,35,37,39,42,48
15040002019848,00004d41-3200-0400-0000-0000004d08dd,60,4,56.58,33.54768,-7.68284,4,16:00-21:00,1,29.0,29.0,24.3,8.5,8.38,7.02,0.95,2576,7.45,14,19,21,23,24,26,27,28,29,29,30,31,32,33,34,35,37,39,42
15040003536652,00004d41-3200-0400-0000-0000004d08de,60,4,32.14,33.54781,-7.68315,4,16:00-21:00,1,27.9,28.0,21.9,9.7,5.28,4.13,0.94,2568,7.29,11,16,19,20,22,23,25,26,27,28,29,30,31,32,34,35,37,40,43
15040003339438,00004d41-3200-0400-0000-0000004d08df,60,6,65.36,33.54668,-7.68063,4,16:00-21:00,1,23.2,23.0,19.2,7.0,12.28,10.23,1.08,2522,12.06,12,15,17,18,19,20,21,22,22,23,24,25,25,26,27,28,29,31,34
15040003239186,00004d41-3200-0400-0000-0000004d08e8,60,5,18.65,33.55202,-7.67984,4,16:00-21:00,1,24.2,24.0,17.0,11.3,3.95,2.8,1.01,1372,3.78,6,9,12,14,17,18,20,21,23,24,25,26,28,29,31,33,35,38,44
15040004976950,00004d41-3200-0400-0000-0000004d08ea,60,5,39.34,33.55244,-7.67855,4,16:00-21:00,1,35.5,37.0,27.2,12.2,5.2,3.83,0.88,1492,6.08,13,19,22,25,28,30,32,34,36,37,38,40,41,42,43,45,47,50,53
15040002019827,00004d41-3200-0400-0000-0000004d08ed,60,5,72.44,33.55138,-7.6817,4,16:00-21:00,1,36.8,36.0,28.2,13.0,9.24,7.24,0.98,1635,13.06,14,20,24,27,29,30,32,33,35,36,38,40,42,44,46,48,50,53,57
15040003536642,00004d41-3200-0400-0000-0000004d08ee,60,5,30.23,33.55066,-7.68374,4,16:00-21:00,1,31.3,32.0,23.7,10.0,4.59,3.4,1.07,1495,7.7,14,20,22,24,26,27,28,30,30,32,32,33,35,36,37,39,41,43,46
15040003339430,00004d41-3200-0400-0000-0000004d08ef,60,5,64.49,33.55077,-7.68345,4,16:00-21:00,1,35.7,37.0,25.7,11.6,9.03,6.27,1.04,1508,18.94,14,20,24,27,30,31,33,34,35,37,38,39,41,42,43,45,46,48,52
15040004994943,00004d41-3200-0400-0000-0000004d08f0,60,5,36.47,33.55163,-7.68098,4,16:00-21:00,1,36.0,37.0,28.2,12.8,4.66,3.55,0.82,1693,4.27,13,20,23,25,28,30,32,34,35,37,38,40,41,43,44,46,49,51,56
15040002576494,00004d41-3200-0400-0000-0000004d08f1,60,5,65.97,33.55098,-7.6828,4,16:00-21:00,1,38.2,39.0,27.0,13.4,8.81,6.09,1.08,1527,16.22,13,20,24,28,30,33,34,36,38,39,41,43,44,46,47,49,51,54,57
15040001997052,00004d41-3200-0400-0000-0000004d08f3,60,5,45.61,33.55121,-7.68214,4,16:00-21:00,1,38.4,39.0,27.4,14.0,5.98,4.21,0.89,1615,8.82,13,20,24,26,29,32,34,36,38,39,41,43,44,46,48,49,52,55,60
15040002655393,00004d41-3200-0400-0000-0000004d09a9,60,7,37.51,33.54668,-7.68063,4,16:00-21:00,1,18.1,17.0,15.2,7.6,8.88,7.94,0.74,32,4.23,7,10,10,13,13,15,16,16,16,17,19,19,19,20,21,21,24,26,34
15040002539967,00004d41-3200-0400-0000-0000004d09aa,60,6,140.76,33.56959,-7.68343,4,16:00-21:00,1,18.0,18.0,15.7,5.1,32.32,28.15,1.1,941,21.79,10,12,13,14,15,16,16,17,17,18,18,19,20,20,21,22,23,24,26
15040001998791,00004d41-3200-0400-0000-0000004d0af3,60,3,216.41,33.5612,-7.66931,4,16:00-21:00,1,37.1,34.0,30.3,16.1,25.72,22.91,1.06,4660,19.54,17,21,24,26,28,29,31,32,33,34,36,37,38,40,42,44,48,62,73
15040004531901,00004d41-3200-0400-0000-0000004d0af8,60,6,8.13,33.56792,-7.67717,4,16:00-21:00,1,23.8,24.0,13.3,10.9,2.2,1.22,1.27,675,5.2,5,9,12,15,16,18,20,21,23,24,25,26,27,29,30,32,34,37,44
15040004125369,00004d41-3200-0400-0000-0000004d0afa,60,3,10.5,33.5715,-7.66898,4,16:00-21:00,1,22.1,22.0,16.6,8.6,2.28,1.72,1.04,10216,3.22,8,11,13,15,16,18,19,20,21,22,23,24,25,26,28,29,31,33,36
15040002548661,00004d41-3200-0400-0000-0000004d0dde,60,4,114.13,33.55987,-7.67507,4,16:00-21:00,1,32.3,33.0,28.7,8.7,14.34,12.45,1.02,3840,8.27,16,20,23,25,27,29,30,31,32,33,34,35,36,37,38,39,40,42,45
15040002548658,00004d41-3200-0400-0000-0000004d0ddf,60,4,49.6,33.55952,-7.67623,4,16:00-21:00,1,36.8,38.0,31.7,10.6,5.63,4.7,1.05,3888,5.06,17,21,25,28,31,33,34,36,37,38,39,40,41,43,44,45,47,49,52
15040001989211,00004d41-3200-0400-0000-0000004d0e84,60,7,126.28,33.57293,-7.67287,4,16:00-21:00,1,15.9,17.0,13.9,5.4,32.78,26.74,1.17,98,14.22,7,9,10,10,12,13,14,15,16,17,17,17,18,19,19,20,21,22,26
15040001989158,00004d41-3200-0400-0000-0000004d0e8c,60,7,9.28,33.57216,-7.67237,4,16:00-21:00,1,18.2,18.0,15.9,5.4,2.1,1.86,1.07,399,1.11,9,12,13,14,15,15,16,17,17,18,19,19,20,21,22,23,23,25,26
15040003540695,00004d41-3200-0400-0000-0000004d0e96,60,7,15.85,33.5627,-7.67462,4,16:00-21:00,1,25.0,25.0,19.0,7.9,3.0,2.28,0.72,634,4.97,11,16,18,20,21,22,23,24,25,25,26,27,28,29,29,30,32,33,37
15040004776735,00004d41-3200-0400-0000-0000004d0e98,60,7,16.4,33.5635,-7.6735,4,16:00-21:00,1,19.9,21.0,15.7,5.4,3.77,2.81,0.92,31,3.76,6,15,16,18,18,20,20,20,20,21,22,22,23,23,24,24,24,25,25
15040002023247,00004d41-3200-0400-0000-0000004d0e9d,60,7,41.29,33.56471,-7.67284,4,16:00-21:00,1,16.6,17.0,14.1,5.5,10.57,8.74,0.93,40,5.84,6,8,12,13,13,14,15,15,16,17,17,18,18,18,19,20,21,23,26
15040002551696,00004d41-3200-0400-0000-0000004d0ea0,60,7,22.58,33.56552,-7.67422,4,16:00-21:00,1,23.6,24.0,18.6,7.9,4.37,3.39,1.2,155,3.69,8,14,16,18,19,20,21,22,23,24,25,25,27,28,29,30,31,33,35
15040002551641,00004d41-3200-0400-0000-0000004d0ea1,60,7,69.78,33.56532,-7.67423,4,16:00-21:00,1,23.6,24.0,18.6,7.9,13.5,10.47,1.21,155,11.39,8,14,16,18,19,20,21,22,23,24,25,25,27,28,29,30,31,33,35
15040002001685,00004d41-3200-0400-0000-0000004d0ea3,60,7,44.08,33.56469,-7.67429,4,16:00-21:00,1,23.6,24.0,18.9,7.8,8.41,6.61,1.13,154,7.02,9,14,16,18,19,20,21,22,23,24,24,25,27,28,29,30,31,33,35
15040004285145,00004d41-3200-0400-0000-0000004d0ea8,60,7,28.86,33.56353,-7.67387,4,16:00-21:00,1,24.3,25.0,20.3,8.2,5.12,4.16,1.09,427,3.27,10,14,16,18,19,20,21,22,23,25,26,27,27,28,29,30,32,34,38
15040002544465,00004d41-3200-0400-0000-0000004d0eaf,60,7,89.77,33.56426,-7.67946,4,16:00-21:00,1,25.0,25.0,21.5,7.4,15.02,12.93,0.87,652,11.25,13,16,18,19,20,21,22,23,24,25,26,27,28,29,30,31,32,35,38
15040004282920,00004d41-3200-0400-0000-0000004d0eb2,60,7,64.41,33.55938,-7.67673,4,16:00-21:00,1,25.9,26.0,21.7,7.2,10.68,8.92,1.02,119,8.14,12,16,19,22,22,24,25,25,26,26,27,28,29,30,30,31,33,34,36
15040003540657,00004d41-3200-0400-0000-0000004d0f46,60,5,32.58,33.5541,-7.68592,4,16:00-21:00,1,30.7,32.0,23.7,10.5,4.95,3.67,0.99,1331,6.22,13,16,19,21,24,26,28,29,31,32,33,34,35,36,38,39,41,43,47
15040004768195,00004d41-3200-0400-0000-0000004d0f4a,60,6,28.78,33.5518,-7.68728,4,16:00-21:00,1,28.1,29.0,20.8,9.8,4.98,3.57,1.0,504,7.75,10,16,18,20,22,23,25,26,27,29,30,31,32,33,35,37,38,40,43
15040002023254,00004d41-3200-0400-0000-0000004d0f65,60,6,33.26,33.55363,-7.68196,4,16:00-21:00,1,26.3,26.0,16.8,12.0,7.14,4.61,1.22,1008,11.08,7,11,14,16,18,20,22,23,24,26,28,29,31,32,34,36,38,42,45
15040001989173,00004d41-3200-0400-0000-0000004d0f6c,60,7,21.63,33.55094,-7.68065,4,16:00-21:00,1,16.1,11.0,11.1,12.3,7.0,7.08,0.9,36,4.09,5,6,8,8,9,9,9,10,11,11,15,18,19,20,20,22,23,24,36
15040005086635,00004d41-3200-0400-0000-0000004d0f70,60,6,50.48,33.55368,-7.68044,4,16:00-21:00,1,18.6,18.0,11.5,10.8,15.83,10.1,0.98,2598,12.82,4,5,6,7,8,10,12,14,16,18,20,22,24,26,27,29,31,33,37
15040002660427,00004d41-3200-0400-0000-0000004d0f71,60,6,86.71,33.55417,-7.67794,4,16:00-21:00,1,16.8,15.0,11.9,9.5,26.31,20.81,1.03,1782,17.12,6,7,7,8,8,9,10,11,13,15,17,19,20,22,24,26,28,30,34
15040004768349,00004d41-3200-0400-0000-0000004d10f2,60,7,50.45,33.57308,-7.6713,4,16:00-21:00,1,18.7,18.0,15.2,7.7,11.93,10.09,1.02,656,7.14,7,10,11,13,14,15,16,16,17,18,19,20,21,22,23,24,26,28,32
15040002664159,00004d41-3200-0400-0000-0000004d4121,60,7,69.93,33.57458,-7.68065,4,16:00-21:00,1,19.0,19.0,12.9,9.1,19.48,13.25,0.91,263,19.45,4,7,10,11,13,14,16,17,18,19,20,22,23,24,25,26,27,28,31
15040002013590,00004d41-3200-0400-0000-0000004d6f8b,60,6,52.12,33.55403,-7.68085,4,16:00-21:00,1,27.7,28.0,22.1,9.6,8.51,6.7,1.04,1906,11.43,12,16,19,21,22,24,25,26,27,28,28,30,31,32,33,34,36,39,43
15040002670197,00004d41-3200-0400-0000-0000004d6fe1,60,4,38.53,33.56996,-7.66185,4,16:00-21:00,1,15.2,12.0,7.0,11.7,19.94,11.56,1.05,4839,17.6,3,3,3,4,4,5,6,8,10,12,15,17,20,22,25,27,29,32,36
15040005659334,00004d41-3200-0400-0000-0000004d6fe2,60,4,15.76,33.56974,-7.66216,4,16:00-21:00,1,19.6,19.0,14.5,8.6,3.92,2.99,0.96,5304,3.76,6,10,12,13,14,15,16,17,18,19,20,21,22,23,24,26,28,30,34
15040005659460,00004d41-3200-0400-0000-0000004d704a,60,4,57.62,33.56964,-7.66229,4,16:00-21:00,1,35.1,33.0,30.2,12.7,6.87,6.29,0.99,9811,4.25,18,22,24,25,26,28,29,30,31,33,34,36,38,40,42,45,49,53,60
15040002035614,00004d41-3200-0400-0000-0000004d704d,60,4,98.22,33.56983,-7.66332,4,16:00-21:00,1,25.6,24.0,17.8,13.5,19.82,14.73,1.04,6881,14.0,7,8,10,12,14,18,19,22,24,24,25,28,31,34,36,36,39,43,51
15040002670333,00004d41-3200-0400-0000-0000004d7051,60,4,36.72,33.57089,-7.67038,4,16:00-21:00,1,27.7,28.0,18.8,11.6,7.05,4.72,1.05,5049,8.62,7,11,14,17,20,22,24,25,27,28,30,31,33,34,36,38,39,42,45
15040002013602,00004d41-3200-0400-0000-0000004d7053,60,4,92.81,33.5705,-7.67127,4,16:00-21:00,1,30.0,31.0,24.8,9.9,13.49,10.78,1.03,4930,9.56,12,16,19,22,24,26,28,29,30,31,32,33,34,35,36,38,39,41,44
15040002013669,00004d41-3200-0400-0000-0000004d705b,60,6,19.96,33.56947,-7.67371,4,16:00-21:00,1,24.5,24.0,19.4,9.2,3.7,2.99,0.98,2533,3.26,9,12,15,17,18,20,21,22,23,24,26,27,28,29,31,32,34,37,40
15040002035696,00004d41-3200-0400-0000-0000004d705d,60,6,23.5,33.56861,-7.67554,4,16:00-21:00,1,27.5,28.0,22.4,9.2,3.77,3.02,1.05,2377,4.64,12,16,18,20,21,22,24,25,27,28,29,30,31,32,34,35,37,39,42
15040003355598,00004d41-3200-0400-0000-0000004d705f,60,6,19.77,33.56853,-7.67573,4,16:00-21:00,1,26.6,27.0,21.2,8.7,3.35,2.64,1.04,2463,4.46,12,16,18,20,21,22,23,25,26,27,28,29,30,31,32,34,35,37,41
15040002547297,00004d41-3200-0400-0000-0000004d7062,60,6,76.7,33.56792,-7.67717,4,16:00-21:00,1,24.9,25.0,21.1,8.1,13.11,11.04,1.04,2335,10.97,12,15,17,19,20,21,22,23,24,25,26,26,27,28,29,30,32,34,39
15040002013591,00004d41-3200-0400-0000-0000004d7063,60,6,43.89,33.56823,-7.67643,4,16:00-21:00,1,28.1,29.0,23.7,8.6,6.67,5.45,1.01,2408,6.01,13,17,19,21,23,24,26,27,28,29,30,30,32,33,34,35,37,39,41
15040002035704,00004d41-3200-0400-0000-0000004d7075,60,3,36.1,33.57224,-7.66945,4,16:00-21:00,1,26.7,27.0,22.1,9.4,5.89,4.81,1.08,10430,4.43,11,14,16,18,20,22,23,25,26,27,28,29,31,32,33,34,36,38,41
15040001998813,00004d41-3200-0400-0000-0000004d707c,60,3,39.76,33.57453,-7.67146,4,16:00-21:00,1,34.7,36.0,30.5,10.3,4.7,3.98,1.04,10722,2.25,16,19,22,25,28,31,33,34,35,36,38,38,39,40,42,43,44,46,49
15040002604520,00004d41-3200-0400-0000-0000004d707e,60,3,46.44,33.57485,-7.67167,4,16:00-21:00,1,34.5,36.0,29.9,10.4,5.58,4.64,1.05,10763,3.38,16,19,22,24,28,30,32,34,35,36,37,38,39,40,42,43,44,46,49
15040003258231,00004d41-3200-0400-0000-0000004d707f,60,3,36.67,33.57522,-7.6719,4,16:00-21:00,1,33.2,35.0,28.6,10.2,4.62,3.77,1.07,10602,3.39,15,19,21,24,26,28,30,32,33,35,36,37,38,39,40,42,43,45,48
15040004287200,00004d41-3200-0400-0000-0000004d7080,60,3,39.35,33.57551,-7.67208,4,16:00-21:00,1,31.1,32.0,25.8,10.2,5.5,4.43,1.09,10660,4.95,14,17,20,22,24,26,28,29,31,32,33,35,36,37,38,40,41,43,46
15040003255491,00004d41-3200-0400-0000-0000004d7082,60,3,43.15,33.57582,-7.67228,4,16:00-21:00,1,28.9,30.0,23.6,10.1,6.58,5.18,1.09,10813,4.77,12,15,18,20,22,24,25,27,28,30,31,32,33,35,36,37,39,41,44
15040001998832,00004d41-3200-0400-0000-0000004d7084,60,3,41.49,33.57615,-7.67252,4,16:00-21:00,1,25.6,26.0,19.5,10.0,7.66,5.74,1.16,10790,7.16,8,12,15,17,19,20,22,23,24,26,27,28,30,31,32,34,36,38,42
15040002035684,00004d41-3200-0400-0000-0000004d7085,60,3,50.01,33.57647,-7.67276,4,16:00-21:00,1,21.6,22.0,14.4,10.3,12.51,8.18,1.15,10698,12.66,5,7,9,12,14,16,18,19,20,22,23,24,26,27,29,31,33,35,38
15040002571349,00004d41-3200-0400-0000-0000004d710e,60,7,88.33,33.5648,-7.66792,4,16:00-21:00,1,22.8,23.0,20.0,7.4,15.94,13.83,0.96,1535,8.89,12,15,16,17,18,19,20,21,22,23,23,24,25,26,27,28,30,32,35
15040002013504,00004d41-3200-0400-0000-0000004d7113,60,3,13.85,33.56219,-7.66818,4,16:00-21:00,1,21.2,20.0,15.2,9.7,3.28,2.49,1.1,3863,3.36,7,10,12,13,15,16,17,18,19,20,21,23,24,25,27,29,30,33,38
15040002035539,00004d41-3200-0400-0000-0000004d7115,60,3,14.05,33.56231,-7.66822,4,16:00-21:00,1,25.6,26.0,20.6,9.8,2.45,1.95,1.05,3854,2.09,10,13,15,17,19,21,22,24,25,26,27,28,29,30,31,33,35,38,42
15040002671746,00004d41-3200-0400-0000-0000004d7421,60,4,90.44,33.5535,-7.68916,4,16:00-21:00,1,25.8,26.0,21.5,9.1,15.13,12.52,0.98,2846,9.16,11,14,16,18,19,21,22,23,25,26,27,28,30,31,32,33,35,37,40
15040005090978,00004d41-3200-0400-0000-0000004d7440,60,5,34.01,33.55175,-7.68474,4,16:00-21:00,1,33.5,35.0,26.4,10.5,4.64,3.5,0.97,1671,6.88,15,19,22,24,27,29,31,32,34,35,36,37,38,39,40,42,43,46,49
15040002014761,00004d41-3200-0400-0000-0000004d7443,60,7,41.14,33.55435,-7.68436,4,16:00-21:00,1,15.0,15.0,13.0,5.0,11.42,9.87,0.7,31,5.26,7,8,9,10,11,14,14,14,15,15,16,17,18,18,18,19,21,21,22
15040001999188,00004d41-3200-0400-0000-0000004d7444,60,5,22.68,33.55384,-7.68577,4,16:00-21:00,1,31.8,33.0,24.6,10.6,3.32,2.47,1.01,1346,4.98,14,17,20,23,25,27,29,30,32,33,34,35,36,37,39,40,42,44,48
15040002573567,00004d41-3200-0400-0000-0000004d7447,60,5,34.04,33.55365,-7.68568,4,16:00-21:00,1,31.4,33.0,23.9,10.6,5.13,3.71,1.02,1341,7.79,13,17,20,23,25,27,29,30,31,33,34,34,35,37,38,40,41,43,47
15040005091000,00004d41-3200-0400-0000-0000004d7448,60,5,24.65,33.55336,-7.68555,4,16:00-21:00,1,29.7,30.0,24.2,10.0,3.67,2.96,1.01,1343,3.05,12,17,19,21,23,25,27,28,29,30,31,32,34,35,36,38,39,41,45
15040005300174,00004d41-3200-0400-0000-0000004d744a,60,5,37.5,33.55316,-7.68545,4,16:00-21:00,1,22.2,22.0,14.8,10.6,9.15,6.14,1.09,1294,10.06,5,7,10,12,15,17,18,20,21,22,24,25,26,28,30,31,33,36,40
15040001999215,00004d41-3200-0400-0000-0000004d744c,60,6,16.18,33.55297,-7.68386,4,16:00-21:00,1,31.9,33.0,21.3,12.7,2.73,1.77,1.03,808,5.28,10,15,19,21,23,26,27,29,31,33,34,35,36,38,40,42,45,48,54
15040002036856,00004d41-3200-0400-0000-0000004d744d,60,6,40.47,33.55303,-7.6837,4,16:00-21:00,1,30.8,30.0,20.5,13.0,7.13,4.86,1.02,824,12.07,9,14,17,20,22,24,26,27,29,30,32,34,35,37,39,41,44,47,53
15040002015174,00004d41-3200-0400-0000-0000004d7453,60,7,84.39,33.55521,-7.68429,4,16:00-21:00,1,20.0,20.0,17.8,5.6,17.06,15.19,0.98,417,9.05,11,14,15,16,17,17,18,19,19,20,21,21,22,22,23,24,25,26,28
15040001999221,00004d41-3200-0400-0000-0000004d7454,60,4,42.79,33.55534,-7.68532,4,16:00-21:00,1,21.9,22.0,15.4,9.8,9.99,7.0,1.02,2726,9.19,6,8,11,13,15,17,18,19,21,22,23,25,26,28,29,31,32,34,38
15040005662108,00004d41-3200-0400-0000-0000004d745a,60,4,25.27,33.5544,-7.68708,4,16:00-21:00,1,23.1,23.0,16.5,10.1,5.53,3.96,0.92,2909,5.96,6,10,13,15,16,18,18,20,21,23,24,25,26,28,30,31,33,36,40
15040002015215,00004d41-3200-0400-0000-0000004d745b,60,4,64.77,33.55452,-7.68685,4,16:00-21:00,1,16.7,16.0,11.7,8.9,19.99,14.57,1.03,2848,14.56,5,6,7,8,9,11,12,13,15,16,17,18,20,21,22,24,26,29,32
15040004769423,00004d41-3200-0400-0000-0000004d7472,60,6,33.87,33.55782,-7.67735,4,16:00-21:00,1,29.4,32.0,18.5,12.5,6.6,3.81,1.14,187,8.69,5,11,13,18,21,25,27,29,30,32,33,34,35,36,38,39,41,44,48
15040002015208,00004d41-3200-0400-0000-0000004d7473,60,6,38.13,33.55811,-7.67749,4,16:00-21:00,1,29.2,32.0,18.4,12.4,7.46,4.29,1.18,187,9.77,5,11,13,18,21,25,26,28,30,32,33,34,35,36,38,39,41,44,48
15040002541756,00004d41-3200-0400-0000-0000004d7477,60,6,106.02,33.55666,-7.67911,4,16:00-21:00,1,29.4,30.0,24.0,10.4,15.94,12.72,0.98,1843,10.87,11,15,18,20,23,25,26,28,29,30,31,32,33,35,36,37,39,42,46
15040002544470,00004d41-3200-0400-0000-0000004d7478,60,6,38.1,33.5556,-7.6786,4,16:00-21:00,1,32.7,34.0,26.7,10.4,5.14,4.03,0.99,1816,6.0,14,18,21,24,26,28,30,31,33,34,35,36,37,38,40,41,42,45,49
15040002542309,00004d41-3200-0400-0000-0000004d7479,60,6,88.56,33.55592,-7.67876,4,16:00-21:00,1,32.2,33.0,26.8,10.0,11.89,9.66,0.98,1836,10.45,15,18,21,24,26,28,30,31,32,33,34,35,36,37,38,40,41,43,48
15040001999284,00004d41-3200-0400-0000-0000004d747c,60,6,88.16,33.55617,-7.67657,4,16:00-21:00,1,29.0,31.0,17.7,12.0,17.95,10.24,1.26,169,23.88,5,11,14,18,22,24,27,28,30,31,32,33,34,36,37,40,40,43,46
15040003357024,00004d41-3200-0400-0000-0000004d747f,60,6,131.35,33.55454,-7.67935,4,16:00-21:00,1,17.3,16.0,12.6,8.6,37.69,29.55,1.06,720,30.0,6,8,9,9,10,11,12,13,15,16,17,18,20,22,23,25,27,29,32
15040002015187,00004d41-3200-0400-0000-0000004d7483,60,6,38.26,33.55466,-7.67896,4,16:00-21:00,1,30.6,32.0,21.6,11.7,6.37,4.3,1.0,809,8.66,9,15,18,20,23,26,28,29,31,32,33,34,36,37,38,40,41,44,48
15040001999231,00004d41-3200-0400-0000-0000004d7484,60,6,32.1,33.55489,-7.6783,4,16:00-21:00,1,26.9,27.0,17.4,11.1,6.64,4.28,1.01,829,14.92,8,12,15,17,20,21,23,24,26,27,29,30,31,32,33,35,38,41,45
15040002036865,00004d41-3200-0400-0000-0000004d7485,60,6,35.25,33.55478,-7.67861,4,16:00-21:00,1,29.7,31.0,20.6,11.3,6.16,4.09,0.9,846,8.67,9,14,17,20,22,25,27,29,30,31,32,33,35,36,37,39,41,43,46
15040002036716,00004d41-3200-0400-0000-0000004d74bd,60,6,33.13,33.56048,-7.68139,4,16:00-21:00,1,20.6,20.0,15.1,10.3,7.89,5.96,1.03,828,6.84,7,9,11,12,14,15,16,17,19,20,21,22,24,25,26,27,30,32,36
15040003356802,00004d41-3200-0400-0000-0000004d74c7,60,6,37.58,33.55386,-7.67779,4,16:00-21:00,1,23.8,24.0,19.3,8.3,7.03,5.64,0.95,1786,7.42,11,14,16,17,18,19,21,22,23,24,25,25,27,28,29,30,32,34,37
15040002015043,00004d41-3200-0400-0000-0000004d74cb,60,6,42.84,33.55324,-7.67751,4,16:00-21:00,1,23.9,24.0,18.5,8.8,8.33,6.43,1.0,2024,9.65,10,13,15,17,18,20,21,22,23,24,25,26,27,28,29,31,32,34,38
15040003356771,00004d41-3200-0400-0000-0000004d74cf,60,6,79.22,33.55239,-7.68564,4,16:00-21:00,1,28.8,29.0,22.0,10.5,12.98,9.83,1.03,623,13.56,10,16,18,20,22,24,26,27,28,29,30,31,33,34,35,37,39,42,45
15040002544471,00004d41-3200-0400-0000-0000004d74d8,60,6,34.75,33.55304,-7.68014,4,16:00-21:00,1,32.1,32.0,25.6,10.9,4.88,3.91,0.98,2647,5.76,14,18,21,24,25,26,28,29,31,32,33,35,36,38,39,41,43,46,50
15040002671469,00004d41-3200-0400-0000-0000004d74d9,60,6,41.44,33.55333,-7.68028,4,16:00-21:00,1,28.4,28.0,23.2,10.0,6.44,5.33,0.94,2602,6.1,12,16,19,20,22,24,25,26,27,28,29,30,32,33,34,36,38,40,45
15040004769446,00004d41-3200-0400-0000-0000004d74da,60,6,41.34,33.5536,-7.68062,4,16:00-21:00,1,30.5,31.0,23.8,9.8,6.27,4.8,1.04,1904,9.95,13,18,21,23,25,26,28,29,30,31,32,33,34,35,37,38,40,42,45
15040002015061,00004d41-3200-0400-0000-0000004d74db,60,6,32.67,33.55325,-7.68045,4,16:00-21:00,1,30.9,32.0,24.5,9.9,4.81,3.68,1.01,1930,5.97,13,18,21,23,25,27,28,29,30,32,33,34,35,36,37,38,40,42,46
15040002005375,00004d41-3200-0400-0000-0000004d8214,60,4,91.13,33.56639,-7.65555,4,16:00-21:00,1,17.5,14.0,9.8,12.6,33.42,23.43,1.2,13595,26.65,4,5,5,6,7,7,8,10,12,14,17,19,21,23,26,28,31,36,42
15040003364401,00004d41-3200-0400-0000-0000004d821f,60,4,80.29,33.56669,-7.65637,4,16:00-21:00,1,35.8,35.0,30.5,11.0,9.48,8.26,1.08,12272,8.0,16,21,25,28,30,31,32,33,34,35,37,38,40,42,44,45,47,49,53
15040002073131,00004d41-3200-0400-0000-0000004db33d,60,4,11.83,33.55823,-7.65195,4,16:00-21:00,1,42.2,42.0,35.3,13.8,1.21,1.01,1.02,1689,1.58,21,25,27,29,32,33,36,38,40,42,44,46,48,50,52,54,56,59,63
15040003388214,00004d41-3200-0400-0000-0000004db33f,60,6,9.15,33.55719,-7.64967,4,16:00-21:00,1,46.7,48.0,40.4,12.6,0.82,0.69,1.0,6562,0.83,23,29,34,37,40,42,44,45,47,48,49,51,52,53,55,56,58,61,65
15040002659760,00004d41-3200-0400-0000-0000004db340,60,6,146.05,33.55726,-7.64962,4,16:00-21:00,1,45.1,46.0,39.5,12.3,13.31,11.43,1.0,6221,9.61,23,29,33,36,38,40,41,43,44,46,47,49,50,51,53,54,57,59,64
15040005690215,00004d41-3200-0400-0000-0000004db342,60,4,11.16,33.55948,-7.65111,4,16:00-21:00,1,40.4,40.0,33.0,14.5,1.22,1.0,1.0,1892,1.32,19,23,25,28,30,32,33,35,37,40,42,44,46,48,51,53,55,59,63
15040002042861,00004d41-3200-0400-0000-0000004db343,60,4,145.66,33.55957,-7.65105,4,16:00-21:00,1,29.1,29.0,21.0,13.4,24.95,18.08,1.05,1961,18.79,8,11,13,15,18,21,23,25,27,29,31,33,34,36,39,41,44,47,52
15040002025696,00004d41-3200-0400-0000-0000004db344,60,6,11.98,33.5584,-7.64885,4,16:00-21:00,1,49.4,51.0,37.7,15.7,1.14,0.85,0.99,6490,2.49,21,27,32,37,41,43,46,47,49,51,52,54,56,58,60,62,65,68,74
15040002073183,00004d41-3200-0400-0000-0000004db345,60,6,147.4,33.55849,-7.64878,4,16:00-21:00,1,47.0,48.0,41.3,13.0,12.86,11.05,0.98,5998,9.61,23,30,35,38,40,42,44,45,46,48,49,50,52,53,55,57,59,62,67
15040003388324,00004d41-3200-0400-0000-0000004db347,60,4,14.56,33.56071,-7.65026,4,16:00-21:00,1,28.5,28.0,21.9,11.6,2.39,1.87,1.05,2876,2.75,11,15,17,19,20,22,24,25,27,28,30,31,33,34,36,37,39,42,47
15040003388204,00004d41-3200-0400-0000-0000004db357,60,5,140.48,33.5413,-7.67289,4,16:00-21:00,1,28.4,29.0,25.0,7.8,20.27,17.44,1.01,1347,13.96,15,18,20,22,23,24,26,27,28,29,30,31,32,32,34,35,36,38,40
15040002073138,00004d41-3200-0400-0000-0000004db385,60,5,10.04,33.54336,-7.67313,4,16:00-21:00,1,21.1,21.0,15.8,8.5,2.29,1.72,1.02,1727,3.27,7,10,13,15,16,17,18,19,20,21,22,23,24,25,26,27,29,31,34
15040005101696,00004d41-3200-0400-0000-0000004db388,60,5,31.16,33.54435,-7.67307,4,16:00-21:00,1,31.5,33.0,22.4,10.5,5.02,3.4,1.0,1357,9.37,12,18,20,23,25,27,28,30,31,33,34,35,36,37,39,40,42,43,47
15040004773531,00004d41-3200-0400-0000-0000004db392,60,7,145.08,33.54081,-7.6685,4,16:00-21:00,1,25.8,26.0,22.6,7.3,23.15,20.09,0.9,36,11.87,9,13,20,23,23,24,24,25,25,26,26,28,29,29,30,31,33,36,38
15040004782415,00004d41-3200-0400-0000-0000004db398,60,5,77.15,33.54299,-7.66841,4,16:00-21:00,1,36.1,34.0,30.6,11.5,9.07,8.17,1.0,675,8.5,18,23,26,28,28,30,30,31,33,34,36,37,39,42,44,46,49,52,56
15040002025790,00004d41-3200-0400-0000-0000004db39c,60,5,65.84,33.54299,-7.66841,4,16:00-21:00,1,39.4,40.0,34.2,11.9,6.94,5.93,0.98,1260,4.87,23,25,27,28,30,32,34,36,38,40,41,43,44,46,48,50,51,55,60
15040002073261,00004d41-3200-0400-0000-0000004db39d,60,5,48.55,33.54316,-7.66909,4,16:00-21:00,1,40.5,41.0,33.5,11.5,5.22,4.26,1.08,1293,8.94,21,25,28,31,33,36,37,39,40,41,42,44,45,46,48,50,52,55,59
15040003390940,00004d41-3200-0400-0000-0000004dbc6f,60,6,9.39,33.55058,-7.67034,4,16:00-21:00,1,26.9,26.0,12.3,14.9,2.76,1.3,0.94,532,6.69,4,7,12,16,18,20,21,23,25,26,28,29,30,32,34,37,40,47,52
15040004553135,00004d41-3200-0400-0000-0000004dbc72,60,4,7.75,33.55061,-7.67027,4,16:00-21:00,1,27.4,26.0,18.9,12.1,1.48,1.07,1.04,9669,2.66,9,13,16,18,19,21,22,23,25,26,27,29,31,32,34,37,40,44,50
15040002045060,00004d41-3200-0400-0000-0000004dbc7b,60,5,10.01,33.55018,-7.67149,4,16:00-21:00,1,28.2,28.0,19.0,12.0,1.89,1.29,0.9,1196,3.11,8,13,16,19,21,22,24,25,27,28,29,30,31,33,35,37,40,44,50
15040003592476,00004d41-3200-0400-0000-0000004dbc7e,60,4,11.15,33.55019,-7.67137,4,16:00-21:00,1,31.7,31.0,25.8,11.0,1.55,1.29,1.0,9638,1.84,14,19,21,23,25,26,27,29,30,31,32,33,35,36,38,40,43,47,52
15040004782746,00004d41-3200-0400-0000-0000004dbca2,60,4,41.72,33.5504,-7.67483,4,16:00-21:00,1,38.5,41.0,30.5,12.5,4.92,3.66,0.97,4914,5.94,15,19,23,27,31,35,37,39,40,41,42,43,44,46,47,48,50,52,55
15040004782745,00004d41-3200-0400-0000-0000004dbca8,60,4,40.66,33.55062,-7.67445,4,16:00-21:00,1,37.3,38.0,31.8,11.8,4.6,3.85,1.04,7851,3.55,18,22,25,27,30,32,33,35,36,38,39,40,42,43,44,46,48,51,57
15040004970557,00004d41-3200-0400-0000-0000004dbcb0,60,4,39.21,33.55036,-7.67525,4,16:00-21:00,1,29.9,31.0,24.3,9.8,5.82,4.55,1.15,7735,5.17,12,17,20,22,24,25,27,28,29,31,32,33,34,35,36,38,39,41,45
15040002704611,00004d41-3200-0400-0000-0000004dbcb1,60,6,76.38,33.55073,-7.67636,4,16:00-21:00,1,11.6,10.0,7.0,8.0,39.19,27.5,1.2,1680,30.93,3,3,4,5,5,6,7,8,9,10,11,13,14,15,16,18,19,22,25
15040005314257,00004d41-3200-0400-0000-0000004dbcb2,60,6,8.18,33.55009,-7.67607,4,16:00-21:00,1,20.7,17.0,9.6,15.2,3.07,1.73,1.09,1438,4.07,3,4,6,7,9,11,12,13,15,17,19,20,22,26,29,33,37,43,53
15040002044952,00004d41-3200-0400-0000-0000004dbcb3,60,4,42.88,33.55022,-7.67564,4,16:00-21:00,1,23.1,23.0,17.3,10.2,8.92,6.71,1.16,7679,7.97,8,10,12,14,15,17,18,20,21,23,24,25,27,28,30,32,34,37,40
15040002028715,00004d41-3200-0400-0000-0000004dbcb4,60,7,74.64,33.55058,-7.67678,4,16:00-21:00,1,14.8,13.0,11.0,9.8,24.39,20.67,1.23,66,15.91,5,7,8,9,10,10,11,12,13,13,14,14,15,16,16,17,20,22,27
15040003592378,00004d41-3200-0400-0000-0000004dbcb6,60,4,40.38,33.55009,-7.67607,4,16:00-21:00,1,26.9,26.0,22.5,9.1,6.45,5.59,1.12,5773,4.71,12,16,18,20,21,22,23,24,25,26,27,29,30,31,33,34,36,38,42
15040002704603,00004d41-3200-0400-0000-0000004dbcb9,60,4,41.24,33.54996,-7.67648,4,16:00-21:00,1,30.6,31.0,25.2,9.6,5.9,4.79,1.15,5758,5.34,14,18,21,23,25,26,28,29,30,31,32,33,34,36,37,38,40,42,45
15040002028735,00004d41-3200-0400-0000-0000004dbcbc,60,4,38.21,33.54982,-7.67689,4,16:00-21:00,1,31.2,32.0,24.5,10.2,5.61,4.3,1.2,5779,6.55,13,18,20,23,25,27,28,30,31,32,33,35,36,37,38,39,41,43,46
15040003592405,00004d41-3200-0400-0000-0000004dbcd6,60,4,31.23,33.54906,-7.6792,4,16:00-21:00,1,31.2,31.0,26.7,9.6,4.21,3.63,1.04,4217,3.8,15,19,22,24,25,27,28,29,30,31,32,33,34,35,37,38,40,43,47
15040002704649,00004d41-3200-0400-0000-0000004dbcd9,60,4,97.34,33.54895,-7.67951,4,16:00-21:00,1,26.7,27.0,23.7,7.2,14.8,12.98,1.07,4080,9.32,15,18,20,21,22,23,24,25,26,27,28,28,29,30,31,33,34,35,38
15040002044901,00004d41-3200-0400-0000-0000004dbcdb,60,7,30.76,33.54862,-7.68048,4,16:00-21:00,1,18.5,21.0,6.7,8.5,16.64,5.27,1.68,118,69.06,2,6,9,11,12,14,16,18,20,21,22,22,22,22,22,23,24,27,31
15040004773956,00004d41-3200-0400-0000-0000004dbcea,60,4,37.73,33.54716,-7.6817,4,16:00-21:00,1,23.3,24.0,18.3,7.3,7.43,5.66,1.06,5374,9.95,11,14,17,18,19,20,21,22,23,24,24,25,26,27,28,29,30,31,35
15040002044911,00004d41-3200-0400-0000-0000004dbceb,60,4,43.37,33.54685,-7.68164,4,16:00-21:00,1,24.5,25.0,20.0,7.6,7.82,6.25,0.97,4665,9.3,12,15,17,19,20,21,22,23,24,25,26,27,28,28,29,30,31,33,36
15040002028669,00004d41-3200-0400-0000-0000004dbcec,60,4,32.68,33.54695,-7.68126,4,16:00-21:00,1,23.6,24.0,18.7,7.3,6.29,4.9,1.03,5261,9.02,12,15,17,18,19,20,21,22,23,24,24,25,26,27,28,29,30,32,35
15040002044907,00004d41-3200-0400-0000-0000004dbcf3,60,4,8.94,33.54722,-7.68132,4,16:00-21:00,1,22.2,22.0,17.8,6.8,1.81,1.46,1.0,2291,2.6,11,14,16,18,18,19,20,21,21,22,23,24,25,25,26,27,28,30,33
15040002704397,00004d41-3200-0400-0000-0000004dbd81,60,5,91.07,33.54088,-7.66393,4,16:00-21:00,1,20.0,20.0,14.6,8.1,22.53,16.39,1.35,112,26.07,7,11,11,13,15,16,17,17,20,20,21,22,23,23,24,25,27,30,35
15040002075416,00004d41-3200-0400-0000-0000004dbd85,60,5,29.16,33.54088,-7.66393,4,16:00-21:00,1,35.6,35.0,31.5,11.5,3.33,3.0,0.8,141,1.32,18,21,24,26,27,29,30,32,34,35,36,37,39,40,44,45,47,50,55
15040004773968,00004d41-3200-0400-0000-0000004dbd8a,60,5,80.82,33.54106,-7.66417,4,16:00-21:00,1,29.7,31.0,24.5,8.9,11.87,9.39,0.82,140,10.58,14,20,21,22,24,26,27,29,30,31,32,33,34,35,36,36,37,39,40
15040002046640,00004d41-3200-0400-0000-0000004dbd8b,60,5,15.65,33.54153,-7.66483,4,16:00-21:00,1,27.1,27.0,21.3,11.3,2.65,2.09,0.83,136,2.03,11,12,15,17,20,21,23,24,26,27,28,29,31,32,33,34,35,42,54
15040003390922,00004d41-3200-0400-0000-0000004dbd8f,60,3,145.17,33.53995,-7.66642,4,16:00-21:00,1,33.7,36.0,27.5,11.5,19.02,14.52,1.05,1199,15.23,13,17,20,24,27,29,32,33,35,36,37,38,39,40,41,42,44,46,49
15040005103579,00004d41-3200-0400-0000-0000004dbd90,60,3,83.3,33.541,-7.66548,4,16:00-21:00,1,42.8,45.0,35.6,14.5,8.43,6.66,0.97,1238,5.21,16,21,25,30,34,37,40,42,43,45,47,48,49,51,52,54,56,59,63
15040004782783,00004d41-3200-0400-0000-0000004dbda0,60,6,50.7,33.5464,-7.66984,4,16:00-21:00,1,24.9,26.0,15.9,12.5,11.48,7.02,0.94,4396,10.92,5,7,9,12,15,18,20,22,24,26,27,29,31,32,34,36,38,41,44
15040004782776,00004d41-3200-0400-0000-0000004dbda8,60,7,74.17,33.54618,-7.6705,4,16:00-21:00,1,28.7,29.0,25.4,7.5,10.52,9.21,1.02,378,6.13,15,20,23,24,25,25,26,27,28,29,30,30,31,32,33,34,36,38,40
15040002028793,00004d41-3200-0400-0000-0000004dbdb4,60,7,15.14,33.5463,-7.67057,4,16:00-21:00,1,28.7,29.0,25.2,7.8,2.16,1.88,1.05,379,1.28,15,20,22,24,24,25,26,27,28,29,29,30,31,32,33,34,37,38,40
15040003392021,00004d41-3200-0400-0000-0000004dbdbf,60,5,79.84,33.54277,-7.66763,4,16:00-21:00,1,40.2,39.0,35.2,12.6,8.18,7.37,0.96,704,4.56,19,25,28,30,31,33,35,37,38,39,41,43,45,46,48,50,53,57,62
15040004782794,00004d41-3200-0400-0000-0000004dbdc8,60,5,69.63,33.54198,-7.6657,4,16:00-21:00,1,21.2,21.0,17.8,7.8,14.07,11.94,1.09,639,8.58,9,12,13,14,16,17,18,19,19,21,22,23,24,25,26,28,29,31,34
15040005314288,00004d41-3200-0400-0000-0000004dbe2a,60,5,9.46,33.54526,-7.67319,4,16:00-21:00,1,18.8,19.0,14.7,6.7,2.32,1.79,1.04,273,2.27,7,11,13,15,16,16,17,17,18,19,19,20,20,22,23,24,25,27,28
15040003391820,00004d41-3200-0400-0000-0000004dbe2f,60,5,9.94,33.54554,-7.67315,4,16:00-21:00,1,16.8,16.0,13.7,6.6,2.61,2.24,1.02,499,2.17,8,10,11,12,12,13,14,15,16,16,17,18,19,19,20,21,22,24,27
15040002076985,00004d41-3200-0400-0000-0000004dbe45,60,5,12.61,33.54529,-7.67309,4,16:00-21:00,1,21.3,21.0,17.8,6.5,2.54,2.16,0.92,1647,2.77,11,14,15,17,17,18,19,20,21,21,22,23,24,24,25,26,27,29,32
15040003593057,00004d41-3200-0400-0000-0000004dbe46,60,5,21.46,33.54539,-7.67304,4,16:00-21:00,1,20.4,21.0,15.3,6.8,5.06,3.68,1.04,1709,7.85,9,12,14,15,17,18,18,19,20,21,21,22,23,24,24,25,27,28,31
15040002705829,00004d41-3200-0400-0000-0000004dbea1,60,3,52.99,33.54292,-7.6638,4,16:00-21:00,1,22.0,21.0,11.1,14.6,17.12,9.08,1.04,1322,17.15,4,4,6,7,8,10,13,16,18,21,24,26,28,31,33,35,38,42,48
15040003593497,00004d41-3200-0400-0000-0000004dbebe,60,7,106.73,33.54632,-7.66225,4,16:00-21:00,1,21.6,21.0,18.8,7.0,20.43,18.3,0.97,36,9.28,9,10,12,16,19,20,20,21,21,21,22,23,24,25,26,27,28,30,34
15040004774023,00004d41-3200-0400-0000-0000004dbeca,60,7,74.15,33.54556,-7.66257,4,16:00-21:00,1,11.9,8.8,6.9,9.2,38.85,30.33,1.25,43,29.83,3,4,4,5,5,5,6,7,8,9,10,11,13,14,16,18,22,26,31
15040002028643,00004d41-3200-0400-0000-0000004dbecc,60,4,50.87,33.5438,-7.6632,4,16:00-21:00,1,21.4,19.0,10.0,16.4,18.24,9.64,1.04,3391,18.18,3,4,5,6,7,9,11,14,17,19,21,23,26,29,31,34,38,42,49
15040003391983,00004d41-3200-0400-0000-0000004dbecf,60,7,70.16,33.5441,-7.66387,4,16:00-21:00,1,17.5,16.0,9.8,14.2,25.9,15.79,1.55,46,28.52,5,5,5,8,10,10,12,13,14,16,17,18,18,20,22,22,24,25,38
15040004782837,00004d41-3200-0400-0000-0000004dbed0,60,7,43.56,33.54556,-7.66257,4,16:00-21:00,1,19.1,18.0,10.2,8.9,15.44,8.71,0.97,30,25.81,2,9,11,11,12,14,17,17,18,18,19,19,22,23,26,26,28,28,37
15040002077159,00004d41-3200-0400-0000-0000004dc0a5,60,6,406.41,33.55049,-7.67032,4,16:00-21:00,1,35.6,37.0,32.7,8.7,44.75,39.54,0.95,2864,17.49,19,23,26,29,31,33,34,35,36,37,38,38,39,40,41,42,43,45,48
15040003593253,00004d41-3200-0400-0000-0000004dc0a6,60,6,52.18,33.54685,-7.67,4,16:00-21:00,1,29.7,29.0,25.8,8.8,7.27,6.48,1.0,4404,6.3,16,19,21,23,24,25,26,27,28,29,31,32,33,34,35,37,38,41,44
15040002605814,00004d41-3200-0400-0000-00000054b2fc,60,7,92.61,33.55987,-7.67028,4,16:00-21:00,1,18.8,18.0,15.7,6.7,21.27,18.52,0.85,50,13.16,8,10,13,15,16,17,17,17,18,18,19,19,20,21,22,22,25,26,28
15040002592615,00004d41-3200-0400-0000-00000054b301,60,3,81.57,33.55931,-7.66907,4,16:00-21:00,1,43.6,44.0,35.1,15.7,8.37,6.67,1.05,4745,9.26,19,23,27,31,34,37,39,41,42,44,45,46,47,49,51,53,58,63,73
15040004893555,00004d41-3200-0400-0000-00000054b34a,60,7,52.82,33.55805,-7.66943,4,16:00-21:00,1,19.8,18.0,16.6,8.2,11.47,10.56,0.92,76,5.07,10,10,11,11,13,14,15,16,17,18,20,22,23,24,25,27,29,32,35
15040002551767,00004d41-3200-0400-0000-00000054b5c6,60,6,56.75,33.55733,-7.67396,4,16:00-21:00,1,23.8,24.0,20.2,6.4,10.14,8.51,1.02,942,14.53,13,16,18,20,21,21,22,23,23,24,25,25,26,27,27,28,29,31,33
15040002548659,00004d41-3200-0400-0000-00000054b5cd,60,6,90.52,33.56122,-7.67539,4,16:00-21:00,1,26.8,28.0,17.6,12.2,18.49,11.64,1.08,1615,23.16,6,10,13,15,17,20,22,24,26,28,30,31,32,34,36,37,39,42,46
15040004051381,00004d41-3200-0400-0000-00000054b5ce,60,6,25.27,33.56042,-7.6752,4,16:00-21:00,1,14.4,13.0,5.8,10.7,15.77,7.0,1.04,1684,18.38,2,2,3,3,5,6,8,9,11,13,15,17,19,20,22,23,25,28,33
15040006319084,00004d41-3200-0400-0000-00000054b5eb,60,6,48.14,33.54396,-7.67879,4,16:00-21:00,1,13.5,13.0,9.1,6.6,19.03,13.33,1.04,232,18.43,4,5,7,7,8,9,10,11,12,13,14,15,16,17,18,19,20,22,25
15040003487256,00004d41-3200-0400-0000-00000054b5ec,60,5,17.78,33.54552,-7.67325,4,16:00-21:00,1,23.1,23.0,16.9,8.5,3.8,2.78,1.0,1821,7.13,9,13,15,16,18,19,20,21,22,23,24,25,26,27,28,29,31,34,37
15040003658830,00004d41-3200-0400-0000-00000054b5ed,60,5,21.17,33.54538,-7.67333,4,16:00-21:00,1,23.7,24.0,18.8,8.2,4.06,3.18,1.01,1686,4.82,11,14,16,17,18,20,21,22,23,24,24,26,27,27,28,30,32,34,37
15040004893685,00004d41-3200-0400-0000-00000054b5fa,60,5,28.38,33.54307,-7.67496,4,16:00-21:00,1,28.4,28.0,19.3,11.2,5.31,3.65,1.22,1401,9.59,10,15,18,20,22,23,24,26,27,28,29,30,32,33,35,37,39,42,49
15040003487246,00004d41-3200-0400-0000-00000054b5fc,60,7,42.33,33.5442,-7.67836,4,16:00-21:00,1,13.8,14.0,10.0,5.8,15.23,10.88,0.98,62,15.43,5,6,8,9,10,10,11,11,13,14,15,16,16,18,19,20,20,20,23
15040003658820,00004d41-3200-0400-0000-00000054b5fd,60,7,72.54,33.54385,-7.67816,4,16:00-21:00,1,14.0,14.0,11.2,5.4,23.31,18.65,0.83,56,14.24,5,6,8,9,10,11,12,14,14,14,15,16,16,17,18,19,20,20,23
15040004051389,00004d41-3200-0400-0000-00000054b5fe,60,7,43.89,33.54472,-7.67731,4,16:00-21:00,1,21.1,21.0,18.7,5.7,8.44,7.52,1.03,171,4.78,12,14,16,17,18,18,19,20,20,21,23,23,24,25,25,26,26,27,30
15040004549216,00004d41-3200-0400-0000-00000054b5ff,60,7,75.76,33.54436,-7.67712,4,16:00-21:00,1,21.4,21.0,18.9,5.7,14.44,12.99,1.0,170,8.38,12,14,16,17,18,19,19,20,21,21,23,23,24,25,25,26,27,28,30
15040003487115,00004d41-3200-0400-0000-00000054b60c,60,7,40.64,33.54296,-7.67757,4,16:00-21:00,1,13.9,14.0,11.4,5.7,12.85,10.45,0.52,49,6.59,5,6,7,8,10,11,12,13,14,14,14,15,15,16,17,18,20,22,24
15040004051392,00004d41-3200-0400-0000-00000054b60e,60,5,48.21,33.54222,-7.67708,4,16:00-21:00,1,11.5,9.7,7.7,6.9,22.41,17.91,1.18,1336,17.09,3,4,5,6,6,7,7,8,9,10,11,12,13,14,16,17,19,21,25
15040004549129,00004d41-3200-0400-0000-00000054b60f,60,7,93.7,33.54296,-7.67757,4,16:00-21:00,1,12.4,11.0,8.5,10.1,39.77,30.67,1.19,46,32.14,3,5,7,7,8,9,10,11,11,11,12,12,12,13,13,15,16,17,21
15040005257529,00004d41-3200-0400-0000-00000054b662,60,5,61.44,33.54831,-7.67239,4,16:00-21:00,1,25.6,26.0,21.3,7.5,10.4,8.51,1.13,1536,9.98,12,17,19,20,22,23,24,24,25,26,27,27,28,29,30,31,32,34,37
15040004051408,00004d41-3200-0400-0000-00000054b663,60,5,61.29,33.54779,-7.67262,4,16:00-21:00,1,18.0,17.0,14.4,6.6,15.29,12.98,1.05,1508,13.4,8,10,12,13,14,15,15,16,17,17,18,19,20,21,22,23,24,26,29
15040004549478,00004d41-3200-0400-0000-00000054b70f,60,7,52.33,33.54964,-7.68801,4,16:00-21:00,1,15.7,16.0,11.7,6.1,16.08,11.77,1.32,99,15.41,5,7,10,11,12,13,14,15,15,16,17,17,18,18,19,20,21,23,25
15040003487127,00004d41-3200-0400-0000-00000054b724,60,6,100.76,33.54014,-7.67621,4,16:00-21:00,1,25.6,26.0,21.3,8.1,17.06,13.95,1.01,2209,14.74,12,15,17,19,20,22,23,24,25,26,27,28,29,30,31,32,33,35,38
15040004549446,00004d41-3200-0400-0000-00000054b75f,60,5,31.57,33.54308,-7.67302,4,16:00-21:00,1,17.3,18.0,10.6,9.3,10.69,6.31,0.97,1364,9.69,3,4,6,7,9,12,14,15,17,18,19,20,21,22,23,25,27,29,32
15040006319296,00004d41-3200-0400-0000-00000054b76b,60,7,50.81,33.55206,-7.68962,4,16:00-21:00,1,15.3,15.0,12.1,6.2,15.14,12.19,0.99,174,9.89,5,7,9,11,12,12,13,14,14,15,16,16,17,18,19,20,21,23,26
15040004903855,00004d41-3200-0400-0000-00000054b7f0,60,7,39.22,33.541,-7.68005,4,16:00-21:00,1,12.1,12.0,9.9,4.3,14.26,11.77,1.0,69,10.63,5,6,8,9,10,10,11,11,12,12,12,12,13,14,15,16,16,18,21
15040004893781,00004d41-3200-0400-0000-00000054b7f2,60,7,42.4,33.54218,-7.68111,4,16:00-21:00,1,14.5,14.0,13.2,4.4,11.58,10.9,1.08,44,3.65,8,9,10,11,11,12,12,12,13,14,15,15,16,17,17,19,20,21,22
15040006319305,00004d41-3200-0400-0000-00000054b7f3,60,7,121.55,33.54188,-7.68083,4,16:00-21:00,1,14.6,14.0,13.1,5.2,33.47,31.26,1.09,45,11.08,8,8,9,11,11,12,12,12,13,14,14,15,16,17,17,18,20,21,22
15040004549612,00004d41-3200-0400-0000-00000054b7f7,60,5,53.66,33.54153,-7.67843,4,16:00-21:00,1,19.4,20.0,14.3,7.9,13.56,9.66,1.03,1358,14.36,6,9,11,13,14,15,16,18,19,20,20,21,22,23,24,25,27,30,33
15040004903860,00004d41-3200-0400-0000-00000054b7f8,60,5,46.18,33.5418,-7.67796,4,16:00-21:00,1,11.5,9.9,7.8,6.9,21.42,16.79,1.04,1408,16.02,3,4,5,6,6,7,8,8,9,10,11,12,13,14,16,17,19,21,24
15040005257589,00004d41-3200-0400-0000-00000054b80b,60,5,83.76,33.54336,-7.67303,4,16:00-21:00,1,27.5,28.0,23.7,7.5,12.74,10.77,1.03,1340,10.44,14,17,20,22,23,25,26,27,27,28,29,30,31,31,32,33,34,36,38
15040003488701,00004d41-3200-0400-0000-00000054b80c,60,5,25.84,33.54412,-7.67305,4,16:00-21:00,1,32.2,33.0,26.3,9.8,3.54,2.82,0.89,1370,4.6,15,19,22,24,26,28,29,31,32,33,34,35,36,37,39,40,42,43,46
15040004893789,00004d41-3200-0400-0000-00000054b812,60,5,30.4,33.54338,-7.67165,4,16:00-21:00,1,30.2,30.0,26.6,9.5,4.11,3.65,0.98,1789,2.18,16,19,21,23,24,26,27,28,29,30,31,32,33,34,35,37,39,42,47
15040003659826,00004d41-3200-0400-0000-00000054b82d,60,6,15.64,33.56918,-7.68126,4,16:00-21:00,1,26.2,27.0,21.5,9.0,2.62,2.09,1.07,979,2.51,11,14,16,18,20,21,23,24,26,27,28,29,30,31,33,34,36,38,41
15040002540444,00004d41-3200-0400-0000-00000054b839,60,6,105.19,33.56639,-7.68079,4,16:00-21:00,1,29.8,30.0,25.5,8.1,14.84,12.62,0.98,1986,13.13,16,20,22,24,25,27,28,29,30,30,31,32,33,34,35,36,38,39,42
15040004549457,00004d41-3200-0400-0000-00000054b847,60,6,69.21,33.56614,-7.67669,4,16:00-21:00,1,15.9,14.0,10.3,9.5,24.25,17.8,1.08,1405,21.93,5,6,6,7,8,9,10,11,13,14,15,17,19,21,23,24,26,29,33
15040002540430,00004d41-3200-0400-0000-00000054b8a6,60,4,79.92,33.55891,-7.68006,4,16:00-21:00,1,38.1,39.0,32.7,10.4,8.81,7.38,1.03,3646,9.83,19,24,27,30,33,35,36,37,38,39,40,41,42,43,44,46,47,49,54
15040004549884,00004d41-3200-0400-0000-00000054bb3f,60,7,19.4,33.55558,-7.68329,4,16:00-21:00,1,26.0,15.0,14.1,28.2,4.94,4.66,0.86,30,3.42,6,6,10,10,12,13,14,14,15,15,17,18,19,19,30,30,42,54,86
15040004957902,00004d41-3200-0400-0000-00000054be10,60,5,28.33,33.54129,-7.67301,4,16:00-21:00,1,22.1,22.0,18.4,7.4,5.56,4.64,0.92,579,4.19,9,13,15,17,18,19,20,21,21,22,23,24,24,26,27,28,29,31,34
15040002544483,00004d41-3200-0400-0000-00000054be50,60,7,70.38,33.56583,-7.68045,4,16:00-21:00,1,14.3,14.0,11.0,6.3,22.96,18.1,0.99,559,15.12,5,6,8,8,9,10,11,12,13,14,15,16,17,18,19,20,21,23,26
15040002539959,00004d41-3200-0400-0000-00000054be53,60,6,39.33,33.56549,-7.68271,4,16:00-21:00,1,15.8,16.0,9.2,9.4,15.45,8.85,1.01,2028,13.23,3,4,4,5,7,9,11,13,15,16,17,18,20,21,22,24,26,28,32
15040002539961,00004d41-3200-0400-0000-00000054be55,60,6,54.3,33.56609,-7.68146,4,16:00-21:00,1,25.5,26.0,19.7,8.2,9.91,7.52,1.13,2042,13.13,11,15,18,19,21,22,23,24,25,26,27,28,29,30,31,32,34,35,38
15040003288038,00004d41-3200-0400-0000-00000056d144,60,4,128.08,33.56603,-7.65428,4,16:00-21:00,1,27.6,28.0,19.7,12.3,23.36,16.47,1.29,13700,22.03,8,10,13,16,18,20,23,25,26,28,30,32,34,34,35,37,40,44,49
15040004094384,00004d41-3200-0400-0000-00000056e476,60,6,11.41,33.5735,-7.67153,4,16:00-21:00,1,19.0,19.0,11.2,9.3,3.66,2.16,1.05,1862,5.7,4,7,9,11,12,14,15,17,18,19,21,22,23,24,25,27,28,30,34
15040003777057,00004d41-3200-0400-0000-00000056e484,60,3,17.4,33.5738,-7.6711,4,16:00-21:00,1,24.8,25.0,20.2,8.2,3.09,2.51,1.15,8562,3.0,10,14,16,19,20,22,23,24,24,25,26,27,28,28,29,31,32,35,38
15040003887368,00004d41-3200-0400-0000-00000056e485,60,3,174.75,33.57368,-7.67097,4,16:00-21:00,1,22.0,22.0,15.2,10.7,41.44,28.6,1.48,8962,34.36,6,8,9,11,13,15,16,18,20,22,24,26,27,29,30,32,34,36,39
15040002564578,00004d41-3200-0400-0000-00000056e487,60,3,177.38,33.57253,-7.66963,4,16:00-21:00,1,18.4,17.0,14.7,8.5,43.39,37.56,1.12,10630,23.36,7,9,10,11,12,13,14,15,16,17,18,19,21,22,24,26,28,31,34
15040002605819,00004d41-3200-0400-0000-00000056e488,60,3,18.08,33.57377,-7.6708,4,16:00-21:00,1,29.3,28.0,22.9,12.2,2.84,2.32,1.11,12244,2.64,11,14,17,19,21,22,24,25,27,28,30,31,33,35,37,39,42,46,52
15040004642708,00004d41-3200-0400-0000-00000056e48f,60,3,42.69,33.57443,-7.67157,4,16:00-21:00,1,22.2,23.0,14.9,10.5,10.34,6.68,1.31,10105,9.74,5,7,9,12,14,16,18,20,21,23,24,25,27,28,30,31,33,36,39
15040006070647,00004d41-3200-0400-0000-00000056e490,60,3,40.88,33.57409,-7.67136,4,16:00-21:00,1,17.8,18.0,9.7,10.8,15.21,8.18,1.07,8496,14.78,3,4,5,6,8,10,13,15,16,18,19,20,22,23,25,27,30,33,37
15040006412070,00004d41-3200-0400-0000-00000056e493,60,6,49.23,33.57409,-7.67136,4,16:00-21:00,1,22.0,22.0,18.6,7.1,9.52,8.06,1.13,1537,6.74,9,12,14,16,17,19,20,21,22,22,23,24,25,26,26,28,29,30,33
15040003777793,00004d41-3200-0400-0000-00000056e494,60,6,17.83,33.57354,-7.67142,4,16:00-21:00,1,15.1,14.0,6.7,9.8,9.61,4.58,1.09,1905,15.01,2,3,4,5,7,9,10,12,13,14,16,17,18,20,21,23,25,28,32
15040003887355,00004d41-3200-0400-0000-00000056e495,60,6,29.01,33.57356,-7.67124,4,16:00-21:00,1,13.1,12.0,5.6,9.6,18.5,8.7,1.1,1918,19.98,2,2,3,3,4,5,7,9,11,12,14,15,17,18,20,21,23,26,30
15040002605820,00004d41-3200-0400-0000-00000056e496,60,3,45.5,33.5739,-7.67093,4,16:00-21:00,1,31.9,32.0,26.8,11.4,6.11,5.12,1.1,10686,4.22,14,17,20,22,24,26,27,29,30,32,33,34,35,37,39,41,43,47,53
15040004287679,00004d41-3200-0400-0000-00000056e497,60,3,40.43,33.57422,-7.67123,4,16:00-21:00,1,33.7,35.0,29.3,10.4,4.98,4.16,1.06,10696,2.82,15,19,21,24,27,29,31,33,34,35,36,37,38,39,40,42,43,46,49
15040004736162,00004d41-3200-0400-0000-00000056e4da,60,7,7.87,33.56879,-7.67535,4,16:00-21:00,1,22.6,23.0,13.7,11.5,2.07,1.23,1.07,92,3.29,7,9,10,12,13,16,17,18,19,23,24,26,26,28,29,31,34,38,41
15040004642719,00004d41-3200-0400-0000-00000056e4e7,60,7,12.88,33.57228,-7.6708,4,16:00-21:00,1,31.4,32.0,25.9,9.0,1.79,1.45,1.09,577,1.79,16,20,23,25,26,28,29,30,31,32,33,34,35,36,37,39,40,42,45
15040004994053,00004d41-3200-0400-0000-00000056e4e8,60,7,18.56,33.57238,-7.67087,4,16:00-21:00,1,31.4,32.0,26.1,8.9,2.56,2.09,1.13,572,2.54,16,21,23,25,26,28,28,29,30,32,33,34,35,36,37,39,39,42,45
15040003778016,00004d41-3200-0400-0000-00000056e50c,60,7,12.0,33.56852,-7.67595,4,16:00-21:00,1,29.0,30.0,16.3,12.2,2.65,1.44,1.42,138,4.45,5,12,17,20,21,24,25,26,28,30,31,33,34,35,38,41,42,44,48
15040002553036,00004d41-3200-0400-0000-00000056e514,60,6,50.19,33.57191,-7.67514,4,16:00-21:00,1,16.4,16.0,11.2,7.8,16.13,11.29,1.48,1040,16.54,4,6,8,9,10,12,13,14,15,16,17,18,19,20,22,23,25,27,30
15040002595682,00004d41-3200-0400-0000-00000056e515,60,6,18.73,33.5717,-7.67562,4,16:00-21:00,1,15.9,16.0,9.8,8.2,6.87,4.21,1.64,1066,8.63,4,5,7,8,10,11,12,13,14,16,17,18,19,20,22,23,25,27,30
15040003887590,00004d41-3200-0400-0000-00000056e525,60,7,27.18,33.5704,-7.67173,4,16:00-21:00,1,17.1,16.0,11.1,8.8,8.82,6.12,1.01,56,11.24,4,7,11,12,12,13,14,15,16,16,18,18,19,19,21,22,24,25,26
15040004094441,00004d41-3200-0400-0000-00000056e526,60,7,27.83,33.57062,-7.67185,4,16:00-21:00,1,16.2,15.0,12.3,8.7,8.13,6.68,0.89,56,5.43,4,7,9,11,12,12,13,14,14,15,16,17,18,19,19,21,23,24,26
15040004994078,00004d41-3200-0400-0000-00000056e528,60,7,27.03,33.57149,-7.67197,4,16:00-21:00,1,18.2,18.0,16.0,5.5,6.1,5.41,1.08,399,3.23,9,12,13,14,15,15,16,17,17,18,19,19,20,21,22,23,24,25,27
15040002832928,00004d41-3200-0400-0000-00000056e529,60,7,56.1,33.57171,-7.6721,4,16:00-21:00,1,18.2,18.0,15.9,5.4,12.7,11.22,1.08,399,6.7,9,12,13,14,15,15,16,17,17,18,19,19,20,21,22,23,24,25,27
15040004287318,00004d41-3200-0400-0000-00000056e52b,60,7,32.95,33.57099,-7.67164,4,16:00-21:00,1,18.4,18.0,16.0,5.7,7.4,6.59,1.04,447,3.9,9,11,13,14,15,16,16,17,18,18,19,20,21,21,22,23,24,25,28
15040003258220,00004d41-3200-0400-0000-00000056e52c,60,7,30.9,33.57125,-7.67182,4,16:00-21:00,1,18.4,18.0,16.1,5.5,6.93,6.18,1.09,367,3.76,10,12,14,14,15,15,16,17,18,18,19,20,21,21,22,23,24,25,27
15040003887587,00004d41-3200-0400-0000-00000056e52d,60,7,20.4,33.57111,-7.67138,4,16:00-21:00,1,21.6,22.0,16.1,9.0,4.56,3.34,1.15,42,4.11,7,14,14,16,17,18,19,19,22,22,22,23,24,24,25,27,29,31,32
15040004994081,00004d41-3200-0400-0000-00000056e530,60,7,27.07,33.57119,-7.67118,4,16:00-21:00,1,20.9,22.0,16.0,7.2,6.1,4.43,1.19,41,5.48,7,14,14,16,17,18,19,20,22,22,22,23,24,24,24,25,27,29,32
15040002832919,00004d41-3200-0400-0000-00000056e531,60,7,25.2,33.57129,-7.67092,4,16:00-21:00,1,22.7,22.0,16.3,13.4,5.56,4.12,1.16,42,5.09,7,14,14,16,17,18,19,20,22,22,22,23,24,24,25,27,29,31,32
15040004994096,00004d41-3200-0400-0000-00000056e536,60,4,50.2,33.57132,-7.66958,4,16:00-21:00,1,25.7,26.0,20.5,9.6,8.83,6.95,1.14,2947,7.13,9,13,15,17,19,20,22,24,25,26,28,29,30,31,32,34,35,37,39
15040004994087,00004d41-3200-0400-0000-00000056e538,60,7,29.84,33.5725,-7.66979,4,16:00-21:00,1,29.3,28.0,14.4,20.2,7.47,3.84,1.37,50,10.56,3,5,12,16,21,22,23,26,27,28,29,30,34,34,36,37,40,41,51
15040003887534,00004d41-3200-0400-0000-00000056e53d,60,7,24.55,33.57238,-7.67008,4,16:00-21:00,1,25.0,25.0,15.6,12.2,5.65,3.54,1.13,50,6.17,4,6,12,15,16,19,22,23,24,25,26,27,29,30,32,34,36,40,46
15040004094445,00004d41-3200-0400-0000-00000056e53e,60,7,40.39,33.57228,-7.67032,4,16:00-21:00,1,21.2,21.0,15.8,9.3,9.23,6.92,0.96,54,7.02,6,7,11,12,15,16,18,20,21,21,23,24,25,25,27,28,30,32,40
15040004994097,00004d41-3200-0400-0000-00000056e548,60,4,38.68,33.57104,-7.67003,4,16:00-21:00,1,21.1,21.0,10.8,12.1,12.96,6.63,1.06,4679,16.41,3,4,6,8,11,14,16,18,20,21,23,25,26,28,30,31,34,37,41
15040005942709,00004d41-3200-0400-0000-00000056e54b,60,3,100.06,33.57085,-7.66878,4,16:00-21:00,1,15.4,13.0,9.1,10.4,39.58,27.71,1.09,10117,29.36,4,5,5,5,6,7,8,9,11,13,15,17,19,22,23,25,27,30,34
15040004740394,00004d41-3200-0400-0000-00000056e566,60,7,12.23,33.57057,-7.67137,4,16:00-21:00,1,20.7,19.0,14.2,10.4,3.09,2.32,0.89,810,3.2,6,8,11,12,13,15,16,17,18,19,21,22,24,25,26,28,31,34,40
15040002832780,00004d41-3200-0400-0000-00000056e5a9,60,4,7.32,33.56953,-7.67351,4,16:00-21:00,1,23.5,23.0,17.0,9.1,1.55,1.15,1.0,2439,3.28,9,12,14,16,17,18,20,21,22,23,24,26,27,28,30,31,33,35,38
15040004531895,00004d41-3200-0400-0000-00000056e5ba,60,3,17.96,33.57158,-7.66904,4,16:00-21:00,1,23.1,23.0,18.8,8.2,3.44,2.81,1.05,9963,3.07,10,12,14,16,18,19,20,21,22,23,24,25,26,27,28,30,31,33,36
15040004531897,00004d41-3200-0400-0000-00000056e5c0,60,3,21.69,33.57169,-7.66928,4,16:00-21:00,1,18.2,19.0,12.6,7.8,6.22,4.11,1.2,9275,7.17,5,7,9,11,13,14,16,17,18,19,20,20,21,22,23,24,25,27,30
15040006412495,00004d41-3200-0400-0000-00000056e5c3,60,6,79.34,33.56684,-7.67979,4,16:00-21:00,1,29.9,31.0,25.0,8.8,11.43,9.21,1.04,2023,10.43,15,18,20,23,25,27,28,29,30,31,32,32,33,34,35,37,38,40,43
15040003777865,00004d41-3200-0400-0000-00000056e5c4,60,6,27.62,33.56715,-7.67902,4,16:00-21:00,1,31.2,31.0,25.2,11.1,3.95,3.21,0.97,2042,4.5,13,18,20,22,24,26,27,28,29,31,32,33,35,36,38,40,42,45,50
15040004094473,00004d41-3200-0400-0000-00000056e5c6,60,6,15.0,33.56609,-7.68146,4,16:00-21:00,1,23.8,24.0,17.9,8.5,3.01,2.25,1.0,2178,5.14,10,13,15,17,18,20,21,22,23,24,25,26,27,28,29,31,32,34,37
15040002544489,00004d41-3200-0400-0000-00000056e5c7,60,6,56.1,33.56616,-7.68133,4,16:00-21:00,1,23.3,23.0,19.9,7.0,10.13,8.78,1.03,2170,9.4,12,15,17,18,19,20,21,22,22,23,24,25,26,26,27,28,30,32,35
15040002542696,00004d41-3200-0400-0000-00000056e5e6,60,6,78.04,33.56949,-7.67816,4,16:00-21:00,1,15.5,15.0,11.9,6.8,23.58,18.73,1.37,552,15.9,5,7,8,9,11,11,13,14,14,15,16,17,18,19,20,21,23,24,27
15040004994162,00004d41-3200-0400-0000-00000056e5e8,60,7,21.63,33.57419,-7.67295,4,16:00-21:00,1,16.7,16.0,12.9,7.5,6.06,4.87,1.11,105,3.9,6,7,8,9,10,11,13,15,16,16,17,18,20,20,21,23,24,27,29
15040002832740,00004d41-3200-0400-0000-00000056e5e9,60,7,45.96,33.57433,-7.67283,4,16:00-21:00,1,18.3,18.0,15.0,7.2,11.04,9.19,0.94,72,5.79,7,8,9,11,13,14,16,16,18,18,20,20,21,22,23,24,26,29,30
15040004976576,00004d41-3200-0400-0000-00000056e5ea,60,7,30.62,33.57446,-7.67254,4,16:00-21:00,1,16.3,16.0,12.7,6.5,8.67,6.89,1.12,34,6.51,4,9,10,10,12,14,14,15,16,16,17,18,18,19,20,22,22,25,27
15040002595691,00004d41-3200-0400-0000-00000056e5f4,60,6,30.4,33.56922,-7.67427,4,16:00-21:00,1,31.9,33.0,25.0,10.7,4.38,3.32,1.12,2204,5.27,13,17,20,23,25,27,29,31,32,33,34,35,37,38,39,40,42,44,48
15040002832686,00004d41-3200-0400-0000-00000056e5f9,60,4,5.41,33.56964,-7.67342,4,16:00-21:00,1,24.5,23.0,17.5,11.5,1.11,0.85,1.0,3496,1.25,8,11,13,15,17,18,19,21,22,23,24,26,27,29,31,32,35,40,46
15040003877217,00004d41-3200-0400-0000-00000056e5fb,60,4,7.52,33.56962,-7.67348,4,16:00-21:00,1,24.6,24.0,16.9,11.5,1.61,1.13,1.08,3617,3.03,8,11,13,15,17,18,20,21,22,24,25,26,27,29,31,33,35,39,46
15040002558980,00004d41-3200-0400-0000-00000056e5fd,60,4,57.28,33.5704,-7.67173,4,16:00-21:00,1,28.6,29.0,23.4,9.9,8.8,7.11,0.94,3531,6.9,12,15,17,20,22,23,24,26,28,29,31,32,34,35,36,37,38,41,43
15040004981066,00004d41-3200-0400-0000-00000056e5fe,60,4,27.21,33.57015,-7.67227,4,16:00-21:00,1,25.8,26.0,20.6,9.7,4.76,3.77,0.89,3472,4.49,10,13,15,17,19,20,21,23,24,26,27,29,30,31,33,34,36,38,42
15040002561250,00004d41-3200-0400-0000-00000056e5ff,60,4,56.14,33.57008,-7.67222,4,16:00-21:00,1,22.4,22.0,16.4,10.1,12.3,9.19,0.98,4872,10.16,6,9,11,13,15,16,18,20,21,22,23,25,26,28,30,32,34,36,39
15040002562586,00004d41-3200-0400-0000-00000056e600,60,4,44.0,33.57032,-7.67169,4,16:00-21:00,1,21.0,21.0,14.0,10.5,11.3,7.54,0.99,4835,9.6,5,6,8,11,14,15,17,18,20,21,22,24,25,27,28,30,32,34,38
15040002571353,00004d41-3200-0400-0000-00000056e601,60,3,87.85,33.57037,-7.66805,4,16:00-21:00,1,15.6,13.0,9.1,10.5,34.9,24.33,1.05,11332,28.09,3,4,5,6,7,8,9,10,11,13,15,16,18,21,23,25,28,32,35
15040003877216,00004d41-3200-0400-0000-00000056e603,60,4,7.33,33.56956,-7.67344,4,16:00-21:00,1,12.3,10.0,3.9,11.0,6.78,2.64,1.88,150,15.55,2,2,2,3,5,6,7,7,8,10,12,13,14,15,16,18,20,24,31
15040003888251,00004d41-3200-0400-0000-00000056e605,60,4,5.03,33.56956,-7.67344,4,16:00-21:00,1,18.8,18.0,12.5,9.3,1.45,1.01,1.0,4898,1.62,5,7,9,10,12,13,14,16,17,18,19,21,22,24,25,27,29,31,35
15040002600912,00004d41-3200-0400-0000-00000056e606,60,4,76.1,33.56958,-7.67339,4,16:00-21:00,1,21.0,21.0,18.3,6.5,14.94,13.05,0.86,4833,9.78,11,13,14,15,17,18,18,19,20,21,22,23,23,24,25,26,28,29,32
15040002832949,00004d41-3200-0400-0000-00000056e609,60,7,49.38,33.56728,-7.67244,4,16:00-21:00,1,14.7,14.0,10.9,7.4,16.38,12.7,1.01,235,13.27,5,7,8,9,10,11,11,12,13,14,15,16,17,18,19,20,21,22,26
15040005845899,00004d41-3200-0400-0000-00000056e60a,60,7,7.61,33.56749,-7.67291,4,16:00-21:00,1,12.9,12.0,7.8,7.6,3.51,2.28,0.89,129,3.85,3,4,5,6,7,8,8,9,11,12,14,15,16,17,18,19,21,24,26
15040003888227,00004d41-3200-0400-0000-00000056e60d,60,7,9.87,33.56654,-7.67417,4,16:00-21:00,1,19.4,19.0,11.0,10.0,3.22,1.87,1.11,197,5.12,3,7,9,10,12,15,16,16,18,19,20,22,23,24,26,27,29,31,37
15040004094485,00004d41-3200-0400-0000-00000056e60e,60,7,13.48,33.56645,-7.67417,4,16:00-21:00,1,20.8,19.0,14.7,9.1,3.31,2.55,1.14,262,6.79,8,11,13,14,15,16,17,18,19,19,20,22,23,24,25,27,29,31,37
15040002548640,00004d41-3200-0400-0000-00000056e610,60,7,198.24,33.56437,-7.67623,4,16:00-21:00,1,22.6,23.0,18.9,6.2,37.77,31.03,1.23,113,31.09,12,15,17,18,19,20,21,22,22,23,23,24,25,27,28,28,29,30,31
15040004736168,00004d41-3200-0400-0000-00000056e613,60,6,10.44,33.56553,-7.67653,4,16:00-21:00,1,20.7,21.0,13.1,10.4,2.88,1.79,1.0,1518,3.5,5,6,9,11,13,15,17,19,20,21,22,23,24,25,27,28,30,33,37
15040003778066,00004d41-3200-0400-0000-00000056e614,60,6,121.27,33.56544,-7.6765,4,16:00-21:00,1,27.0,27.0,23.3,8.5,18.71,16.17,1.07,1292,13.3,13,16,18,20,22,23,25,25,26,27,28,29,30,31,32,33,35,36,41
15040006412664,00004d41-3200-0400-0000-00000056e61b,60,7,119.68,33.56323,-7.67879,4,16:00-21:00,1,20.3,20.0,17.6,7.2,24.55,21.54,1.04,221,11.97,10,12,14,15,15,16,17,18,19,20,21,22,23,23,25,26,27,29,30
15040003778056,00004d41-3200-0400-0000-00000056e61c,60,7,10.04,33.56418,-7.67941,4,16:00-21:00,1,18.8,17.0,10.6,11.6,3.4,2.13,0.97,522,3.61,4,5,7,8,9,10,12,14,16,17,19,21,22,24,26,28,31,35,41
15040003877901,00004d41-3200-0400-0000-00000056e625,60,6,16.13,33.56182,-7.68145,4,16:00-21:00,1,19.5,19.0,13.4,9.7,4.33,3.06,1.16,1938,3.83,5,7,8,10,12,13,15,16,18,19,21,22,24,25,27,28,30,32,35
15040002539943,00004d41-3200-0400-0000-00000056e631,60,4,83.98,33.56065,-7.68087,4,16:00-21:00,1,35.2,36.0,30.3,9.6,9.97,8.4,1.0,3590,9.4,19,23,25,27,29,31,32,33,35,36,37,38,39,40,41,43,44,46,50
15040004094492,00004d41-3200-0400-0000-00000056e63e,60,6,93.56,33.56289,-7.68203,4,16:00-21:00,1,23.8,23.0,21.4,6.7,15.74,14.64,1.0,501,7.95,14,16,18,19,20,21,21,22,23,23,24,25,26,26,27,29,30,32,35
15040002545510,00004d41-3200-0400-0000-00000056e643,60,6,116.41,33.56792,-7.67717,4,16:00-21:00,1,19.1,19.0,15.2,6.7,27.57,22.06,1.04,1508,27.25,8,10,12,14,15,16,17,18,18,19,20,21,22,22,23,25,26,27,30
15040003778806,00004d41-3200-0400-0000-00000056e644,60,6,21.3,33.5669,-7.67689,4,16:00-21:00,1,24.5,25.0,14.9,10.8,5.15,3.07,0.91,1476,11.69,6,10,13,15,17,19,21,23,24,25,26,27,28,30,31,33,35,38,43
15040002544478,00004d41-3200-0400-0000-00000056e646,60,7,106.59,33.56497,-7.67993,4,16:00-21:00,1,20.8,20.0,18.0,6.7,21.36,19.19,0.84,599,15.36,10,12,14,15,16,17,18,19,20,20,21,22,23,24,25,26,28,30,32
15040002605815,00004d41-3200-0400-0000-00000056e64a,60,7,52.98,33.56183,-7.67066,4,16:00-21:00,1,17.4,18.0,11.8,6.6,16.12,10.6,1.38,35,22.01,4,9,10,11,14,15,15,16,17,18,19,19,21,21,22,22,25,25,27
15040002564556,00004d41-3200-0400-0000-00000056e64d,60,7,43.67,33.56183,-7.67066,4,16:00-21:00,1,21.4,18.0,11.8,14.4,13.32,8.73,1.29,44,15.99,5,6,8,9,11,15,15,16,17,18,20,20,22,23,25,36,38,43,51
15040002832898,00004d41-3200-0400-0000-00000056e651,60,3,22.66,33.5648,-7.6678,4,16:00-21:00,1,30.6,28.0,20.7,15.7,3.93,2.91,1.07,4602,4.82,9,12,14,17,19,21,23,25,27,28,30,32,35,37,40,44,48,53,60
15040004976611,00004d41-3200-0400-0000-00000056e652,60,3,225.95,33.565,-7.66776,4,16:00-21:00,1,30.8,32.0,22.8,14.4,35.64,25.42,0.96,4435,23.34,10,12,14,16,17,20,22,25,28,32,35,37,39,41,43,45,46,49,52
15040004094496,00004d41-3200-0400-0000-00000056e65e,60,7,28.32,33.56731,-7.66689,4,16:00-21:00,1,13.7,12.0,3.8,12.2,26.65,8.5,0.95,3596,31.12,1,1,2,2,2,3,4,6,9,12,14,16,17,19,21,23,26,30,39
15040003888165,00004d41-3200-0400-0000-00000056e665,60,7,10.96,33.5648,-7.66792,4,16:00-21:00,1,18.3,17.0,12.0,10.5,3.29,2.32,1.11,1285,2.99,5,6,8,9,10,12,13,14,15,17,18,20,21,23,25,26,28,31,36
15040003778784,00004d41-3200-0400-0000-00000056e66c,60,7,44.81,33.56287,-7.67404,4,16:00-21:00,1,19.7,20.0,15.8,6.9,10.22,8.07,1.05,98,7.71,6,11,12,14,15,16,18,19,20,20,21,21,22,23,24,24,25,28,32
15040003888160,00004d41-3200-0400-0000-00000056e66d,60,7,33.44,33.563,-7.67358,4,16:00-21:00,1,19.7,21.0,15.8,6.5,7.63,5.73,1.04,100,6.3,5,11,13,14,16,17,18,20,20,21,21,22,22,23,24,24,25,26,29
15040004094500,00004d41-3200-0400-0000-00000056e66e,60,7,8.08,33.5627,-7.67462,4,16:00-21:00,1,23.8,23.0,18.6,8.2,1.56,1.26,0.98,554,2.42,11,14,16,17,19,20,21,22,22,23,24,25,26,28,29,30,32,34,38
15040002551730,00004d41-3200-0400-0000-00000056e67d,60,7,44.72,33.56633,-7.67417,4,16:00-21:00,1,20.3,20.0,14.4,8.0,11.2,8.05,1.01,222,16.21,8,10,13,14,16,16,17,18,19,20,21,22,23,24,26,27,28,30,32
15040004094505,00004d41-3200-0400-0000-00000056e67e,60,7,14.49,33.56593,-7.67419,4,16:00-21:00,1,21.3,22.0,16.9,7.8,3.08,2.37,1.13,200,2.23,6,11,13,14,16,17,19,20,21,22,23,24,24,26,27,28,29,30,34
15040004094510,00004d41-3200-0400-0000-00000056e686,60,7,31.29,33.56361,-7.67436,4,16:00-21:00,1,23.3,24.0,17.7,7.6,6.35,4.69,1.28,196,7.04,9,13,17,18,20,21,22,22,23,24,25,26,26,28,29,29,30,31,33
15040004643240,00004d41-3200-0400-0000-00000056e687,60,7,53.38,33.56333,-7.67439,4,16:00-21:00,1,23.7,24.0,19.3,8.2,9.94,8.01,1.09,406,7.23,10,14,16,17,18,20,21,22,23,24,25,25,26,28,29,30,32,33,36
15040004994214,00004d41-3200-0400-0000-00000056e688,60,7,34.05,33.56272,-7.67454,4,16:00-21:00,1,18.0,17.0,14.9,6.3,8.24,7.21,1.01,467,9.17,10,11,12,13,14,15,15,16,16,17,18,19,20,21,22,23,24,25,29
15040002833442,00004d41-3200-0400-0000-00000056e689,60,7,15.01,33.56282,-7.67419,4,16:00-21:00,1,18.6,18.0,16.2,5.7,3.34,3.0,0.88,100,1.75,9,11,13,14,15,16,17,18,18,18,19,20,21,21,22,23,24,25,28
15040004976640,00004d41-3200-0400-0000-00000056e68a,60,7,60.26,33.56333,-7.67439,4,16:00-21:00,1,18.0,18.0,15.9,5.3,13.67,12.05,1.11,586,7.45,9,11,13,14,14,15,16,17,17,18,19,19,20,21,21,22,23,25,27
15040006412584,00004d41-3200-0400-0000-00000056e68b,60,7,23.76,33.56428,-7.67401,4,16:00-21:00,1,19.3,20.0,16.6,5.5,5.14,4.28,1.14,105,3.26,9,12,13,15,16,18,18,18,19,20,20,21,22,22,23,24,25,26,28
15040002554743,00004d41-3200-0400-0000-00000056e68c,60,7,37.01,33.56426,-7.67375,4,16:00-21:00,1,19.0,20.0,9.1,5.7,14.6,6.66,1.84,100,66.01,9,12,13,15,16,17,18,18,19,20,20,21,22,22,22,23,25,25,27
15040002833447,00004d41-3200-0400-0000-00000056e691,60,7,115.68,33.56254,-7.67189,4,16:00-21:00,1,16.0,17.0,12.0,5.9,34.75,24.5,1.47,34,30.59,3,7,10,13,13,14,15,15,17,17,18,18,19,19,19,21,22,24,24
15040002567728,00004d41-3200-0400-0000-00000056e69a,60,7,124.36,33.56618,-7.66996,4,16:00-21:00,1,11.3,9.7,7.4,8.8,60.19,46.2,0.97,32,35.87,4,4,4,4,5,6,7,9,10,10,10,10,11,12,13,14,16,23,33
15040004994228,00004d41-3200-0400-0000-00000056e6a0,60,7,58.15,33.56911,-7.67055,4,16:00-21:00,1,20.7,21.0,17.6,6.4,11.9,9.97,1.04,496,9.71,10,12,15,16,17,18,19,19,20,21,22,22,23,24,24,25,27,28,31
15040002564525,00004d41-3200-0400-0000-00000056e6a1,60,7,50.52,33.56859,-7.6706,4,16:00-21:00,1,16.7,16.0,12.2,6.4,14.97,11.37,1.0,487,18.15,6,9,11,12,13,14,15,15,16,16,17,18,19,19,20,21,22,24,27
15040002605824,00004d41-3200-0400-0000-00000056e6a3,60,7,99.05,33.5705,-7.67127,4,16:00-21:00,1,22.4,22.0,18.9,7.0,18.83,16.21,0.98,673,14.27,11,14,16,17,18,19,20,21,22,22,23,24,25,26,27,27,29,31,33
15040002564003,00004d41-3200-0400-0000-00000056e6a4,60,7,70.76,33.56971,-7.67076,4,16:00-21:00,1,23.1,23.0,19.7,6.6,12.95,11.08,1.05,586,11.72,12,15,17,18,19,20,21,22,23,23,24,25,26,26,27,28,29,31,33
15040002541743,00004d41-3200-0400-0000-00000056e6bf,60,7,51.15,33.56241,-7.67942,4,16:00-21:00,1,21.6,22.0,19.3,5.9,9.56,8.37,1.03,73,4.29,8,15,16,18,19,19,20,21,21,22,23,23,24,25,25,26,29,29,29
15040004994256,00004d41-3200-0400-0000-00000056e6c0,60,7,30.65,33.56199,-7.67919,4,16:00-21:00,1,22.1,22.0,19.8,6.2,5.59,5.02,0.99,98,2.58,10,15,17,18,19,19,20,21,22,22,23,23,24,25,26,28,29,29,34
15040002833431,00004d41-3200-0400-0000-00000056e6c1,60,7,14.46,33.56207,-7.68057,4,16:00-21:00,1,22.9,23.0,20.7,6.4,2.52,2.26,0.96,153,1.12,13,17,18,19,20,20,21,21,22,23,23,24,24,25,26,27,28,29,31
15040003228652,00004d41-3200-0400-0000-00000056e6c2,60,7,71.95,33.56203,-7.68072,4,16:00-21:00,1,17.1,17.0,14.5,6.7,17.87,15.24,1.01,148,9.05,7,9,10,12,13,14,15,16,16,17,18,18,19,19,20,21,22,24,27
15040002580438,00004d41-3200-0400-0000-00000056e6c3,60,7,32.94,33.56147,-7.68085,4,16:00-21:00,1,21.7,21.0,19.3,6.9,6.15,5.65,0.88,36,2.47,9,12,16,17,18,18,19,19,21,21,22,23,23,25,26,27,28,31,36
15040002544488,00004d41-3200-0400-0000-00000056e6c4,60,7,62.48,33.56158,-7.68052,4,16:00-21:00,1,21.8,21.0,18.4,7.4,12.2,10.71,0.99,34,6.82,8,12,16,17,18,18,19,19,21,21,22,23,25,26,28,28,28,31,36
15040002583165,00004d41-3200-0400-0000-00000056e6c8,60,7,82.37,33.56184,-7.67893,4,16:00-21:00,1,22.0,22.0,19.6,6.2,15.13,13.48,0.97,99,7.0,10,14,16,18,18,19,20,21,22,22,23,23,24,25,26,28,29,29,34
15040004643485,00004d41-3200-0400-0000-00000056e6cf,60,7,26.86,33.56201,-7.67014,4,16:00-21:00,1,19.0,19.0,13.4,9.0,7.19,5.09,1.05,78,8.04,7,9,10,10,12,14,15,17,18,19,19,20,21,22,23,25,27,31,37
15040004994269,00004d41-3200-0400-0000-00000056e6d0,60,7,19.46,33.56211,-7.66987,4,16:00-21:00,1,19.2,19.0,13.6,8.9,5.16,3.69,1.04,76,5.9,7,9,10,11,13,15,16,18,18,19,20,20,21,22,23,25,27,31,37
15040003887985,00004d41-3200-0400-0000-00000056e6d5,60,6,18.69,33.56059,-7.68106,4,16:00-21:00,1,16.5,14.0,11.6,9.2,5.81,4.81,0.97,453,4.03,5,6,7,8,9,10,11,13,13,14,16,17,19,21,23,25,26,29,33
15040002553049,00004d41-3200-0400-0000-00000056e6e4,60,6,62.14,33.55919,-7.67493,4,16:00-21:00,1,10.8,6.8,5.5,9.7,40.98,32.9,0.97,926,34.11,2,3,3,3,4,4,5,5,6,7,8,10,12,14,16,19,21,23,27
15040003887998,00004d41-3200-0400-0000-00000056e6e5,60,6,14.25,33.55974,-7.67504,4,16:00-21:00,1,20.3,20.0,11.3,10.9,4.52,2.57,1.09,1699,8.41,4,6,8,10,12,14,16,18,19,20,21,23,24,25,27,28,30,33,37
15040002567666,00004d41-3200-0400-0000-00000056e6e9,60,4,57.63,33.56119,-7.67022,4,16:00-21:00,1,12.5,9.5,7.1,9.3,29.41,21.84,1.0,6069,22.24,3,4,4,4,5,5,6,7,8,10,11,13,15,17,19,21,23,26,30
15040002549476,00004d41-3200-0400-0000-00000056e6f2,60,4,117.24,33.55974,-7.67504,4,16:00-21:00,1,28.6,28.0,23.2,9.7,18.19,15.07,0.96,4482,15.08,11,16,19,21,23,24,26,28,28,28,29,30,31,33,36,37,39,42,42
15040002555302,00004d41-3200-0400-0000-00000056e6f4,60,4,73.36,33.56011,-7.67386,4,16:00-21:00,1,33.2,30.0,25.6,12.9,10.31,8.8,0.96,4599,12.35,14,18,20,24,26,27,27,28,29,30,32,33,37,40,43,45,48,51,57
15040002564746,00004d41-3200-0400-0000-00000056e6f9,60,4,49.32,33.56102,-7.67071,4,16:00-21:00,1,18.9,19.0,10.8,10.8,16.49,9.34,0.94,6007,16.87,3,4,6,8,10,12,13,15,17,19,20,22,23,25,27,29,31,33,37
15040002605816,00004d41-3200-0400-0000-00000056e6fb,60,4,26.21,33.56094,-7.67097,4,16:00-21:00,1,23.8,25.0,15.1,10.6,6.27,3.77,0.85,6046,7.94,5,8,12,14,16,18,20,22,23,25,26,28,29,30,32,33,35,37,40
15040002562692,00004d41-3200-0400-0000-00000056e6fd,60,4,27.26,33.56085,-7.67125,4,16:00-21:00,1,25.9,27.0,16.9,10.9,5.79,3.63,0.85,6065,7.65,6,10,14,16,18,20,22,24,26,27,29,30,31,32,34,35,37,39,42
15040002833591,00004d41-3200-0400-0000-00000056e701,60,4,24.38,33.56069,-7.67178,4,16:00-21:00,1,30.9,33.0,23.2,10.8,3.79,2.66,0.82,6061,4.34,11,15,19,21,24,26,29,30,32,33,34,35,36,37,38,40,41,43,46
15040003258661,00004d41-3200-0400-0000-00000056e703,60,4,28.42,33.56061,-7.67207,4,16:00-21:00,1,32.3,34.0,25.6,10.7,3.99,3.01,0.82,6050,3.98,13,17,20,23,25,28,30,32,33,34,35,36,38,39,40,41,42,44,47
15040002604521,00004d41-3200-0400-0000-00000056e705,60,4,26.79,33.56053,-7.67234,4,16:00-21:00,1,33.4,35.0,26.3,11.0,3.67,2.76,0.87,6045,4.34,14,17,20,24,26,29,31,33,34,35,36,37,38,40,41,42,43,45,49
15040002601815,00004d41-3200-0400-0000-00000056e706,60,4,44.7,33.56032,-7.67311,4,16:00-21:00,1,34.5,35.0,27.1,12.9,5.93,4.6,0.94,5943,5.83,14,17,20,23,25,27,30,32,34,35,37,38,40,41,43,45,47,51,56
15040002558872,00004d41-3200-0400-0000-00000056e707,60,4,30.34,33.56045,-7.67265,4,16:00-21:00,1,34.9,36.0,27.6,12.3,3.96,3.03,0.87,6018,4.01,14,18,21,24,27,29,31,33,35,36,37,39,40,41,42,44,46,50,56
15040004994285,00004d41-3200-0400-0000-00000056e710,60,3,22.55,33.56244,-7.66823,4,16:00-21:00,1,29.5,31.0,24.3,10.7,3.35,2.62,1.02,3861,2.03,11,14,17,19,22,25,27,28,29,31,32,33,34,35,36,38,39,42,46
15040002833576,00004d41-3200-0400-0000-00000056e711,60,3,242.51,33.56264,-7.66816,4,16:00-21:00,1,20.8,17.0,15.7,11.8,55.54,51.36,1.01,3678,28.34,8,9,10,11,12,13,14,15,16,17,19,20,22,24,26,29,34,39,46
15040005846742,00004d41-3200-0400-0000-00000056e712,60,7,7.99,33.55685,-7.66701,4,16:00-21:00,1,18.2,16.0,9.0,14.9,3.19,1.8,0.99,207,4.0,3,5,5,6,9,10,11,13,15,16,17,19,20,21,22,25,28,33,40
15040005023982,00004d41-3200-0400-0000-00000056e730,60,4,13.13,33.55484,-7.68626,4,16:00-21:00,1,19.0,19.0,14.7,7.4,3.23,2.49,1.08,2853,4.12,7,10,12,13,14,15,16,17,18,19,19,20,21,22,23,24,26,28,31
15040003778778,00004d41-3200-0400-0000-00000056e744,60,6,12.03,33.55254,-7.68513,4,16:00-21:00,1,21.3,22.0,13.5,11.3,3.2,1.97,0.99,590,3.41,5,7,9,11,14,15,17,19,20,22,23,24,25,27,28,29,32,34,39
15040004994292,00004d41-3200-0400-0000-00000056e748,60,7,34.51,33.5511,-7.68285,4,16:00-21:00,1,20.7,19.0,15.7,11.0,7.89,6.54,0.73,51,5.46,8,10,11,12,14,16,16,18,18,19,21,21,23,24,25,25,27,33,40
15040004094539,00004d41-3200-0400-0000-00000056e74a,60,6,103.32,33.55298,-7.68031,4,16:00-21:00,1,19.2,18.0,13.7,10.2,27.22,20.66,1.06,1887,21.77,7,8,8,9,10,11,13,14,16,18,20,21,23,24,26,28,30,34,38
15040003239185,00004d41-3200-0400-0000-00000056e74b,60,6,11.63,33.55212,-7.67989,4,16:00-21:00,1,27.7,27.0,19.8,12.6,2.11,1.55,0.85,2455,2.06,7,12,15,17,19,21,22,24,25,27,28,30,31,33,35,38,41,45,50
15040003239182,00004d41-3200-0400-0000-00000056e74d,60,6,12.55,33.55208,-7.67965,4,16:00-21:00,1,28.6,28.0,20.6,12.7,2.19,1.61,1.03,3264,2.23,9,13,16,18,20,21,23,25,26,28,29,31,33,35,37,39,42,46,51
15040004094538,00004d41-3200-0400-0000-00000056e74e,60,6,102.95,33.55219,-7.67971,4,16:00-21:00,1,29.8,29.0,25.2,9.2,14.72,12.78,0.97,2576,12.3,15,18,20,22,24,26,27,27,28,29,31,32,34,36,37,39,40,41,42
15040003877619,00004d41-3200-0400-0000-00000056e750,60,6,11.28,33.55285,-7.67733,4,16:00-21:00,1,23.5,23.0,15.8,10.9,2.57,1.77,0.98,2228,3.81,6,9,12,14,16,18,19,21,22,23,24,26,27,28,29,31,34,37,43
15040002833438,00004d41-3200-0400-0000-00000056e751,60,6,35.43,33.55294,-7.67738,4,16:00-21:00,1,25.0,24.0,20.2,9.6,6.31,5.31,0.97,2037,4.91,11,14,16,17,19,20,21,22,23,24,25,26,27,29,30,32,34,37,43
15040003778770,00004d41-3200-0400-0000-00000056e754,60,6,11.58,33.55548,-7.67466,4,16:00-21:00,1,19.1,18.0,10.4,11.5,4.03,2.32,1.3,361,8.17,4,6,7,8,10,12,13,15,16,18,20,21,23,25,27,29,31,34,37
15040003888145,00004d41-3200-0400-0000-00000056e755,60,6,132.0,33.55549,-7.67479,4,16:00-21:00,1,25.8,26.0,18.6,9.4,25.62,18.28,1.06,399,30.68,7,12,16,19,21,22,24,25,26,26,27,29,30,32,33,34,35,36,39
15040004643622,00004d41-3200-0400-0000-00000056e757,60,5,11.55,33.55733,-7.67396,4,16:00-21:00,1,29.2,28.0,22.1,10.9,1.89,1.49,1.04,1335,2.53,14,18,20,21,22,23,25,26,27,28,29,30,32,33,35,37,39,43,50
15040004643652,00004d41-3200-0400-0000-00000056e75f,60,3,56.46,33.5554,-7.66677,4,16:00-21:00,1,40.8,38.0,32.2,16.6,6.31,5.35,0.8,5236,4.99,18,23,26,28,30,32,33,35,37,38,40,42,44,46,49,52,57,65,73
15040004737637,00004d41-3200-0400-0000-00000056e763,60,7,10.02,33.5549,-7.66668,4,16:00-21:00,1,36.2,35.0,30.1,12.1,1.2,1.03,0.17,73,0.83,12,23,28,29,30,31,32,32,33,35,36,38,39,41,41,42,47,53,60
15040003888174,00004d41-3200-0400-0000-00000056e765,60,7,11.49,33.55419,-7.6663,4,16:00-21:00,1,25.2,22.0,16.1,17.0,2.57,1.88,0.94,110,2.49,6,7,13,16,18,18,19,20,21,22,23,24,25,27,27,29,34,36,58
15040002833468,00004d41-3200-0400-0000-00000056e769,60,3,24.47,33.55685,-7.66701,4,16:00-21:00,1,41.1,40.0,33.2,15.3,2.66,2.2,1.05,4857,3.85,20,24,27,29,32,34,36,37,38,40,41,42,44,45,47,49,53,62,73
15040002577855,00004d41-3200-0400-0000-00000056e76a,60,3,137.46,33.55663,-7.66698,4,16:00-21:00,1,38.4,38.0,30.2,17.4,16.41,13.02,0.96,4806,9.83,14,16,19,22,25,28,31,33,36,38,40,42,43,45,47,50,54,62,72
15040004994302,00004d41-3200-0400-0000-00000056e778,60,3,35.88,33.55871,-7.66855,4,16:00-21:00,1,45.8,46.0,36.8,15.9,3.51,2.81,1.04,4805,4.37,19,24,28,33,37,40,42,44,45,46,48,49,50,52,54,56,60,65,73
15040002833456,00004d41-3200-0400-0000-00000056e779,60,3,64.02,33.55847,-7.66829,4,16:00-21:00,1,46.2,47.0,37.9,15.8,6.08,4.9,1.02,4802,5.67,20,25,28,32,36,40,42,44,46,47,49,50,51,53,54,57,60,65,73
15040004976690,00004d41-3200-0400-0000-00000056e77a,60,3,31.62,33.55804,-7.66784,4,16:00-21:00,1,46.4,47.0,38.0,15.7,3.0,2.42,1.04,4840,3.25,20,25,29,33,37,40,42,44,46,47,49,50,51,53,55,57,60,65,74
15040002577876,00004d41-3200-0400-0000-00000056e77b,60,3,124.93,33.55782,-7.66762,4,16:00-21:00,1,42.5,41.0,35.9,14.9,12.53,10.97,1.03,4734,9.63,21,25,29,32,34,36,37,39,40,41,42,44,45,46,48,51,54,62,73
15040004094552,00004d41-3200-0400-0000-00000056e77e,60,6,30.96,33.55768,-7.6744,4,16:00-21:00,1,22.2,22.0,17.7,6.3,6.3,5.07,1.06,889,16.79,12,15,17,18,19,19,20,21,22,22,23,24,24,25,26,27,28,29,32
15040002556177,00004d41-3200-0400-0000-00000056e78e,60,5,83.25,33.56032,-7.67311,4,16:00-21:00,1,17.1,15.0,11.0,9.5,27.25,19.98,0.94,62,23.83,5,6,6,8,9,10,12,13,15,15,19,20,21,22,24,25,28,30,32
15040003778803,00004d41-3200-0400-0000-00000056e794,60,5,146.75,33.55838,-7.67299,4,16:00-21:00,1,30.2,31.0,24.5,9.8,21.59,17.04,0.98,84,17.7,11,19,22,25,25,26,27,28,30,31,32,32,33,33,35,37,40,42,45
15040002549497,00004d41-3200-0400-0000-00000056e796,60,6,139.24,33.5579,-7.67461,4,16:00-21:00,1,20.4,22.0,15.4,7.7,32.56,22.78,0.93,807,27.04,6,9,11,13,15,17,18,20,21,22,23,24,24,25,26,27,27,29,31
15040004643671,00004d41-3200-0400-0000-00000056e797,60,6,7.08,33.55913,-7.67492,4,16:00-21:00,1,18.3,19.0,7.7,10.2,3.33,1.34,0.93,914,6.38,2,4,6,9,11,12,14,15,17,19,20,22,23,24,25,27,29,31,35
15040002553059,00004d41-3200-0400-0000-00000056e7a6,60,7,58.03,33.55691,-7.67522,4,16:00-21:00,1,14.2,8.8,9.3,13.7,22.52,23.74,1.12,33,11.49,5,6,6,7,7,7,7,8,9,9,11,12,13,15,16,17,22,23,62
15040006412934,00004d41-3200-0400-0000-00000056e7ab,60,7,10.65,33.557,-7.67522,4,16:00-21:00,1,17.4,13.0,9.2,19.5,4.18,2.95,1.19,41,3.2,3,5,6,6,7,8,10,10,12,13,14,15,16,18,19,20,21,22,72
15040002833416,00004d41-3200-0400-0000-00000056e7b9,60,6,37.22,33.55489,-7.6783,4,16:00-21:00,1,25.7,26.0,21.2,8.3,6.33,5.15,0.99,1810,5.61,12,15,17,19,20,22,23,24,25,26,27,28,29,30,31,32,34,35,39
15040004094569,00004d41-3200-0400-0000-00000056e7be,60,6,17.95,33.55734,-7.67712,4,16:00-21:00,1,29.3,32.0,18.4,12.7,3.52,2.02,1.17,183,4.5,5,10,12,17,21,25,27,29,30,32,33,34,35,37,38,40,41,44,48
15040002548637,00004d41-3200-0400-0000-00000056e7bf,60,6,40.34,33.55749,-7.67719,4,16:00-21:00,1,29.3,32.0,18.5,12.6,7.85,4.54,1.18,188,10.0,5,10,12,17,21,25,27,29,30,32,33,34,35,36,38,39,41,44,48
15040006412938,00004d41-3200-0400-0000-00000056e7c3,60,6,34.21,33.55691,-7.67691,4,16:00-21:00,1,30.0,32.0,20.5,12.2,6.0,3.85,1.13,185,6.57,8,11,15,19,22,25,27,29,31,32,33,34,36,37,39,40,42,45,48
15040003778762,00004d41-3200-0400-0000-00000056e7c4,60,6,16.46,33.5572,-7.67705,4,16:00-21:00,1,29.1,32.0,18.1,12.9,3.28,1.85,1.01,184,4.06,6,9,12,15,19,22,26,28,30,32,33,33,36,37,39,41,42,45,48
15040005846588,00004d41-3200-0400-0000-00000056e7d2,60,5,26.86,33.55492,-7.67471,4,16:00-21:00,1,30.2,30.0,23.8,11.2,4.07,3.22,0.89,2112,3.83,12,16,19,21,23,24,26,27,29,30,31,33,34,36,38,40,41,44,48
15040004643593,00004d41-3200-0400-0000-00000056e7e7,60,5,20.37,33.55548,-7.67466,4,16:00-21:00,1,30.4,30.0,24.8,10.1,2.95,2.44,0.94,2256,3.13,15,18,21,23,24,25,27,28,29,30,31,32,34,35,37,38,40,44,48
15040006071911,00004d41-3200-0400-0000-00000056e7e8,60,5,44.54,33.55566,-7.67465,4,16:00-21:00,1,31.0,32.0,25.2,9.0,6.36,5.01,0.99,2216,8.83,16,20,22,24,26,27,29,30,31,32,32,33,34,35,36,38,39,41,45
15040006412833,00004d41-3200-0400-0000-00000056e7eb,60,7,26.12,33.55566,-7.67465,4,16:00-21:00,1,11.1,9.4,3.8,8.8,24.72,10.0,1.26,57,42.1,1,2,2,3,4,5,5,6,7,9,11,13,15,16,18,19,19,21,29
15040002833266,00004d41-3200-0400-0000-00000056e7f1,60,5,27.78,33.55424,-7.67479,4,16:00-21:00,1,37.5,38.0,31.4,12.0,3.19,2.63,0.98,2105,2.82,17,21,25,28,30,32,34,35,37,38,39,41,42,43,45,46,48,52,57
15040005846489,00004d41-3200-0400-0000-00000056e7f2,60,5,47.08,33.55449,-7.67476,4,16:00-21:00,1,34.9,36.0,30.3,10.1,5.6,4.71,0.99,2094,3.78,17,21,25,27,29,31,32,33,35,36,37,38,39,40,41,43,44,46,51
15040006412818,00004d41-3200-0400-0000-00000056e7f3,60,7,44.57,33.55487,-7.67408,4,16:00-21:00,1,23.1,22.0,15.5,11.9,10.37,7.29,1.3,38,9.23,5,8,11,13,14,15,19,21,22,22,22,23,24,25,33,36,37,42,46
15040003778617,00004d41-3200-0400-0000-00000056e7f4,60,7,29.53,33.55447,-7.67413,4,16:00-21:00,1,23.4,22.0,16.4,12.1,6.5,4.83,1.09,36,5.39,5,9,12,14,14,15,17,19,21,22,22,23,23,26,33,36,39,42,46
15040004094586,00004d41-3200-0400-0000-00000056e7f6,60,6,10.23,33.5536,-7.67767,4,16:00-21:00,1,23.4,23.0,15.9,9.0,2.31,1.6,1.11,1971,5.52,9,13,14,16,17,19,20,21,22,23,25,26,27,28,29,31,32,34,38
15040004643492,00004d41-3200-0400-0000-00000056e7f7,60,6,19.75,33.55369,-7.67771,4,16:00-21:00,1,23.4,23.0,16.2,8.8,4.38,3.09,1.09,1936,10.9,10,13,14,16,17,19,20,21,22,23,24,25,26,28,29,30,32,34,37
15040004976770,00004d41-3200-0400-0000-00000056e81a,60,6,32.36,33.55508,-7.67773,4,16:00-21:00,1,21.9,20.0,13.1,12.2,8.9,5.82,1.08,519,12.1,5,8,9,11,12,13,15,17,18,20,23,25,28,30,32,33,35,37,41
15040006413118,00004d41-3200-0400-0000-00000056e81b,60,6,24.04,33.55497,-7.67805,4,16:00-21:00,1,21.3,20.0,13.5,11.2,6.43,4.33,1.07,503,6.65,5,7,9,11,13,14,15,17,18,20,22,23,25,28,30,32,34,37,40
15040003231653,00004d41-3200-0400-0000-00000056e833,60,5,41.27,33.55208,-7.67965,4,16:00-21:00,1,31.7,32.0,23.2,12.2,6.41,4.64,1.01,1474,9.76,11,15,19,22,24,26,28,30,31,32,33,35,36,37,39,41,43,46,52
15040003779709,00004d41-3200-0400-0000-00000056e834,60,5,33.23,33.55222,-7.67924,4,16:00-21:00,1,35.3,37.0,26.3,12.7,4.55,3.23,1.07,1468,8.0,13,17,21,24,27,30,32,34,36,37,38,39,40,42,43,45,47,50,55
15040004284054,00004d41-3200-0400-0000-00000056e838,60,5,46.62,33.55257,-7.67816,4,16:00-21:00,1,28.3,28.0,19.4,12.5,8.65,5.99,0.94,1465,10.0,7,11,14,18,20,22,24,25,27,28,30,31,33,35,37,39,41,45,50
15040002833606,00004d41-3200-0400-0000-00000056e839,60,5,35.95,33.55273,-7.67769,4,16:00-21:00,1,21.5,21.0,11.8,13.0,10.99,6.16,1.04,1497,11.67,4,5,6,8,10,13,15,17,19,21,23,25,27,28,30,33,36,39,43
15040005300374,00004d41-3200-0400-0000-00000056e843,60,4,20.44,33.55069,-7.67424,4,16:00-21:00,1,38.7,39.0,33.1,12.0,2.22,1.89,1.05,7849,2.57,19,23,26,28,31,33,35,36,38,39,40,42,43,44,46,48,50,54,59
15040003779694,00004d41-3200-0400-0000-00000056e844,60,7,75.82,33.55133,-7.67453,4,16:00-21:00,1,19.1,17.0,14.9,10.2,18.38,16.06,0.9,51,9.04,8,9,9,10,12,13,13,14,15,17,19,21,21,22,23,23,30,36,42
15040004969780,00004d41-3200-0400-0000-00000056e858,60,5,108.49,33.5533,-7.67598,4,16:00-21:00,1,26.8,27.0,23.1,7.5,16.94,14.47,1.0,1972,13.94,15,18,20,21,22,23,24,25,26,27,28,28,29,30,31,32,34,36,39
15040004976812,00004d41-3200-0400-0000-00000056e862,60,5,16.41,33.55377,-7.67498,4,16:00-21:00,1,35.5,34.0,26.7,12.7,2.22,1.74,1.01,2099,4.69,15,19,23,26,28,29,31,32,33,34,36,37,39,40,43,46,49,53,58
15040006412979,00004d41-3200-0400-0000-00000056e863,60,5,39.33,33.5539,-7.6749,4,16:00-21:00,1,36.7,36.0,29.6,12.4,4.78,3.93,0.97,2089,5.33,16,20,24,27,29,31,33,34,35,36,38,39,40,42,44,46,49,54,58
15040004094636,00004d41-3200-0400-0000-00000056e8a6,60,7,28.68,33.55907,-7.67001,4,16:00-21:00,1,18.7,18.0,15.1,6.9,6.85,5.74,0.91,50,4.81,5,10,13,13,16,17,17,17,18,18,19,19,20,21,22,22,25,26,28
15040004288958,00004d41-3200-0400-0000-00000056e8a7,60,7,63.02,33.55915,-7.66972,4,16:00-21:00,1,16.2,16.0,11.3,7.4,20.05,14.18,1.13,51,18.66,4,7,8,10,10,12,13,13,15,16,18,19,19,20,22,22,24,26,28
15040002563178,00004d41-3200-0400-0000-00000056e8c1,60,7,89.14,33.55919,-7.67097,4,16:00-21:00,1,19.7,18.0,16.7,8.0,19.25,17.83,0.92,80,8.35,10,10,11,11,13,15,15,16,17,18,20,21,22,23,24,25,28,31,35
15040004994710,00004d41-3200-0400-0000-00000056e8d8,60,7,35.64,33.55892,-7.67118,4,16:00-21:00,1,19.6,18.0,16.6,8.0,7.74,7.13,0.92,80,3.34,10,10,11,11,13,15,15,16,16,18,20,20,22,23,24,25,28,31,35
15040003888799,00004d41-3200-0400-0000-00000056e8f5,60,3,64.13,33.5549,-7.66668,4,16:00-21:00,1,40.8,39.0,31.3,16.7,7.38,5.92,0.87,5195,6.97,13,22,27,29,32,33,35,36,37,39,40,42,43,45,48,51,57,65,73
15040004995003,00004d41-3200-0400-0000-00000056e8f6,60,3,23.42,33.55436,-7.66644,4,16:00-21:00,1,40.3,38.0,30.8,16.5,2.74,2.22,0.87,5219,2.97,16,22,26,29,31,33,34,36,37,38,40,41,43,44,46,50,56,64,73
15040003779243,00004d41-3200-0400-0000-00000056e964,60,5,12.4,33.55054,-7.68413,4,16:00-21:00,1,25.8,25.0,17.1,11.8,2.6,1.79,0.92,726,4.52,7,11,14,16,18,19,21,22,24,25,26,28,29,31,33,34,37,39,45
15040004737618,00004d41-3200-0400-0000-00000056e968,60,5,14.34,33.55066,-7.68418,4,16:00-21:00,1,25.9,25.0,18.9,10.0,2.74,2.06,0.99,2507,5.97,11,14,17,18,20,21,22,23,24,25,26,28,29,30,32,33,36,38,42
15040002833826,00004d41-3200-0400-0000-00000056e969,60,5,11.74,33.55069,-7.68406,4,16:00-21:00,1,24.6,24.0,16.7,11.4,2.54,1.76,1.08,862,3.38,7,11,13,15,16,18,20,22,23,24,26,27,28,30,31,33,35,38,43
15040004976899,00004d41-3200-0400-0000-00000056e96a,60,5,6.3,33.5504,-7.68398,4,16:00-21:00,1,26.4,26.0,19.8,9.1,1.15,0.87,1.07,1740,2.01,11,15,18,19,21,22,23,24,25,26,28,29,30,31,32,34,35,37,41
15040006412839,00004d41-3200-0400-0000-00000056e96b,60,7,94.0,33.55034,-7.68396,4,16:00-21:00,1,16.4,17.0,13.3,5.6,25.47,19.91,1.14,171,19.46,6,9,11,12,13,14,15,16,16,17,17,18,18,19,20,21,22,23,26
15040002605823,00004d41-3200-0400-0000-00000056e976,60,7,64.67,33.55814,-7.67061,4,16:00-21:00,1,19.8,18.0,16.6,8.2,14.04,12.93,0.92,77,6.17,10,10,11,11,13,15,15,16,17,18,20,22,23,24,25,27,29,32,35
15040004290189,00004d41-3200-0400-0000-00000056e98f,60,5,41.29,33.55961,-7.67283,4,16:00-21:00,1,26.0,25.0,19.4,12.3,7.66,5.95,0.94,71,5.85,7,12,14,18,19,20,21,22,23,25,26,27,29,30,32,34,38,40,52
15040004094687,00004d41-3200-0400-0000-00000056e9be,60,5,34.51,33.55176,-7.68061,4,16:00-21:00,1,29.9,29.0,21.2,12.9,5.86,4.28,0.94,1699,7.04,8,13,17,20,22,24,25,27,28,29,31,32,34,36,38,40,43,46,52
15040004644068,00004d41-3200-0400-0000-00000056e9bf,60,5,43.05,33.55187,-7.68027,4,16:00-21:00,1,20.9,20.0,11.3,13.2,13.69,7.75,1.0,1710,12.91,4,5,6,7,8,10,13,16,18,20,22,25,27,29,31,33,36,38,42
15040004976948,00004d41-3200-0400-0000-00000056e9c8,60,5,25.27,33.55057,-7.684,4,16:00-21:00,1,28.8,29.0,20.4,10.1,4.46,3.14,1.11,1479,9.9,12,17,19,21,22,24,25,27,28,29,30,31,32,33,35,36,38,40,44
15040004644103,00004d41-3200-0400-0000-00000056e9f7,60,5,11.96,33.55054,-7.68413,4,16:00-21:00,1,25.2,25.0,19.4,9.4,2.22,1.72,0.89,1777,3.21,11,13,15,17,19,21,22,23,24,25,26,27,29,30,31,32,34,37,40
15040004995010,00004d41-3200-0400-0000-00000056e9f8,60,5,10.38,33.55045,-7.68407,4,16:00-21:00,1,25.5,25.0,16.7,9.2,2.23,1.49,0.98,1776,6.44,9,14,17,19,20,21,23,24,25,25,27,28,29,30,31,33,34,37,40
15040005847650,00004d41-3200-0400-0000-00000056ea02,60,5,35.36,33.55096,-7.68434,4,16:00-21:00,1,29.3,30.0,24.3,9.2,5.23,4.24,0.91,1640,6.16,14,18,20,22,23,24,26,27,28,30,31,32,33,34,35,36,38,40,44
15040002834021,00004d41-3200-0400-0000-00000056ea29,60,4,63.74,33.55899,-7.67795,4,16:00-21:00,1,31.4,32.0,26.3,10.0,8.72,7.17,1.06,3904,10.16,14,18,21,23,25,26,27,29,30,32,33,35,36,37,38,40,42,43,47
15040002544461,00004d41-3200-0400-0000-00000056ea2b,60,4,26.94,33.55875,-7.67857,4,16:00-21:00,1,29.7,30.0,22.3,11.1,4.34,3.23,1.13,3927,4.38,10,15,18,20,22,24,26,27,29,30,32,33,35,36,38,39,41,43,47
15040004995008,00004d41-3200-0400-0000-00000056ea40,60,5,12.83,33.5504,-7.68398,4,16:00-21:00,1,26.5,26.0,19.8,8.7,2.33,1.78,1.11,1710,4.34,13,17,19,20,21,22,23,24,25,26,27,28,29,30,32,33,35,37,41
15040002834047,00004d41-3200-0400-0000-00000056ea41,60,5,7.49,33.55051,-7.68397,4,16:00-21:00,1,27.9,28.0,20.6,9.3,1.31,0.96,1.11,1723,2.51,13,17,19,21,22,24,25,26,27,28,29,30,31,32,33,35,37,39,43
15040002537656,00004d41-3200-0400-0000-00000056ea8a,60,3,81.56,33.56539,-7.68311,4,16:00-21:00,1,26.3,27.0,21.9,8.0,13.43,10.87,1.04,5785,13.31,12,15,17,19,21,23,24,25,26,27,28,29,30,31,32,33,34,36,38
15040003780179,00004d41-3200-0400-0000-00000056ea8c,60,7,13.01,33.56605,-7.68344,4,16:00-21:00,1,17.0,16.0,6.4,15.3,7.27,2.93,0.91,94,8.61,2,3,3,4,4,6,7,10,13,16,17,18,18,21,22,26,29,37,51
15040004644163,00004d41-3200-0400-0000-00000056ea8f,60,3,31.97,33.56688,-7.68374,4,16:00-21:00,1,31.6,33.0,24.9,10.6,4.63,3.49,1.12,5859,5.69,13,16,20,22,25,27,29,30,32,33,34,35,36,37,39,40,41,44,46
15040006413432,00004d41-3200-0400-0000-00000056ea93,60,3,27.26,33.56776,-7.68438,4,16:00-21:00,1,28.7,29.0,23.6,9.5,4.17,3.38,1.08,5419,4.45,14,17,19,21,22,24,25,26,27,29,30,31,32,34,35,37,38,41,44
15040002537648,00004d41-3200-0400-0000-00000056ea94,60,3,47.91,33.56755,-7.68424,4,16:00-21:00,1,32.4,33.0,26.6,9.6,6.48,5.23,1.1,5407,7.67,15,19,22,24,27,28,30,31,32,33,34,35,37,38,39,40,41,43,47
15040002537649,00004d41-3200-0400-0000-00000056eb1b,60,3,78.13,33.56605,-7.68344,4,16:00-21:00,1,16.7,15.0,11.9,9.6,23.7,18.75,1.07,5231,15.86,6,7,7,8,9,9,10,12,13,15,16,18,20,21,23,25,27,30,34
15040003780111,00004d41-3200-0400-0000-00000056eb1c,60,3,40.31,33.56537,-7.68322,4,16:00-21:00,1,23.9,24.0,20.4,7.0,7.12,6.05,1.12,6038,7.33,12,15,17,19,20,21,22,22,23,24,25,26,26,27,28,29,30,32,35
15040003889205,00004d41-3200-0400-0000-00000056eb1d,60,6,10.21,33.56539,-7.68311,4,16:00-21:00,1,22.0,22.0,18.7,7.1,1.96,1.67,1.09,1302,1.33,10,13,15,16,18,19,20,20,21,22,23,24,24,25,26,27,29,30,33
15040004976991,00004d41-3200-0400-0000-00000056eb2a,60,5,33.18,33.55147,-7.68459,4,16:00-21:00,1,33.8,35.0,25.1,10.7,4.76,3.41,1.04,1667,7.87,15,19,23,25,27,30,31,33,34,35,36,37,38,40,41,42,44,46,49
15040004278599,00004d41-3200-0400-0000-00000056eb2b,60,5,28.19,33.55119,-7.68445,4,16:00-21:00,1,33.4,35.0,25.6,10.2,3.96,2.9,1.03,1661,6.92,15,20,23,25,28,30,31,32,33,35,36,37,38,39,40,41,43,45,49
15040002572218,00004d41-3200-0400-0000-00000056eb48,60,3,37.96,33.56715,-7.68402,4,16:00-21:00,1,32.8,34.0,26.0,10.3,5.26,4.02,1.06,5415,7.48,15,19,21,24,26,28,30,31,33,34,35,36,37,39,40,41,43,45,48
15040004644427,00004d41-3200-0400-0000-00000056eb5f,60,6,13.12,33.56183,-7.68176,4,16:00-21:00,1,26.2,25.0,22.0,9.5,2.15,1.89,0.99,2103,1.36,12,15,17,19,20,21,23,24,25,25,26,28,29,30,31,33,35,38,43
15040004094775,00004d41-3200-0400-0000-00000056eb76,60,5,43.91,33.5553,-7.68649,4,16:00-21:00,1,12.9,11.0,6.7,9.6,23.6,14.37,0.98,1054,20.21,3,3,3,4,4,5,6,7,9,11,13,15,16,18,20,22,24,26,30
15040004644434,00004d41-3200-0400-0000-00000056eb77,60,5,11.48,33.55493,-7.68631,4,16:00-21:00,1,17.1,18.0,10.4,8.1,3.98,2.3,1.0,1299,5.04,3,5,8,10,12,13,14,15,16,18,18,19,20,21,22,24,25,27,30
15040005023981,00004d41-3200-0400-0000-00000056eb78,60,4,13.21,33.555,-7.68619,4,16:00-21:00,1,17.2,17.0,12.4,7.9,3.83,2.8,1.18,2575,4.04,5,7,9,11,12,13,14,15,16,17,18,19,20,21,22,23,25,27,30
15040002834536,00004d41-3200-0400-0000-00000056eb81,60,4,86.13,33.55391,-7.68837,4,16:00-21:00,1,21.5,21.0,16.5,8.8,18.8,14.77,1.08,2328,15.75,7,10,12,14,15,17,18,19,20,21,23,24,25,26,28,29,31,33,35
15040005946479,00004d41-3200-0400-0000-00000056eb93,60,4,51.43,33.55678,-7.68277,4,16:00-21:00,1,28.3,29.0,22.6,9.4,8.19,6.38,0.94,2367,11.02,13,15,18,20,22,23,25,26,28,29,30,32,33,34,35,37,38,40,42
15040002574054,00004d41-3200-0400-0000-00000056eb98,60,4,37.43,33.55652,-7.68323,4,16:00-21:00,1,27.9,29.0,21.3,9.9,6.32,4.65,0.95,2362,7.59,11,14,17,19,21,23,25,26,28,29,30,31,32,34,35,36,38,40,43
15040004094786,00004d41-3200-0400-0000-00000056eba6,60,7,40.78,33.55263,-7.6837,4,16:00-21:00,1,14.6,14.0,10.9,6.2,13.48,10.49,0.83,41,9.45,4,5,7,9,11,12,13,13,14,14,16,17,18,18,19,19,20,22,25
15040004995079,00004d41-3200-0400-0000-00000056ebc8,60,7,48.36,33.54927,-7.68082,4,16:00-21:00,1,17.6,16.0,13.7,8.0,12.74,10.88,0.89,45,8.36,5,9,10,11,12,13,13,15,16,16,19,20,21,21,22,23,24,25,29
15040004995085,00004d41-3200-0400-0000-00000056ebd0,60,7,27.76,33.54837,-7.6829,4,16:00-21:00,1,17.2,17.0,11.9,8.8,8.38,5.88,1.0,210,9.38,5,8,10,11,12,13,14,15,16,17,18,18,19,20,21,22,24,26,29
15040003889653,00004d41-3200-0400-0000-00000056ebd5,60,7,30.66,33.54862,-7.68302,4,16:00-21:00,1,18.4,19.0,13.8,6.4,7.99,5.81,1.06,181,8.37,6,11,12,14,15,16,17,18,18,19,19,20,21,22,23,24,25,26,29
15040003780182,00004d41-3200-0400-0000-00000056ebdc,60,7,29.95,33.54907,-7.68331,4,16:00-21:00,1,19.0,19.0,13.6,6.3,7.92,5.67,1.18,168,11.13,6,11,13,15,16,17,18,18,19,19,20,21,21,22,23,24,25,26,29
15040003889657,00004d41-3200-0400-0000-00000056ebdd,60,7,27.66,33.54885,-7.68313,4,16:00-21:00,1,18.6,19.0,14.4,6.3,6.93,5.24,1.06,177,6.86,6,11,12,14,15,17,17,18,19,19,20,20,21,22,22,24,25,26,29
15040002834649,00004d41-3200-0400-0000-00000056ebe1,60,7,30.57,33.54956,-7.68357,4,16:00-21:00,1,19.1,19.0,14.8,6.1,7.42,5.79,1.06,168,7.59,6,11,13,15,16,17,18,18,19,19,20,21,21,22,23,24,25,26,29
15040002834668,00004d41-3200-0400-0000-00000056ebe9,60,4,109.5,33.54862,-7.68048,4,16:00-21:00,1,27.6,28.0,24.2,7.5,16.27,14.08,1.09,3877,11.74,15,18,20,22,23,24,25,26,27,28,29,30,30,31,32,33,35,36,40
15040005300216,00004d41-3200-0400-0000-00000056ebea,60,4,63.83,33.54776,-7.68107,4,16:00-21:00,1,20.4,20.0,17.2,6.8,13.34,11.49,1.11,3748,9.98,10,12,14,15,16,17,18,19,20,20,21,22,23,24,25,26,27,29,31
15040003878268,00004d41-3200-0400-0000-00000056ebee,60,7,8.57,33.54776,-7.68107,4,16:00-21:00,1,18.1,18.0,7.5,9.8,4.14,1.71,1.31,196,13.31,4,6,9,11,12,13,15,16,17,18,19,20,21,22,22,23,24,26,31
15040002834663,00004d41-3200-0400-0000-00000056ebf1,60,7,30.73,33.54801,-7.68123,4,16:00-21:00,1,13.4,11.0,10.1,8.0,11.0,10.06,0.97,55,5.89,5,6,7,7,8,8,9,9,10,11,12,13,14,16,19,19,22,23,27
15040003780180,00004d41-3200-0400-0000-00000056ebf4,60,7,13.57,33.54814,-7.68277,4,16:00-21:00,1,16.5,15.0,11.7,8.4,4.18,3.26,0.84,219,5.29,6,8,10,11,12,13,13,14,14,15,16,17,18,19,20,21,23,24,28
15040002834674,00004d41-3200-0400-0000-00000056ebf9,60,7,17.04,33.54887,-7.68062,4,16:00-21:00,1,17.5,18.0,8.3,8.2,7.38,3.41,1.36,83,20.21,5,8,9,11,12,13,15,16,17,18,18,19,20,21,22,24,24,25,30
15040004977110,00004d41-3200-0400-0000-00000056ebfa,60,7,9.9,33.54901,-7.68069,4,16:00-21:00,1,18.5,18.0,14.7,9.6,2.42,1.98,0.75,93,1.38,8,9,10,11,12,13,15,16,17,18,19,20,21,22,22,24,24,25,31
15040004094810,00004d41-3200-0400-0000-00000056ec06,60,7,43.96,33.54959,-7.68444,4,16:00-21:00,1,20.7,18.0,10.6,13.8,14.98,8.79,1.36,82,24.95,4,6,11,12,13,14,14,16,18,18,20,21,22,22,24,26,29,33,57
15040006413593,00004d41-3200-0400-0000-00000056ec0b,60,7,106.51,33.54926,-7.68418,4,16:00-21:00,1,20.7,21.0,13.0,11.5,29.6,18.26,1.41,44,30.5,4,6,10,11,11,16,17,18,19,21,21,22,23,24,26,27,33,34,43
15040003780000,00004d41-3200-0400-0000-00000056ec0c,60,7,33.79,33.54843,-7.68362,4,16:00-21:00,1,10.8,8.7,8.1,7.8,14.94,14.0,0.92,32,7.48,4,5,6,6,6,8,8,8,9,9,10,10,10,11,11,12,16,17,23
15040004094814,00004d41-3200-0400-0000-00000056ec16,60,5,42.88,33.55034,-7.68396,4,16:00-21:00,1,24.9,25.0,20.1,8.0,7.69,6.17,1.02,1549,8.59,11,15,17,19,20,21,22,23,24,25,26,27,28,29,30,31,33,35,38
15040004644375,00004d41-3200-0400-0000-00000056ec17,60,5,51.57,33.55,-7.68419,4,16:00-21:00,1,23.8,24.0,18.4,8.5,10.08,7.74,1.11,1530,10.87,8,13,16,17,19,20,21,22,23,24,25,26,27,28,29,30,32,34,37
15040005849842,00004d41-3200-0400-0000-00000056ec22,60,7,12.1,33.54911,-7.6863,4,16:00-21:00,1,20.0,18.0,13.0,10.9,3.36,2.42,0.91,54,3.51,5,7,9,11,13,14,15,16,18,18,20,22,23,23,26,27,30,34,38
15040006413590,00004d41-3200-0400-0000-00000056ec23,60,7,36.92,33.54921,-7.68627,4,16:00-21:00,1,21.0,20.0,16.8,10.2,7.91,6.65,0.76,110,4.88,7,10,13,14,16,17,18,19,19,20,21,21,22,23,24,25,27,29,35
15040004995151,00004d41-3200-0400-0000-00000056ec28,60,5,37.26,33.54897,-7.68481,4,16:00-21:00,1,14.7,13.0,10.1,8.2,13.35,10.32,1.06,1398,11.16,4,5,6,7,8,9,10,11,12,13,15,16,18,19,21,22,24,25,28
15040002834461,00004d41-3200-0400-0000-00000056ec29,60,7,10.3,33.54866,-7.68497,4,16:00-21:00,1,14.5,13.0,9.5,9.5,3.92,2.85,0.96,1423,3.65,4,5,6,7,8,9,10,11,12,13,14,15,16,18,19,21,23,25,28
15040006413685,00004d41-3200-0400-0000-00000056ec33,60,7,30.79,33.54809,-7.6829,4,16:00-21:00,1,11.4,10.0,7.3,8.1,15.29,11.08,0.97,234,15.41,3,4,5,6,7,7,8,9,10,10,11,12,12,13,14,15,16,19,23
15040003780115,00004d41-3200-0400-0000-00000056ec34,60,7,8.15,33.54788,-7.6831,4,16:00-21:00,1,12.3,9.3,5.3,10.8,5.51,3.15,1.04,292,9.4,2,3,3,4,5,6,7,7,8,9,10,12,12,14,16,18,22,24,31
15040004094815,00004d41-3200-0400-0000-00000056ec36,60,4,20.52,33.54726,-7.6814,4,16:00-21:00,1,21.9,22.0,17.8,7.1,4.16,3.36,1.02,6052,5.98,11,14,15,17,18,19,19,20,21,22,23,23,24,25,26,27,28,30,33
15040004644476,00004d41-3200-0400-0000-00000056ec37,60,4,11.93,33.54724,-7.68162,4,16:00-21:00,1,21.4,21.0,18.1,6.5,2.38,2.05,1.02,2859,2.32,12,14,15,17,18,18,19,20,20,21,22,23,23,24,25,26,28,29,32
15040003780895,00004d41-3200-0400-0000-00000056ec3c,60,4,34.2,33.5493,-7.68748,4,16:00-21:00,1,17.9,18.0,11.7,8.5,10.49,6.84,1.36,1688,12.55,4,6,8,10,12,13,14,16,17,18,20,20,22,23,24,25,26,28,31
15040002834595,00004d41-3200-0400-0000-00000056ec41,60,7,89.47,33.55019,-7.68734,4,16:00-21:00,1,18.3,18.0,15.9,5.9,20.24,17.89,0.9,72,10.01,8,11,11,14,15,16,16,17,17,18,19,20,20,21,22,23,25,26,29
15040004644508,00004d41-3200-0400-0000-00000056ec4f,60,7,41.3,33.55095,-7.68856,4,16:00-21:00,1,20.0,20.0,17.2,6.2,8.67,7.43,1.01,135,5.74,10,12,14,16,16,17,18,19,19,20,21,21,22,23,24,24,26,28,30
15040006413717,00004d41-3200-0400-0000-00000056ec5b,60,7,13.68,33.55059,-7.68769,4,16:00-21:00,1,13.5,14.0,11.2,5.1,4.38,3.52,1.06,33,2.17,5,6,7,8,10,11,12,13,14,14,14,15,16,16,16,17,19,20,22
15040003889524,00004d41-3200-0400-0000-00000056ec5d,60,7,29.02,33.55108,-7.68814,4,16:00-21:00,1,13.7,14.0,11.5,5.0,9.06,7.46,1.0,32,4.45,5,7,8,9,10,11,12,13,14,14,14,15,16,16,16,17,19,20,22
15040004094821,00004d41-3200-0400-0000-00000056ec5e,60,7,11.8,33.55087,-7.68796,4,16:00-21:00,1,13.7,14.0,11.5,5.0,3.69,3.03,1.0,32,1.81,5,7,8,9,10,11,12,13,14,14,14,15,16,16,16,17,19,20,22
15040004995166,00004d41-3200-0400-0000-00000056ec60,60,7,11.87,33.55113,-7.68729,4,16:00-21:00,1,17.9,18.0,14.9,6.2,2.87,2.37,1.12,55,1.67,6,11,12,13,14,14,16,17,18,18,18,18,19,21,23,23,24,26,28
15040004977147,00004d41-3200-0400-0000-00000056ec62,60,7,11.0,33.55047,-7.68667,4,16:00-21:00,1,19.9,20.0,17.5,5.5,2.27,1.98,0.89,75,1.33,10,14,15,16,17,19,19,20,20,20,21,21,21,22,22,23,24,25,30
15040006413713,00004d41-3200-0400-0000-00000056ec63,60,7,58.27,33.55043,-7.68678,4,16:00-21:00,1,20.1,20.0,18.9,5.0,11.1,10.49,0.74,49,2.91,12,14,15,16,17,17,18,19,19,20,20,21,22,22,23,24,25,27,30
15040004995207,00004d41-3200-0400-0000-00000056ec80,60,7,28.9,33.55087,-7.68702,4,16:00-21:00,1,18.4,18.0,15.7,5.9,6.63,5.78,0.9,71,3.68,7,11,13,14,15,16,17,17,18,18,19,19,20,21,22,23,25,26,28
15040002835450,00004d41-3200-0400-0000-00000056ec81,60,7,25.22,33.55064,-7.68689,4,16:00-21:00,1,18.3,18.0,15.7,5.8,5.8,5.04,0.93,71,3.21,7,11,13,14,15,16,17,17,18,18,19,19,20,21,22,23,25,26,28
15040003889559,00004d41-3200-0400-0000-00000056ec8d,60,6,25.91,33.55232,-7.68861,4,16:00-21:00,1,18.4,19.0,15.0,6.2,6.21,4.91,0.95,89,4.79,7,10,12,13,14,16,17,17,18,19,19,20,21,22,23,23,25,26,27
15040004644940,00004d41-3200-0400-0000-00000056ec8f,60,6,42.96,33.55253,-7.68871,4,16:00-21:00,1,18.7,19.0,16.3,5.9,9.51,8.14,0.89,88,4.66,7,12,13,14,14,17,17,17,18,19,19,20,21,22,23,24,25,26,27
15040005395568,00004d41-3200-0400-0000-00000056ec93,60,7,46.38,33.55289,-7.68889,4,16:00-21:00,1,15.5,15.0,11.8,6.9,14.19,11.13,0.59,53,9.82,4,7,7,9,12,12,13,14,14,15,16,17,18,20,20,21,22,24,26
15040003889553,00004d41-3200-0400-0000-00000056ec95,60,6,49.11,33.5519,-7.68841,4,16:00-21:00,1,17.4,17.0,15.2,5.3,11.66,10.4,0.95,316,6.42,8,10,13,14,14,15,16,17,17,17,18,18,19,20,20,21,22,24,26
15040002573545,00004d41-3200-0400-0000-00000056eca2,60,4,28.79,33.55386,-7.68828,4,16:00-21:00,1,27.4,28.0,22.6,9.4,4.59,3.7,0.97,2925,3.51,12,15,17,19,21,22,24,26,27,28,30,31,32,33,34,35,37,38,41
15040003889393,00004d41-3200-0400-0000-00000056eca5,60,4,28.7,33.55397,-7.688,4,16:00-21:00,1,27.3,28.0,21.5,9.5,4.8,3.69,0.98,2924,5.85,12,14,16,18,20,22,24,26,27,28,30,31,32,33,34,35,37,38,41
15040004094843,00004d41-3200-0400-0000-00000056eca6,60,4,69.54,33.55409,-7.68773,4,16:00-21:00,1,24.0,25.0,19.1,8.7,13.14,10.01,0.96,2903,12.06,10,13,15,16,18,19,21,22,24,25,26,27,28,28,29,31,32,34,38
15040004977216,00004d41-3200-0400-0000-00000056ecb2,60,7,31.33,33.5541,-7.68592,4,16:00-21:00,1,13.5,14.0,8.3,6.5,13.68,8.06,1.55,32,20.42,5,5,6,6,9,11,11,12,13,14,15,16,16,16,16,17,18,18,28
15040003780691,00004d41-3200-0400-0000-00000056ecc4,60,4,40.49,33.55408,-7.68798,4,16:00-21:00,1,24.3,24.0,19.9,8.5,7.32,6.07,1.08,2344,6.0,10,13,15,17,19,20,21,22,23,24,26,27,27,28,30,31,33,35,37
15040004094844,00004d41-3200-0400-0000-00000056ecc6,60,4,42.72,33.55449,-7.68716,4,16:00-21:00,1,22.6,22.0,17.5,8.9,8.81,6.99,1.12,2308,12.33,10,12,14,15,17,18,19,20,21,22,23,24,25,26,28,29,31,34,38
15040004644796,00004d41-3200-0400-0000-00000056ecc7,60,4,45.3,33.55429,-7.68756,4,16:00-21:00,1,22.9,23.0,18.9,8.4,8.65,7.09,1.07,2320,6.22,10,13,14,16,17,18,19,21,22,23,24,25,26,27,28,30,31,33,36
15040004995261,00004d41-3200-0400-0000-00000056ecc8,60,4,69.08,33.55493,-7.68631,4,16:00-21:00,1,18.6,18.0,14.7,7.9,16.92,13.82,1.2,2337,11.92,7,9,11,12,13,14,15,16,17,18,19,20,21,22,23,25,26,28,31
15040002835296,00004d41-3200-0400-0000-00000056ecc9,60,4,24.29,33.5546,-7.68694,4,16:00-21:00,1,22.0,21.0,16.3,9.3,5.36,4.16,1.19,2330,10.59,9,11,13,15,16,17,17,18,20,21,23,23,25,26,27,29,31,34,38
15040003780880,00004d41-3200-0400-0000-00000056ed0c,60,4,7.76,33.55359,-7.68921,4,16:00-21:00,1,21.2,21.0,13.5,10.6,2.07,1.33,1.0,2177,2.68,6,6,9,11,13,15,16,18,19,21,23,24,26,27,29,30,32,34,38
15040004644968,00004d41-3200-0400-0000-00000056ed0f,60,4,45.5,33.5533,-7.6897,4,16:00-21:00,1,24.4,25.0,19.0,9.2,8.6,6.55,0.96,2844,8.94,9,13,15,16,18,19,21,22,23,25,26,27,28,29,31,32,34,35,39
15040005226711,00004d41-3200-0400-0000-00000056ed10,60,4,9.43,33.55346,-7.68925,4,16:00-21:00,1,25.8,26.0,20.5,9.8,1.66,1.31,0.97,2735,1.64,10,13,15,17,19,20,22,23,25,26,27,29,30,31,32,34,35,38,41
15040002835490,00004d41-3200-0400-0000-00000056ed11,60,6,11.17,33.55356,-7.68928,4,16:00-21:00,1,20.0,18.0,13.0,12.1,3.1,2.23,0.64,66,2.63,6,7,8,10,11,12,14,16,17,18,19,20,22,24,25,26,33,39,45
15040003780893,00004d41-3200-0400-0000-00000056ed1c,60,4,35.9,33.54857,-7.68502,4,16:00-21:00,1,23.8,24.0,18.7,8.9,6.9,5.39,1.04,2253,7.07,10,13,15,17,18,20,21,22,23,24,25,26,26,28,29,30,32,34,37
15040003889600,00004d41-3200-0400-0000-00000056ed1d,60,4,90.34,33.54843,-7.68467,4,16:00-21:00,1,26.9,28.0,20.8,8.8,15.62,11.62,1.08,2214,18.28,10,15,18,20,22,23,24,26,27,28,29,30,31,32,33,34,35,37,40
15040003889610,00004d41-3200-0400-0000-00000056ed2d,60,6,61.17,33.55407,-7.68954,4,16:00-21:00,1,14.3,13.0,9.3,8.2,23.61,16.94,1.2,156,21.06,3,5,6,7,8,10,11,11,12,13,14,15,16,18,19,20,23,25,28
15040004094855,00004d41-3200-0400-0000-00000056ed36,60,4,43.09,33.55563,-7.68497,4,16:00-21:00,1,23.5,24.0,17.6,9.6,8.81,6.46,1.11,2385,10.27,8,11,13,15,17,18,20,21,22,24,25,26,27,29,30,31,33,35,38
15040004094863,00004d41-3200-0400-0000-00000056ed6e,60,6,8.0,33.54506,-7.68572,4,16:00-21:00,1,29.1,28.0,21.9,12.6,1.31,1.03,1.18,1411,1.13,10,13,17,19,21,22,24,25,26,28,29,31,33,34,37,40,43,46,52
15040002835364,00004d41-3200-0400-0000-00000056ed71,60,7,12.65,33.54495,-7.68355,4,16:00-21:00,1,13.7,14.0,8.8,6.9,5.18,3.25,0.67,81,4.95,3,4,6,7,8,9,10,12,12,14,15,16,17,18,19,20,21,23,26
15040004644861,00004d41-3200-0400-0000-00000056ed77,60,6,15.63,33.54494,-7.68371,4,16:00-21:00,1,26.5,27.0,22.1,8.9,2.54,2.08,0.99,1802,1.91,11,15,17,19,21,23,24,25,26,27,28,29,29,31,32,33,35,37,41
15040002835360,00004d41-3200-0400-0000-00000056ed79,60,6,54.92,33.54494,-7.6843,4,16:00-21:00,1,28.5,28.0,24.2,9.7,8.18,7.06,1.05,1826,4.84,12,16,19,21,23,24,26,26,27,28,30,31,32,33,34,35,37,40,44
15040004977291,00004d41-3200-0400-0000-00000056ed7a,60,6,96.61,33.54505,-7.68563,4,16:00-21:00,1,29.6,30.0,24.1,8.9,14.43,11.59,1.14,1409,24.96,13,19,22,24,25,26,27,28,29,30,31,31,32,33,35,36,37,39,43
15040003780747,00004d41-3200-0400-0000-00000056ed7c,60,6,27.35,33.54495,-7.68355,4,16:00-21:00,1,26.0,26.0,20.9,8.6,4.71,3.79,1.01,1978,6.9,12,15,17,19,21,22,23,24,25,26,27,28,29,30,31,32,34,36,40
15040006413976,00004d41-3200-0400-0000-00000056ed8b,60,6,16.57,33.54599,-7.68219,4,16:00-21:00,1,23.2,23.0,20.7,5.5,2.88,2.59,1.0,2006,2.9,14,17,18,19,20,21,21,22,23,23,24,24,25,26,27,27,28,30,32
15040003780779,00004d41-3200-0400-0000-00000056ed8c,60,6,30.18,33.54612,-7.6821,4,16:00-21:00,1,25.4,26.0,22.8,6.3,4.78,4.18,0.96,2004,3.29,15,18,19,21,22,23,24,24,25,26,26,27,28,28,29,30,31,33,35
15040004094866,00004d41-3200-0400-0000-00000056ed8e,60,7,62.93,33.54668,-7.68063,4,16:00-21:00,1,15.8,14.0,10.3,7.9,21.97,16.18,0.98,53,26.62,4,6,7,9,10,11,12,13,14,14,15,16,20,21,22,22,24,28,31
15040004644878,00004d41-3200-0400-0000-00000056ed8f,60,7,87.59,33.54641,-7.68123,4,16:00-21:00,1,14.4,13.0,10.4,6.9,30.32,24.26,0.97,49,24.91,3,7,8,9,10,10,11,12,12,13,14,15,16,18,19,21,22,23,29
15040004995295,00004d41-3200-0400-0000-00000056ed98,60,6,45.29,33.54541,-7.67969,4,16:00-21:00,1,29.4,29.0,23.7,10.3,6.87,5.62,1.05,2480,6.39,13,17,19,21,22,24,26,27,28,29,30,32,33,34,36,38,40,42,46
15040002835384,00004d41-3200-0400-0000-00000056ed99,60,6,83.16,33.54579,-7.67987,4,16:00-21:00,1,24.5,25.0,20.7,7.2,14.48,11.98,1.08,2523,12.75,12,16,18,19,20,21,21,22,24,25,26,27,28,28,29,30,31,33,36
15040004094877,00004d41-3200-0400-0000-00000056eda6,60,6,18.9,33.54541,-7.6828,4,16:00-21:00,1,30.2,31.0,25.7,8.1,2.65,2.19,1.0,2020,3.48,16,19,22,24,26,27,28,29,30,31,32,33,34,35,36,37,38,40,42
15040002835230,00004d41-3200-0400-0000-00000056eda9,60,7,38.09,33.54499,-7.68095,4,16:00-21:00,1,16.8,17.0,14.9,5.6,9.22,8.07,0.99,74,3.61,9,10,11,12,13,14,14,15,17,17,17,18,19,19,19,20,22,24,27
15040004977312,00004d41-3200-0400-0000-00000056edaa,60,7,43.76,33.54434,-7.68291,4,16:00-21:00,1,15.0,15.0,12.6,5.7,12.48,10.5,1.18,36,6.63,6,7,10,13,13,13,14,14,14,15,15,16,16,16,17,18,18,23,28
15040003780715,00004d41-3200-0400-0000-00000056edac,60,7,217.68,33.54499,-7.68095,4,16:00-21:00,1,14.8,15.0,12.2,5.9,64.25,52.24,1.11,63,31.53,6,7,7,8,10,11,12,13,14,15,15,16,17,19,20,20,21,22,24
15040003890041,00004d41-3200-0400-0000-00000056edad,60,7,19.9,33.54464,-7.68321,4,16:00-21:00,1,14.8,15.0,12.2,5.8,5.87,4.78,1.18,100,2.99,6,7,7,9,11,12,13,14,14,15,15,16,16,18,18,19,20,22,24
15040004094881,00004d41-3200-0400-0000-00000056edae,60,7,26.45,33.54478,-7.68336,4,16:00-21:00,1,15.6,15.0,12.0,6.6,7.92,6.35,1.2,233,6.19,6,7,8,10,10,12,13,14,15,15,16,17,18,19,21,21,23,24,26
15040002835315,00004d41-3200-0400-0000-00000056edb1,60,7,90.62,33.54449,-7.68367,4,16:00-21:00,1,17.7,18.0,12.3,7.8,26.62,18.12,1.03,46,26.49,5,7,8,10,12,12,15,17,17,18,19,20,21,23,23,25,27,27,29
15040006413912,00004d41-3200-0400-0000-00000056edb3,60,7,19.1,33.54478,-7.68336,4,16:00-21:00,1,16.4,15.0,11.8,8.1,5.83,4.58,1.13,78,4.89,5,7,8,9,10,12,12,13,15,15,17,18,18,20,21,23,25,27,29
15040003780707,00004d41-3200-0400-0000-00000056edb4,60,7,24.16,33.54465,-7.68349,4,16:00-21:00,1,17.7,18.0,12.3,7.8,7.1,4.83,1.05,46,7.06,5,7,8,10,12,12,15,17,17,18,19,20,21,23,23,25,27,27,29
15040004995309,00004d41-3200-0400-0000-00000056edc0,60,7,137.87,33.54434,-7.68291,4,16:00-21:00,1,20.8,21.0,18.8,5.7,26.41,23.63,1.1,88,10.42,9,14,15,17,17,18,19,20,20,21,22,22,23,24,24,25,27,28,29
15040006413900,00004d41-3200-0400-0000-00000056edc3,60,7,80.2,33.54392,-7.6843,4,16:00-21:00,1,17.1,17.0,13.9,6.6,20.81,16.98,1.13,119,14.45,7,9,10,12,13,13,13,15,16,17,17,18,19,21,22,24,25,25,28
15040004094888,00004d41-3200-0400-0000-00000056edc6,60,7,32.73,33.54379,-7.68247,4,16:00-21:00,1,15.3,15.0,13.5,5.4,8.76,7.86,1.19,38,3.51,7,9,10,11,13,13,13,14,14,15,15,16,16,17,18,18,19,23,28
15040004644798,00004d41-3200-0400-0000-00000056edc7,60,7,40.25,33.54404,-7.68267,4,16:00-21:00,1,15.0,15.0,12.6,5.7,11.48,9.66,1.18,36,6.1,6,7,10,13,13,13,14,14,14,15,15,16,16,16,17,18,18,23,28
15040004995317,00004d41-3200-0400-0000-00000056edc8,60,7,132.86,33.54362,-7.68401,4,16:00-21:00,1,16.4,15.0,13.1,7.6,36.59,31.89,1.16,33,20.8,7,8,8,10,11,14,14,14,15,15,16,16,18,19,19,21,22,23,35
15040006414147,00004d41-3200-0400-0000-00000056edfb,60,7,43.13,33.5425,-7.68138,4,16:00-21:00,1,15.8,16.0,14.4,4.6,10.77,9.7,1.16,59,3.57,8,9,11,12,13,13,14,14,15,16,16,16,17,18,20,21,21,22,23
15040004644924,00004d41-3200-0400-0000-00000056ee0f,60,6,100.85,33.54461,-7.67918,4,16:00-21:00,1,22.1,22.0,18.0,7.7,20.22,16.5,1.06,2224,16.63,9,13,14,16,17,18,19,20,21,22,23,24,25,26,27,28,30,32,35
15040004977354,00004d41-3200-0400-0000-00000056ee12,60,7,19.59,33.54569,-7.68218,4,16:00-21:00,1,14.7,15.0,8.2,9.3,8.65,4.7,1.76,47,7.5,3,3,4,5,6,6,8,10,13,15,17,18,19,20,23,24,24,29,30
15040004977359,00004d41-3200-0400-0000-00000056ee1a,60,7,40.28,33.54343,-7.68438,4,16:00-21:00,1,16.2,15.0,12.8,7.8,11.31,9.67,1.18,31,6.45,7,8,8,10,11,14,14,14,14,15,16,16,18,19,19,19,22,23,35
15040004995333,00004d41-3200-0400-0000-00000056ee28,60,7,50.64,33.54379,-7.68247,4,16:00-21:00,1,17.5,17.0,16.1,4.7,11.3,10.72,1.04,103,3.64,10,11,12,13,14,15,16,16,17,17,18,19,19,21,21,22,22,24,25
15040004995338,00004d41-3200-0400-0000-00000056ee30,60,7,39.28,33.54343,-7.68215,4,16:00-21:00,1,17.4,17.0,16.0,4.7,8.86,8.32,1.03,103,2.87,10,11,12,13,14,15,16,16,17,17,18,19,19,20,21,22,22,23,25
15040006414083,00004d41-3200-0400-0000-00000056ee33,60,7,40.8,33.54314,-7.68191,4,16:00-21:00,1,15.9,16.0,14.6,4.5,10.06,9.18,1.13,59,3.22,8,10,11,12,13,13,14,14,15,16,16,16,17,18,20,21,21,22,23
15040003781359,00004d41-3200-0400-0000-00000056ee34,60,7,45.19,33.54283,-7.68166,4,16:00-21:00,1,16.0,16.0,14.6,4.5,11.14,10.17,1.16,58,3.59,8,10,11,12,13,13,14,15,15,16,16,16,17,18,20,21,21,22,23
15040004995347,00004d41-3200-0400-0000-00000056ee40,60,7,7.69,33.54272,-7.6826,4,16:00-21:00,1,19.2,19.0,17.8,4.4,1.56,1.46,0.89,46,0.58,12,15,16,17,17,17,17,18,19,19,20,20,20,22,22,22,24,25,26
15040004995352,00004d41-3200-0400-0000-00000056ee48,60,7,46.45,33.54174,-7.68375,4,16:00-21:00,1,12.1,11.0,9.0,5.2,18.49,15.2,1.16,34,14.78,4,5,6,7,8,10,10,11,11,11,12,13,14,14,15,18,19,20,21
15040003890096,00004d41-3200-0400-0000-00000056ee5d,60,7,42.11,33.54213,-7.67819,4,16:00-21:00,1,12.7,9.8,9.6,7.4,15.8,15.47,0.83,30,7.83,5,6,6,6,7,8,8,9,9,10,11,12,14,14,15,19,21,23,28
15040003890082,00004d41-3200-0400-0000-00000056ee6d,60,5,23.49,33.5414,-7.67864,4,16:00-21:00,1,22.9,23.0,18.1,8.2,4.66,3.68,0.99,1331,4.17,9,13,15,17,18,19,20,21,22,23,24,25,25,26,27,29,30,33,36
15040006413961,00004d41-3200-0400-0000-00000056ee73,60,6,95.22,33.542,-7.67753,4,16:00-21:00,1,25.8,26.0,19.8,10.3,17.33,13.18,1.03,2424,16.97,10,13,15,17,19,20,22,23,24,26,27,28,29,31,32,34,36,39,43
15040003781216,00004d41-3200-0400-0000-00000056ee74,60,6,61.66,33.54276,-7.67802,4,16:00-21:00,1,22.3,23.0,15.1,10.1,14.68,9.65,1.21,2422,16.06,6,8,11,13,15,17,19,20,21,23,24,25,26,27,28,31,33,36,39
15040004094925,00004d41-3200-0400-0000-00000056ee76,60,7,47.85,33.54276,-7.67802,4,16:00-21:00,1,12.7,8.6,4.4,13.7,39.37,20.03,1.03,36,78.63,1,2,5,6,6,6,7,8,8,9,9,10,11,14,14,16,17,28,45
15040004995417,00004d41-3200-0400-0000-00000056eed0,18,7,41.07,33.53996,-7.68176,4,16:00-21:00,1,13.7,13.0,11.1,5.8,13.29,11.37,0.59,33,7.34,5,6,7,10,11,12,12,12,12,13,15,15,15,16,16,17,18,21,26
15040003781107,00004d41-3200-0400-0000-00000056eed4,18,7,44.64,33.54033,-7.68119,4,16:00-21:00,1,11.5,9.5,7.9,9.0,20.39,16.92,1.56,42,12.46,5,5,5,5,6,6,7,8,9,10,10,11,11,13,14,15,16,17,21
15040003781101,00004d41-3200-0400-0000-00000056eee4,60,7,53.72,33.54569,-7.68218,4,16:00-21:00,1,18.1,18.0,15.3,5.5,12.61,10.74,0.95,37,7.93,5,12,13,14,15,17,17,18,18,18,18,20,20,20,21,22,24,24,27
15040003889974,00004d41-3200-0400-0000-00000056eee5,60,7,64.53,33.54567,-7.6816,4,16:00-21:00,1,18.1,18.0,15.3,5.5,15.15,12.91,0.95,37,9.53,5,12,13,14,15,17,17,18,18,18,18,20,20,20,21,22,24,24,27
15040004094955,00004d41-3200-0400-0000-00000056eeee,60,6,45.3,33.54092,-7.67678,4,16:00-21:00,1,28.0,29.0,19.7,10.5,8.26,5.62,0.91,2290,13.39,10,15,17,19,21,23,24,26,27,29,30,31,32,34,35,37,39,41,44
15040004645186,00004d41-3200-0400-0000-00000056eeef,60,6,93.59,33.54127,-7.67703,4,16:00-21:00,1,20.8,20.0,16.0,8.1,21.07,16.85,1.04,2259,19.65,8,11,13,14,16,17,18,18,19,20,21,22,23,24,25,27,29,32,35
15040004977449,00004d41-3200-0400-0000-00000056eef2,60,5,112.09,33.54071,-7.67982,4,16:00-21:00,1,25.0,25.0,20.4,8.5,19.76,16.14,1.0,1201,17.58,11,14,16,18,20,21,22,23,24,25,26,27,28,29,30,31,33,35,39
15040006413864,00004d41-3200-0400-0000-00000056eef3,60,5,21.64,33.54129,-7.67883,4,16:00-21:00,1,24.0,24.0,18.4,8.8,4.24,3.25,1.08,1304,4.62,9,13,15,17,18,20,21,22,23,24,25,26,27,28,29,30,32,35,38
15040004977471,00004d41-3200-0400-0000-00000056ef2a,60,5,54.56,33.54,-7.68091,4,16:00-21:00,1,24.0,24.0,19.4,8.5,10.11,8.18,1.06,1175,8.77,11,13,15,17,18,20,21,22,23,24,25,26,27,28,29,31,32,34,38
15040006414093,00004d41-3200-0400-0000-00000056ef2b,60,5,73.96,33.5403,-7.68044,4,16:00-21:00,1,24.5,25.0,20.1,8.7,13.27,10.65,0.98,1202,10.43,10,14,16,17,18,20,21,23,24,25,26,27,27,28,30,31,33,35,38
15040003781372,00004d41-3200-0400-0000-00000056ef2c,60,7,81.56,33.54026,-7.67957,4,16:00-21:00,1,15.2,13.0,11.0,8.1,26.64,22.59,0.89,39,17.96,4,6,8,8,9,10,10,12,13,13,15,15,17,18,19,22,27,29,31
15040004094974,00004d41-3200-0400-0000-00000056ef2e,60,7,43.33,33.53987,-7.67958,4,16:00-21:00,1,14.8,15.0,8.2,7.4,18.97,10.4,1.23,32,22.64,2,4,5,6,7,13,14,14,15,15,16,17,18,18,19,21,22,25,27
15040003890217,00004d41-3200-0400-0000-00000056ef35,60,5,46.59,33.53947,-7.68178,4,16:00-21:00,1,16.9,17.0,13.2,6.3,12.74,9.87,1.05,1226,13.71,7,9,11,12,13,14,14,15,16,17,17,18,19,20,21,22,23,24,27
15040004094977,00004d41-3200-0400-0000-00000056ef36,60,5,53.01,33.53971,-7.68137,4,16:00-21:00,1,21.4,21.0,17.6,7.9,10.86,9.09,1.06,1178,7.84,9,12,14,15,16,17,18,19,20,21,22,23,24,25,26,27,29,32,35
15040004094981,00004d41-3200-0400-0000-00000056ef3e,60,7,36.09,33.54,-7.68091,4,16:00-21:00,1,17.2,16.0,13.3,13.2,9.78,8.12,0.83,46,5.03,6,7,10,12,12,12,13,13,16,16,17,17,17,18,19,20,21,23,23
15040004995543,00004d41-3200-0400-0000-00000056ef68,60,6,42.59,33.54324,-7.67834,4,16:00-21:00,1,18.3,19.0,12.4,8.6,12.32,8.07,1.3,2434,12.72,5,7,8,10,12,13,15,16,17,19,20,21,22,23,24,26,27,29,33
15040006414373,00004d41-3200-0400-0000-00000056efab,60,7,30.18,33.54899,-7.67917,4,16:00-21:00,1,12.5,11.0,5.6,8.6,19.45,9.88,0.89,86,28.11,1,2,4,6,7,8,9,10,10,11,13,14,14,16,17,18,19,21,25
15040003781162,00004d41-3200-0400-0000-00000056efac,60,7,29.13,33.54874,-7.67905,4,16:00-21:00,1,11.2,11.0,6.7,5.2,15.64,9.53,1.48,33,21.7,2,4,5,7,7,9,10,10,10,11,12,12,14,15,16,16,17,17,18
15040004995569,00004d41-3200-0400-0000-00000056efb0,60,7,36.53,33.5477,-7.68103,4,16:00-21:00,1,16.6,17.0,12.0,6.5,10.94,7.74,1.27,156,13.38,6,7,9,11,12,13,14,16,17,17,18,19,20,20,21,22,23,24,26
15040002835774,00004d41-3200-0400-0000-00000056efb1,60,7,38.28,33.54743,-7.68079,4,16:00-21:00,1,16.7,17.0,12.9,6.7,10.73,8.11,1.11,151,8.11,6,7,9,11,12,13,14,15,16,17,18,19,20,20,22,22,23,24,26
15040006414380,00004d41-3200-0400-0000-00000056efb3,60,7,26.83,33.54789,-7.67984,4,16:00-21:00,1,13.8,12.0,10.7,7.7,9.0,8.05,0.93,42,4.5,6,6,7,7,9,10,10,11,12,12,14,14,15,15,16,17,19,23,28
15040004995576,00004d41-3200-0400-0000-00000056efb8,60,7,31.88,33.54807,-7.67933,4,16:00-21:00,1,12.8,12.0,10.4,6.2,11.06,9.56,0.96,40,5.22,6,6,7,7,7,9,10,10,11,12,12,14,14,15,15,16,17,19,23
15040002835779,00004d41-3200-0400-0000-00000056efb9,60,7,19.61,33.54796,-7.67965,4,16:00-21:00,1,12.8,12.0,10.4,6.2,6.8,5.88,0.91,40,3.21,6,6,7,7,7,9,10,10,11,12,12,14,14,15,15,16,17,19,23
15040004645228,00004d41-3200-0400-0000-00000056efc7,60,6,8.93,33.54358,-7.67856,4,16:00-21:00,1,15.6,15.0,10.1,7.8,3.17,2.14,1.33,2454,4.48,4,6,7,9,10,11,12,13,14,15,16,17,18,19,20,22,23,26,29
15040004995595,00004d41-3200-0400-0000-00000056efc8,60,6,37.94,33.54365,-7.6786,4,16:00-21:00,1,13.9,13.0,9.3,7.3,14.71,10.51,1.4,2321,14.66,4,5,6,7,8,9,10,11,12,13,15,16,17,18,19,20,22,23,26
15040002835766,00004d41-3200-0400-0000-00000056efc9,60,7,15.8,33.54455,-7.67856,4,16:00-21:00,1,14.7,15.0,9.8,6.5,5.78,3.79,1.07,30,6.29,5,5,6,9,10,10,11,15,15,15,17,18,18,19,19,20,20,20,23
15040006414346,00004d41-3200-0400-0000-00000056efcb,60,6,30.64,33.54396,-7.67879,4,16:00-21:00,1,16.0,16.0,12.5,6.1,8.81,6.89,1.17,2287,8.82,7,8,10,11,12,13,14,14,15,16,17,17,18,19,20,21,22,24,27
15040003781141,00004d41-3200-0400-0000-00000056efcc,60,6,5.72,33.5442,-7.67894,4,16:00-21:00,1,20.0,20.0,13.9,7.0,1.48,1.03,1.18,2322,4.35,8,11,14,15,16,17,18,19,19,20,21,22,22,23,24,25,27,28,31
15040004645212,00004d41-3200-0400-0000-00000056efcf,60,7,42.61,33.54513,-7.67738,4,16:00-21:00,1,15.5,16.0,12.9,5.1,11.89,9.59,1.16,351,9.65,8,9,10,11,12,13,13,14,15,16,16,17,17,18,19,20,21,22,24
15040002835748,00004d41-3200-0400-0000-00000056efd1,60,6,73.82,33.54603,-7.6778,4,16:00-21:00,1,19.0,18.0,16.1,6.4,16.53,14.76,1.06,1112,12.59,10,12,13,14,15,16,17,18,18,18,18,19,20,22,24,25,26,27,27
15040004977552,00004d41-3200-0400-0000-00000056efd2,60,6,30.22,33.54627,-7.67706,4,16:00-21:00,1,23.8,23.0,18.4,8.4,5.91,4.73,1.02,1880,11.91,11,15,17,18,19,20,21,21,22,23,23,25,26,27,28,29,31,34,38
15040006414353,00004d41-3200-0400-0000-00000056efd3,60,6,69.8,33.54477,-7.6772,4,16:00-21:00,1,21.8,22.0,17.7,7.3,14.24,11.42,1.07,157,10.47,7,12,15,16,17,19,20,21,21,22,22,23,24,25,28,28,30,31,33
15040003781146,00004d41-3200-0400-0000-00000056efd4,60,6,35.91,33.545,-7.6765,4,16:00-21:00,1,23.0,23.0,19.2,7.4,6.73,5.62,1.02,167,4.31,10,13,15,17,19,20,21,21,22,23,24,25,27,28,28,29,30,32,34
15040004645203,00004d41-3200-0400-0000-00000056efe7,60,5,41.82,33.54259,-7.67621,4,16:00-21:00,1,25.4,26.0,19.9,9.2,7.58,5.79,1.14,1465,7.75,10,14,16,18,19,21,22,23,24,26,26,28,29,30,31,33,34,37,41
15040004995611,00004d41-3200-0400-0000-00000056efe8,60,5,48.08,33.54243,-7.67662,4,16:00-21:00,1,20.9,21.0,15.1,8.8,11.47,8.24,1.28,1412,10.98,6,9,11,13,15,17,18,19,20,21,22,23,24,26,27,28,29,32,36
15040004995620,00004d41-3200-0400-0000-00000056f000,60,7,44.48,33.54569,-7.67498,4,16:00-21:00,1,17.3,17.0,13.9,5.9,11.48,9.42,0.93,139,11.07,6,10,11,13,15,15,15,16,17,17,18,18,19,19,20,21,23,26,27
15040004977577,00004d41-3200-0400-0000-00000056f002,60,6,57.05,33.54677,-7.67557,4,16:00-21:00,1,25.9,25.0,22.0,7.7,9.33,8.22,1.06,1285,10.64,13,17,19,20,21,22,23,24,24,25,26,27,28,29,31,32,34,36,39
15040003782088,00004d41-3200-0400-0000-00000056f004,60,6,61.8,33.54533,-7.67478,4,16:00-21:00,1,21.1,21.0,16.1,7.1,13.86,10.59,1.09,305,15.93,8,13,15,16,17,17,18,19,20,21,22,23,24,25,25,27,28,30,33
15040003890839,00004d41-3200-0400-0000-00000056f005,60,6,72.25,33.54536,-7.67411,4,16:00-21:00,1,17.5,18.0,14.0,6.2,18.62,14.45,0.98,356,15.53,7,10,11,13,14,14,15,16,17,18,18,19,20,21,22,23,23,25,28
15040004645371,00004d41-3200-0400-0000-00000056f007,60,7,98.98,33.54677,-7.67557,4,16:00-21:00,1,19.7,19.0,16.3,6.6,21.87,18.75,0.96,166,13.96,6,13,14,15,16,17,17,18,19,19,20,21,22,23,24,25,27,29,31
15040004995624,00004d41-3200-0400-0000-00000056f008,60,7,32.88,33.54596,-7.67512,4,16:00-21:00,1,20.3,20.0,16.2,7.2,7.29,5.92,0.92,166,5.33,5,12,14,15,17,17,18,19,19,20,21,21,22,25,25,27,28,30,32
15040004645337,00004d41-3200-0400-0000-00000056f00f,60,6,8.02,33.54727,-7.67284,4,16:00-21:00,1,15.9,15.0,11.7,7.5,2.47,1.92,0.98,1457,2.22,5,7,9,10,11,12,13,13,14,15,16,17,18,19,20,22,24,25,29
15040006076294,00004d41-3200-0400-0000-00000056f010,60,7,8.3,33.54831,-7.67239,4,16:00-21:00,1,17.2,16.0,11.9,9.9,2.51,1.87,0.75,80,1.91,6,6,7,8,9,10,10,13,14,16,18,18,20,22,24,25,26,27,33
15040002835903,00004d41-3200-0400-0000-00000056f011,60,6,61.22,33.54726,-7.67275,4,16:00-21:00,1,19.0,18.0,16.5,5.7,13.32,12.24,1.05,1362,10.14,11,13,14,15,16,16,17,17,18,18,19,19,20,21,22,23,24,26,29
15040004977590,00004d41-3200-0400-0000-00000056f012,60,6,95.79,33.54716,-7.6721,4,16:00-21:00,1,23.3,23.0,20.6,6.7,16.75,14.99,1.04,1386,9.86,13,16,17,18,19,20,21,21,22,23,24,25,25,26,28,29,30,32,35
15040004977605,00004d41-3200-0400-0000-00000056f022,60,6,79.54,33.5465,-7.67637,4,16:00-21:00,1,25.2,25.0,22.1,7.3,12.99,11.45,1.02,1361,7.91,14,17,18,19,20,21,23,23,24,25,26,27,28,29,30,31,32,34,37
15040004645347,00004d41-3200-0400-0000-00000056f027,60,6,67.38,33.54697,-7.67501,4,16:00-21:00,1,27.2,26.0,23.4,8.7,10.35,9.33,1.08,1287,6.55,13,17,19,21,22,23,24,25,26,26,28,29,30,31,32,34,36,38,42
15040002836859,00004d41-3200-0400-0000-00000056f029,60,7,55.18,33.54764,-7.67459,4,16:00-21:00,1,21.7,21.0,18.3,8.6,10.87,9.46,1.04,125,5.26,9,12,14,15,16,17,18,19,20,21,22,23,24,25,26,28,29,31,35
15040003782215,00004d41-3200-0400-0000-00000056f02c,60,6,64.11,33.54719,-7.67433,4,16:00-21:00,1,19.3,19.0,17.6,5.1,13.11,12.15,1.06,1375,6.6,11,13,15,16,16,17,17,18,19,19,20,20,21,22,22,23,24,26,28
15040003890959,00004d41-3200-0400-0000-00000056f02d,60,6,78.96,33.54737,-7.67368,4,16:00-21:00,1,16.3,16.0,13.9,5.5,20.46,17.77,1.07,1408,11.4,7,9,11,12,13,13,14,15,15,16,17,18,18,19,20,21,22,23,25
15040004977616,00004d41-3200-0400-0000-00000056f042,60,7,67.16,33.54339,-7.67663,4,16:00-21:00,1,19.5,20.0,16.3,6.2,14.85,12.09,1.05,188,9.36,7,10,13,15,17,17,18,18,19,20,21,22,23,23,24,24,25,26,30
15040006414593,00004d41-3200-0400-0000-00000056f043,60,7,29.8,33.54284,-7.67634,4,16:00-21:00,1,13.4,13.0,10.0,6.4,10.71,8.25,1.03,203,8.68,5,6,7,8,8,9,10,11,12,13,13,14,15,17,18,19,20,23,25
15040004095048,00004d41-3200-0400-0000-00000056f046,60,7,47.58,33.5415,-7.67659,4,16:00-21:00,1,20.6,18.0,15.9,13.6,10.76,9.52,0.8,51,6.53,6,13,13,13,14,16,16,16,17,18,18,20,21,22,25,26,27,29,34
15040004977624,00004d41-3200-0400-0000-00000056f04a,60,7,77.18,33.54465,-7.68349,4,16:00-21:00,1,14.6,13.0,11.2,8.3,24.82,21.37,1.25,32,15.1,5,7,8,9,9,10,11,12,12,13,14,15,15,17,18,18,21,23,31
15040004741590,00004d41-3200-0400-0000-00000056f068,60,5,22.0,33.54288,-7.67302,4,16:00-21:00,1,26.7,26.0,19.2,11.9,4.12,3.05,0.94,1348,3.91,8,12,15,18,19,20,22,23,24,26,27,28,29,31,33,37,42,44,48
15040004095062,00004d41-3200-0400-0000-00000056f06e,60,5,17.85,33.54312,-7.67478,4,16:00-21:00,1,27.3,27.0,19.8,11.1,3.24,2.38,1.22,1388,5.45,10,13,16,18,20,22,23,24,26,27,28,29,31,32,34,35,38,41,47
15040004977651,00004d41-3200-0400-0000-00000056f072,60,5,47.04,33.54297,-7.67524,4,16:00-21:00,1,31.2,32.0,23.0,10.4,7.36,5.29,1.17,1418,12.62,13,17,21,24,26,27,28,29,31,32,33,34,34,36,37,39,41,44,48
15040004645851,00004d41-3200-0400-0000-00000056f077,60,5,34.18,33.54279,-7.6757,4,16:00-21:00,1,30.0,31.0,23.3,10.3,5.27,3.97,1.09,1428,5.96,12,16,19,22,24,26,27,28,29,31,32,33,34,35,36,38,39,42,46
15040004995637,00004d41-3200-0400-0000-00000056f078,60,5,18.48,33.54266,-7.67603,4,16:00-21:00,1,27.6,28.0,20.3,10.6,3.29,2.38,1.06,1420,4.07,9,14,16,19,21,22,24,26,27,28,29,30,32,33,34,36,37,40,44
15040004645828,00004d41-3200-0400-0000-00000056f07f,60,7,41.96,33.54222,-7.67708,4,16:00-21:00,1,14.9,14.0,11.4,6.2,13.23,10.79,1.17,64,12.61,7,8,9,10,10,12,12,13,13,14,15,16,17,18,18,19,21,22,24
15040004995641,00004d41-3200-0400-0000-00000056f080,60,7,49.75,33.5419,-7.67685,4,16:00-21:00,1,20.6,18.0,15.8,13.9,11.32,9.95,0.73,49,6.9,6,12,13,13,14,15,16,16,17,18,18,20,21,22,25,26,27,29,34
15040004095073,00004d41-3200-0400-0000-00000056f086,60,7,56.81,33.54113,-7.67633,4,16:00-21:00,1,19.7,18.0,16.1,7.7,12.7,11.36,0.69,34,7.49,6,13,13,14,15,16,16,16,17,18,20,21,22,23,26,27,27,29,34
15040003781970,00004d41-3200-0400-0000-00000056f0a4,60,5,69.11,33.54727,-7.67284,4,16:00-21:00,1,26.3,26.0,21.0,9.4,11.83,9.57,1.07,1411,13.1,12,16,18,20,21,22,23,24,25,26,27,28,29,29,30,32,34,37,43
15040003890716,00004d41-3200-0400-0000-00000056f0a5,60,5,128.68,33.54666,-7.67303,4,16:00-21:00,1,23.6,24.0,19.6,7.5,23.66,19.3,1.03,1347,20.76,11,14,16,18,19,20,21,22,23,24,25,25,26,27,28,30,31,33,35
15040004095085,00004d41-3200-0400-0000-00000056f0a6,60,5,48.95,33.54463,-7.67308,4,16:00-21:00,1,29.1,30.0,23.0,9.0,7.68,5.87,1.03,1372,9.94,13,18,20,22,24,25,27,28,29,30,31,32,33,34,35,36,38,39,42
15040004645640,00004d41-3200-0400-0000-00000056f0a7,60,5,24.09,33.54507,-7.67309,4,16:00-21:00,1,24.1,24.0,20.1,6.9,4.31,3.61,1.02,1386,6.14,12,16,18,19,20,21,22,23,24,24,25,26,27,27,28,29,30,32,34
15040002836738,00004d41-3200-0400-0000-00000056f0b9,60,4,39.03,33.55049,-7.67486,4,16:00-21:00,1,33.8,35.0,26.7,10.3,5.26,4.01,1.13,7806,8.01,16,20,23,25,28,30,31,33,34,35,36,37,38,39,41,42,43,46,49
15040004977693,00004d41-3200-0400-0000-00000056f0ca,60,7,78.46,33.54463,-7.67308,4,16:00-21:00,1,24.0,23.0,17.0,10.0,16.64,12.28,0.8,54,17.76,9,10,13,16,18,20,21,22,23,23,25,26,27,29,31,32,32,35,41
15040004125557,00004d41-3200-0400-0000-00000056f0cf,60,5,39.64,33.54336,-7.67303,4,16:00-21:00,1,24.8,25.0,22.3,7.2,6.41,5.71,0.95,1786,2.97,13,17,18,20,21,22,22,23,24,25,25,26,27,28,29,30,31,33,36
15040004995676,00004d41-3200-0400-0000-00000056f0d0,60,5,88.13,33.54337,-7.6726,4,16:00-21:00,1,24.4,24.0,21.7,6.8,14.64,13.22,1.0,1786,11.19,14,16,18,19,20,21,22,22,23,24,25,26,27,28,29,30,31,33,35
15040003880117,00004d41-3200-0400-0000-00000056f505,60,6,9.77,33.54685,-7.67,4,16:00-21:00,1,20.9,19.0,13.3,13.7,2.64,1.85,0.95,71,2.43,5,7,9,11,11,15,16,17,18,19,21,22,22,24,26,28,30,31,45
15040003783635,00004d41-3200-0400-0000-00000056f51c,60,7,100.34,33.54477,-7.67042,4,16:00-21:00,1,32.5,33.0,25.1,11.8,14.41,10.95,1.16,222,13.03,13,18,21,23,24,27,29,30,32,33,34,35,37,38,40,42,44,48,52
15040004095411,00004d41-3200-0400-0000-00000056f51e,60,7,139.79,33.54517,-7.67145,4,16:00-21:00,1,33.9,34.0,29.3,10.6,17.2,14.8,0.84,48,10.03,18,20,23,25,27,28,31,34,34,34,35,36,38,38,41,42,43,47,51
15040002837926,00004d41-3200-0400-0000-00000056f521,60,7,30.3,33.54398,-7.67094,4,16:00-21:00,1,32.0,33.0,20.3,12.5,5.39,3.31,1.42,217,8.93,6,15,20,23,24,27,29,30,32,33,34,35,37,38,39,42,44,48,54
15040004978354,00004d41-3200-0400-0000-00000056f522,60,7,46.88,33.54374,-7.67109,4,16:00-21:00,1,25.8,25.0,21.2,10.1,7.98,6.75,0.9,200,5.12,9,14,16,18,20,21,22,23,24,25,26,27,28,29,31,32,35,37,44
15040003783605,00004d41-3200-0400-0000-00000056f534,60,3,26.32,33.54234,-7.66432,4,16:00-21:00,1,43.4,45.0,36.3,13.9,2.61,2.11,0.96,1332,2.21,17,23,28,32,35,38,41,42,44,45,47,48,49,51,52,54,56,59,63
15040003892468,00004d41-3200-0400-0000-00000056f535,60,3,53.39,33.54253,-7.66415,4,16:00-21:00,1,38.3,39.0,32.4,12.0,5.94,4.93,1.01,1331,5.7,17,22,25,28,31,33,35,37,38,39,41,42,43,44,46,47,49,52,56
15040004095423,00004d41-3200-0400-0000-00000056f536,60,3,63.69,33.54162,-7.66497,4,16:00-21:00,1,42.7,45.0,34.6,15.8,6.63,5.1,1.01,1307,4.46,16,20,24,27,30,34,38,41,43,45,47,49,50,52,53,55,57,60,65
15040004646440,00004d41-3200-0400-0000-00000056f537,60,3,36.86,33.54207,-7.66455,4,16:00-21:00,1,44.4,47.0,37.4,14.6,3.54,2.82,0.98,1325,2.07,17,23,27,31,36,39,41,43,45,47,48,49,51,53,54,55,58,61,65
15040004646455,00004d41-3200-0400-0000-00000056f53f,60,5,37.26,33.54249,-7.66683,4,16:00-21:00,1,37.6,38.0,29.9,12.4,4.48,3.53,1.04,747,5.56,16,20,25,28,30,32,34,36,37,38,40,42,43,44,46,48,50,52,57
15040004996383,00004d41-3200-0400-0000-00000056f540,60,5,23.13,33.54233,-7.66648,4,16:00-21:00,1,38.0,39.0,32.4,11.7,2.57,2.14,0.98,698,1.75,17,21,26,28,30,32,34,36,38,39,40,42,43,45,46,48,50,52,56
15040002837900,00004d41-3200-0400-0000-00000056f541,60,5,19.58,33.54223,-7.66626,4,16:00-21:00,1,37.3,38.0,28.7,11.5,2.46,1.85,1.03,699,5.36,17,22,26,28,30,32,34,35,37,38,39,41,42,43,45,47,49,51,56
15040004978370,00004d41-3200-0400-0000-00000056f542,60,5,39.48,33.54215,-7.66607,4,16:00-21:00,1,34.9,36.0,26.3,11.9,5.4,3.95,1.04,698,6.64,14,17,22,26,28,30,32,33,35,36,37,39,40,41,43,44,47,50,52
15040005854296,00004d41-3200-0400-0000-00000056f6fa,60,4,20.45,33.5479,-7.66035,4,16:00-21:00,1,35.7,34.0,31.5,10.8,2.34,2.17,1.03,1740,2.0,21,24,27,28,30,31,32,32,33,34,35,36,37,39,40,43,45,49,57
15040005300760,00004d41-3200-0400-0000-00000056f6fb,60,4,126.27,33.54776,-7.6605,4,16:00-21:00,1,39.1,40.0,34.7,10.8,13.1,11.36,1.03,1632,7.62,21,25,29,31,32,34,36,38,39,40,41,41,42,44,45,47,49,52,57
15040004095490,00004d41-3200-0400-0000-00000056f6fe,26,7,27.16,33.5475,-7.6592,4,16:00-21:00,1,36.5,37.0,21.3,19.1,4.6,2.64,1.1,61,7.36,8,15,18,23,25,27,29,33,35,37,39,40,41,43,45,48,50,54,59
15040004646715,00004d41-3200-0400-0000-00000056f6ff,26,7,43.01,33.54726,-7.6592,4,16:00-21:00,1,37.6,38.0,27.1,18.5,5.72,4.07,1.1,59,5.29,9,15,19,24,25,29,32,33,35,38,39,40,42,43,46,49,50,55,82
15040003893826,00004d41-3200-0400-0000-00000056f905,60,7,8.8,33.57157,-7.67034,4,16:00-21:00,1,27.2,28.0,20.2,9.3,1.57,1.13,1.13,567,2.23,10,15,18,20,22,24,25,26,27,28,29,30,31,32,33,34,35,37,40
15040004095601,00004d41-3200-0400-0000-00000056f906,60,7,15.94,33.57164,-7.67038,4,16:00-21:00,1,29.1,30.0,22.0,9.0,2.61,1.91,1.13,569,3.75,14,19,21,23,24,26,27,28,29,30,31,32,33,33,34,35,37,39,42
15040006078787,00004d41-3200-0400-0000-00000056f908,60,7,9.45,33.57112,-7.67006,4,16:00-21:00,1,17.7,14.0,7.2,15.7,4.73,2.43,1.35,156,8.1,2,4,5,7,8,8,9,11,12,14,15,17,18,21,23,27,30,35,42
15040002838937,00004d41-3200-0400-0000-00000056f909,60,6,25.03,33.56943,-7.6738,4,16:00-21:00,1,32.5,33.0,23.8,11.7,3.79,2.73,1.08,2216,6.79,13,16,20,23,25,27,29,31,32,33,35,36,37,38,39,41,43,46,51
15040004118670,00004d41-3200-0400-0000-00000056f90a,60,6,23.84,33.56933,-7.67404,4,16:00-21:00,1,32.3,33.0,24.6,11.2,3.49,2.6,1.09,2213,7.38,13,17,20,23,25,27,29,31,32,33,34,36,37,38,39,41,43,45,49
15040002550689,00004d41-3200-0400-0000-00000056f90d,60,6,22.48,33.56909,-7.67455,4,16:00-21:00,1,31.4,33.0,23.6,10.4,3.43,2.45,1.14,2211,6.33,13,16,20,23,25,27,29,30,32,33,34,35,36,37,38,40,41,43,47
15040002553060,00004d41-3200-0400-0000-00000056f910,60,6,29.34,33.569,-7.67477,4,16:00-21:00,1,29.6,31.0,22.4,10.2,4.71,3.41,1.16,2198,7.01,12,15,18,21,23,25,27,28,29,31,32,33,34,35,36,38,40,41,45
15040002838925,00004d41-3200-0400-0000-00000056f911,60,6,30.47,33.56887,-7.67505,4,16:00-21:00,1,27.0,28.0,20.7,10.1,5.3,3.92,1.15,2186,5.96,10,13,15,18,20,22,23,25,26,28,29,30,31,33,34,35,37,39,43
15040003894449,00004d41-3200-0400-0000-00000056fb9d,60,7,300.22,33.56966,-7.68026,4,16:00-21:00,1,23.5,24.0,21.0,6.9,51.52,45.03,1.05,209,23.09,12,14,16,18,19,20,21,22,23,24,24,25,26,27,28,29,30,31,35
15040004979071,00004d41-3200-0400-0000-00000056fba2,60,7,80.21,33.5719,-7.67138,4,16:00-21:00,1,16.8,16.0,14.4,5.9,20.03,18.05,0.97,83,10.53,7,11,11,12,13,13,14,15,16,16,16,17,18,19,20,21,23,25,28
15040004648174,00004d41-3200-0400-0000-00000056fba7,60,7,16.58,33.57177,-7.67147,4,16:00-21:00,1,17.0,16.0,14.5,6.3,4.13,3.73,0.97,83,2.19,7,11,11,12,13,13,14,15,16,16,16,17,18,19,20,21,23,26,30
15040006416782,00004d41-3200-0400-0000-00000056fbab,60,7,51.62,33.57125,-7.67182,4,16:00-21:00,1,17.0,16.0,14.5,6.3,12.85,11.61,0.97,83,6.81,7,11,11,12,13,13,14,15,16,16,16,17,18,19,20,21,23,26,30
15040003786457,00004d41-3200-0400-0000-00000056fbac,60,7,14.17,33.57166,-7.67155,4,16:00-21:00,1,17.0,16.0,14.5,6.3,3.53,3.19,0.97,83,1.87,7,11,11,12,13,13,14,15,16,16,16,17,18,19,20,21,23,26,30
15040005859701,00004d41-3200-0400-0000-000000570222,60,4,154.77,33.56203,-7.66816,4,16:00-21:00,1,38.7,36.0,31.7,17.4,17.57,15.48,0.98,6562,9.86,16,20,23,26,29,30,32,33,35,36,37,38,40,41,43,46,51,66,77
15040002572219,00004d41-3200-0400-0000-000000570229,60,4,100.16,33.56262,-7.66665,4,16:00-21:00,1,41.9,39.0,33.3,18.1,10.81,9.25,1.0,6751,8.31,16,20,24,26,31,34,36,36,36,39,41,43,45,48,51,55,61,67,77
15040003895767,00004d41-3200-0400-0000-000000570265,60,4,28.07,33.56077,-7.67153,4,16:00-21:00,1,28.9,31.0,20.3,11.0,4.99,3.26,0.83,6061,6.21,8,13,16,19,22,24,26,28,29,31,32,33,34,35,37,38,39,41,44
15040004998058,00004d41-3200-0400-0000-000000570268,60,7,52.97,33.56477,-7.671,4,16:00-21:00,1,27.7,28.0,21.3,9.9,8.95,6.81,1.1,790,9.64,11,14,17,20,21,23,24,26,27,28,29,30,32,33,35,36,38,40,42
15040002841848,00004d41-3200-0400-0000-000000570269,60,7,8.04,33.56495,-7.67047,4,16:00-21:00,1,27.5,28.0,18.7,10.5,1.55,1.03,1.2,849,4.18,10,13,16,19,20,22,24,25,27,28,30,31,32,34,35,36,38,40,43
15040004998064,00004d41-3200-0400-0000-000000570270,60,7,102.53,33.56609,-7.67099,4,16:00-21:00,1,19.5,19.0,17.4,5.4,21.21,19.43,1.09,207,12.22,11,14,15,16,17,17,18,18,19,19,20,20,21,22,22,23,24,25,27
15040002841858,00004d41-3200-0400-0000-000000570271,60,7,34.11,33.56525,-7.67056,4,16:00-21:00,1,18.3,19.0,14.1,6.8,8.72,6.46,1.08,206,10.7,7,9,10,12,14,15,17,18,18,19,20,21,21,22,23,23,24,25,28
15040006417551,00004d41-3200-0400-0000-000000570273,60,7,6.61,33.56498,-7.67039,4,16:00-21:00,1,27.6,28.0,18.7,10.4,1.27,0.85,1.18,866,3.57,10,14,17,19,21,22,24,26,27,28,30,31,32,33,35,36,38,40,43
15040003266861,00004d41-3200-0400-0000-000000570274,60,7,74.49,33.56499,-7.67032,4,16:00-21:00,1,26.7,28.0,21.1,9.4,12.71,9.58,1.04,857,10.3,10,14,17,19,21,23,24,26,27,28,28,29,30,31,32,34,36,38,41
15040004980589,00004d41-3200-0400-0000-0000005708aa,60,4,15.65,33.55698,-7.65269,4,16:00-21:00,1,38.3,39.0,26.5,14.7,2.12,1.44,1.02,10805,3.12,14,19,23,25,28,31,33,35,37,39,41,43,44,46,48,51,53,57,62
15040003898107,00004d41-3200-0400-0000-00000057092d,20,7,64.1,33.55364,-7.65629,4,16:00-21:00,1,37.1,36.0,34.8,9.3,6.64,6.41,0.95,43,1.76,24,26,26,28,31,31,32,34,35,36,37,40,40,43,45,45,46,49,53
15040002843691,00004d41-3200-0400-0000-000000570939,20,7,104.93,33.55666,-7.65334,4,16:00-21:00,1,37.1,36.0,34.8,9.3,10.86,10.49,0.95,43,2.87,24,26,26,28,31,31,32,34,35,36,37,40,40,43,45,45,46,49,53
15040003791154,00004d41-3200-0400-0000-00000057098c,25,7,52.15,33.5481,-7.65079,4,16:00-21:00,1,46.3,44.0,41.7,15.3,4.5,4.27,0.95,65,1.49,25,28,30,31,37,37,39,40,42,44,46,47,51,55,58,61,63,64,66
15040004096474,00004d41-3200-0400-0000-00000057098e,25,7,16.25,33.54763,-7.65077,4,16:00-21:00,1,46.3,44.0,41.7,15.3,1.4,1.33,0.95,65,0.46,25,28,30,31,37,38,39,40,42,44,46,47,51,55,58,61,63,64,66
15040005043372,00004d41-3200-0400-0000-000000570990,27,7,30.88,33.54749,-7.65077,4,16:00-21:00,1,46.3,44.0,41.7,15.3,2.67,2.53,0.95,65,0.88,25,28,30,31,37,37,39,40,42,44,46,47,51,55,58,61,63,64,66
15040003791150,00004d41-3200-0400-0000-00000057099c,18,7,9.91,33.54642,-7.65003,4,16:00-21:00,1,46.3,44.0,41.7,15.3,0.86,0.81,0.95,65,0.28,25,28,30,31,37,38,39,40,42,44,46,47,51,55,58,61,63,64,66
15040003898032,00004d41-3200-0400-0000-00000057099d,18,7,40.27,33.54635,-7.64996,4,16:00-21:00,1,46.8,45.0,42.4,15.0,3.42,3.22,0.94,65,1.1,26,29,30,32,37,39,39,42,44,45,46,47,51,54,58,61,63,64,66
15040003898326,00004d41-3200-0400-0000-0000005709f5,60,7,92.88,33.54677,-7.64838,4,16:00-21:00,1,38.8,38.0,35.5,12.7,9.43,8.8,0.98,59,2.92,21,25,28,30,32,33,34,35,37,38,38,38,41,42,44,45,47,52,60
15040004650476,00004d41-3200-0400-0000-000000570a27,60,7,106.43,33.54725,-7.64756,4,16:00-21:00,1,32.8,32.0,29.6,9.9,12.97,11.97,1.11,52,4.95,16,21,23,26,27,28,29,30,31,32,33,34,35,38,38,40,42,44,52
15040003898665,00004d41-3200-0400-0000-000000570bf5,60,6,31.9,33.56952,-7.68056,4,16:00-21:00,1,23.1,23.0,18.7,8.7,6.13,4.99,1.21,1004,4.96,10,12,14,15,17,18,19,21,22,23,24,25,26,28,29,30,32,34,37
15040004650772,00004d41-3200-0400-0000-000000570bf7,60,7,69.8,33.57023,-7.68195,4,16:00-21:00,1,16.4,16.0,12.4,6.5,20.32,15.71,1.09,152,20.31,6,8,9,11,13,13,14,14,15,16,17,18,18,20,21,22,24,26,28
15040002601953,00004d41-3200-0400-0000-000000570c47,60,4,19.15,33.57003,-7.67252,4,16:00-21:00,1,23.9,23.0,18.4,8.7,3.74,3.0,0.85,3461,10.54,11,13,15,16,17,19,20,21,22,23,25,26,27,28,30,31,33,35,39
15040002602808,00004d41-3200-0400-0000-000000570c48,60,4,75.02,33.56995,-7.67271,4,16:00-21:00,1,21.6,22.0,18.1,7.2,14.94,12.28,1.03,3340,13.2,10,12,14,15,16,18,19,20,21,22,23,24,25,26,27,28,29,30,33
15040002844801,00004d41-3200-0400-0000-000000570c51,60,4,18.0,33.56989,-7.67266,4,16:00-21:00,1,25.6,25.0,21.7,8.2,2.99,2.59,0.92,4891,3.07,13,16,18,19,21,22,23,24,25,25,26,27,28,29,30,31,33,35,40
15040003256043,00004d41-3200-0400-0000-000000570c52,60,4,27.83,33.56997,-7.67249,4,16:00-21:00,1,27.3,28.0,22.6,8.8,4.44,3.58,0.91,4911,4.41,13,16,18,20,22,23,24,26,27,28,29,30,30,31,32,34,35,38,41
15040002539949,00004d41-3200-0400-0000-000000570e56,60,6,88.71,33.56678,-7.68193,4,16:00-21:00,1,14.7,14.0,12.1,6.0,26.48,22.81,1.16,453,13.96,6,8,8,9,10,11,12,13,13,14,15,15,17,18,19,20,21,23,25
15040002845372,00004d41-3200-0400-0000-000000570e59,60,7,72.22,33.56648,-7.68262,4,16:00-21:00,1,17.2,19.0,12.8,6.6,20.25,13.68,1.11,36,16.37,4,5,10,12,12,15,16,17,18,19,19,19,20,21,21,22,23,24,28
15040002539953,00004d41-3200-0400-0000-000000570e5a,60,6,19.39,33.56585,-7.68197,4,16:00-21:00,1,27.0,27.0,20.7,9.1,3.37,2.59,1.18,2047,4.65,11,16,18,20,21,23,24,25,26,27,29,30,31,32,33,35,36,38,41
15040002539952,00004d41-3200-0400-0000-000000570e5b,60,6,59.58,33.56577,-7.68216,4,16:00-21:00,1,19.8,20.0,14.0,9.7,15.32,10.72,1.24,2002,14.48,6,7,9,10,12,13,15,17,18,20,21,22,24,25,26,28,30,32,36
15040003899381,00004d41-3200-0400-0000-000000570e65,60,7,19.28,33.5699,-7.68277,4,16:00-21:00,1,27.8,29.0,18.9,9.3,3.67,2.39,0.8,325,7.72,8,15,19,21,24,25,26,27,28,29,30,31,32,33,34,35,36,38,41
15040002539969,00004d41-3200-0400-0000-000000570e66,60,7,65.19,33.56997,-7.68258,4,16:00-21:00,1,23.0,24.0,15.6,8.6,15.03,9.78,0.72,230,24.58,6,12,15,17,19,20,21,21,23,24,24,25,26,27,27,29,30,33,36
15040002538434,00004d41-3200-0400-0000-000000570e67,60,6,92.17,33.56846,-7.68274,4,16:00-21:00,1,26.7,27.0,19.6,9.3,16.97,12.29,1.2,843,20.79,10,14,17,20,21,23,24,25,26,27,28,29,31,32,33,34,36,38,41
15040004999496,00004d41-3200-0400-0000-000000570e68,60,6,5.24,33.56886,-7.68187,4,16:00-21:00,1,27.6,28.0,21.5,8.9,0.88,0.67,1.12,838,0.98,11,16,19,21,23,24,25,26,27,28,29,30,31,32,33,34,36,38,42
15040003792476,00004d41-3200-0400-0000-000000570e6c,60,7,40.73,33.56968,-7.6816,4,16:00-21:00,1,16.5,16.0,12.7,6.5,11.54,9.16,1.17,163,10.43,6,8,10,11,13,13,14,15,15,16,17,18,18,20,21,22,23,26,28
15040003899363,00004d41-3200-0400-0000-000000570e6d,60,7,22.5,33.56936,-7.68138,4,16:00-21:00,1,15.2,15.0,11.7,6.6,6.91,5.4,1.08,167,4.73,6,6,8,9,11,12,13,13,14,15,15,16,17,18,20,21,22,26,28
15040002537650,00004d41-3200-0400-0000-000000570e6f,60,6,93.54,33.56846,-7.68274,4,16:00-21:00,1,19.6,19.0,13.1,9.7,25.8,17.72,1.25,941,25.94,5,7,9,11,12,14,16,17,18,19,21,22,23,24,25,27,30,33,36
15040002537100,00004d41-3200-0400-0000-000000570e70,60,6,66.17,33.56808,-7.68364,4,16:00-21:00,1,12.8,12.0,8.9,7.2,26.89,19.85,1.28,904,21.96,4,5,6,7,7,8,9,10,11,12,13,13,15,16,17,19,20,22,26
15040002584575,00004d41-3200-0400-0000-000000570e7e,60,6,27.04,33.56888,-7.68182,4,16:00-21:00,1,27.4,28.0,22.1,8.7,4.4,3.48,1.11,825,4.01,11,15,18,21,23,24,25,26,27,28,29,30,31,32,33,34,36,37,41
15040002539375,00004d41-3200-0400-0000-000000570e7f,60,6,34.74,33.56901,-7.68158,4,16:00-21:00,1,27.3,28.0,22.5,8.4,5.56,4.47,1.06,833,7.06,13,16,18,21,22,24,25,26,26,28,29,30,31,32,33,34,36,37,40
15040003899202,00004d41-3200-0400-0000-000000570eb5,60,7,16.66,33.57004,-7.68523,4,16:00-21:00,1,14.8,15.0,11.8,5.5,5.08,4.0,1.15,35,4.33,8,9,10,10,11,11,12,13,14,15,15,15,15,17,18,18,22,23,25
15040004999545,00004d41-3200-0400-0000-000000570ec0,60,7,31.35,33.57011,-7.68508,4,16:00-21:00,1,14.5,14.0,11.6,5.2,9.71,8.06,1.16,34,8.22,8,9,10,10,11,11,12,13,14,14,15,15,15,16,18,18,20,22,25
15040002845176,00004d41-3200-0400-0000-000000570ec1,60,7,25.34,33.57024,-7.68478,4,16:00-21:00,1,14.5,14.0,11.6,5.2,7.85,6.52,1.16,34,6.64,8,9,10,10,11,11,12,13,14,14,15,15,15,16,18,18,20,22,25
15040003792310,00004d41-3200-0400-0000-000000570ec4,60,7,39.72,33.56922,-7.68423,4,16:00-21:00,1,23.2,24.0,18.3,8.0,7.82,5.96,1.15,503,6.62,8,12,15,17,18,20,21,22,23,24,25,26,27,28,29,30,31,32,35
15040003792326,00004d41-3200-0400-0000-000000570ecc,60,7,15.37,33.57034,-7.68453,4,16:00-21:00,1,15.0,15.0,11.8,5.6,4.67,3.69,1.15,34,4.06,8,9,10,10,11,12,12,14,14,15,15,15,16,17,18,20,22,23,25
15040004651031,00004d41-3200-0400-0000-000000570ecf,60,7,47.24,33.56943,-7.68378,4,16:00-21:00,1,23.8,24.0,19.8,7.6,8.6,7.09,1.11,501,6.25,10,14,17,18,19,20,21,23,23,24,25,26,27,28,29,30,31,33,35
15040004999563,00004d41-3200-0400-0000-000000570ee0,60,6,18.03,33.57247,-7.68523,4,16:00-21:00,1,17.7,18.0,7.1,11.2,9.21,3.61,1.02,930,13.31,2,3,4,6,7,10,12,14,16,18,19,21,23,24,26,27,29,32,36
15040004999568,00004d41-3200-0400-0000-000000570ee8,60,7,8.98,33.5704,-7.68438,4,16:00-21:00,1,15.5,15.0,12.1,5.7,2.68,2.16,1.15,31,2.47,8,10,10,11,11,12,14,14,15,15,15,15,17,18,18,20,22,23,25
15040006419591,00004d41-3200-0400-0000-000000570eeb,60,7,15.54,33.57044,-7.6843,4,16:00-21:00,1,14.4,14.0,11.1,6.0,5.04,4.0,1.07,30,4.37,7,8,10,10,10,10,11,11,13,14,15,15,15,16,18,18,22,23,25
15040003792355,00004d41-3200-0400-0000-000000570eec,60,7,13.82,33.57052,-7.68416,4,16:00-21:00,1,12.4,10.0,5.3,7.9,9.44,4.98,0.82,37,17.91,2,2,5,5,6,8,8,9,10,10,13,14,16,17,17,20,20,25,28
15040004096790,00004d41-3200-0400-0000-000000570eee,60,7,37.24,33.56959,-7.68343,4,16:00-21:00,1,22.7,23.0,19.2,7.2,6.98,5.83,1.11,491,4.39,10,14,16,18,18,19,20,21,21,23,24,25,26,26,27,28,30,32,35
15040002579541,00004d41-3200-0400-0000-000000570ef1,60,6,29.28,33.56925,-7.68112,4,16:00-21:00,1,26.0,27.0,20.8,8.7,5.06,3.9,1.13,978,5.28,11,14,16,18,20,22,24,25,26,27,28,29,30,31,32,33,35,37,40
15040004981403,00004d41-3200-0400-0000-000000570ef2,60,6,30.01,33.56938,-7.68084,4,16:00-21:00,1,24.9,25.0,20.2,8.5,5.35,4.32,1.14,990,5.18,11,13,15,17,19,21,22,23,24,25,26,27,28,29,31,32,33,35,38
15040002544486,00004d41-3200-0400-0000-000000570f01,60,7,24.4,33.57126,-7.67957,4,16:00-21:00,1,16.0,16.0,14.1,5.2,6.24,5.49,1.06,42,2.88,9,9,11,12,13,14,14,15,15,16,17,17,18,18,18,19,20,22,25
15040002582280,00004d41-3200-0400-0000-000000570f03,60,7,17.88,33.57112,-7.67991,4,16:00-21:00,1,16.0,16.0,14.1,5.2,4.57,4.02,1.17,42,2.11,9,9,11,12,13,14,14,15,15,16,17,17,18,18,18,19,20,22,25
15040003792470,00004d41-3200-0400-0000-000000570f04,60,7,17.62,33.57119,-7.67974,4,16:00-21:00,1,16.0,16.0,14.1,5.2,4.5,3.96,1.09,42,2.08,9,9,11,12,13,14,14,15,15,16,17,17,18,18,18,19,20,22,25
15040004282804,00004d41-3200-0400-0000-000000570f12,60,6,65.27,33.56671,-7.67685,4,16:00-21:00,1,20.4,21.0,12.7,9.8,18.46,11.19,1.06,1481,23.17,4,7,9,11,13,15,16,18,20,21,23,24,25,26,28,28,29,31,35
15040002845874,00004d41-3200-0400-0000-000000571031,60,4,7.66,33.56082,-7.65018,4,16:00-21:00,1,31.2,31.0,25.6,11.7,1.08,0.89,0.99,2082,1.03,13,17,20,22,24,26,27,29,30,31,32,34,35,36,38,39,42,44,50
15040004303350,00004d41-3200-0400-0000-000000571032,60,4,137.58,33.56088,-7.65014,4,16:00-21:00,1,32.1,33.0,27.5,10.0,18.02,15.01,1.01,2052,11.94,14,18,21,25,26,28,29,30,32,33,34,35,36,37,38,40,41,44,48
15040003793415,00004d41-3200-0400-0000-0000005711fc,60,4,51.91,33.55356,-7.68928,4,16:00-21:00,1,18.2,18.0,12.2,9.7,15.27,10.38,1.08,2285,13.03,5,6,8,9,10,12,14,15,16,18,19,20,22,23,25,26,28,31,35
15040005338182,00004d41-3200-0400-0000-000000571222,60,4,37.83,33.55516,-7.68566,4,16:00-21:00,1,25.0,26.0,19.6,8.9,6.95,5.24,1.01,2724,6.88,10,13,15,17,19,20,22,23,24,26,27,28,29,30,31,32,34,36,38
15040004293422,00004d41-3200-0400-0000-000000571228,60,7,32.59,33.55679,-7.66768,4,16:00-21:00,1,22.9,20.0,13.3,17.2,8.8,5.87,1.12,82,9.91,4,6,11,13,14,15,17,18,19,20,20,22,22,25,26,28,31,37,55
15040002577860,00004d41-3200-0400-0000-000000571229,60,7,29.83,33.55682,-7.66733,4,16:00-21:00,1,14.3,12.0,7.0,12.6,15.39,8.95,1.29,261,25.59,3,4,5,6,7,8,9,10,11,12,13,14,16,17,18,20,22,24,27
15040004097031,00004d41-3200-0400-0000-000000571236,60,7,75.9,33.55717,-7.68075,4,16:00-21:00,1,22.1,24.0,11.2,11.0,24.37,11.39,0.91,35,33.88,3,3,10,13,16,20,22,23,23,24,24,24,24,26,26,27,29,33,46
15040002544481,00004d41-3200-0400-0000-000000571237,60,7,44.19,33.55741,-7.67998,4,16:00-21:00,1,16.4,18.0,9.6,10.8,16.53,8.84,0.8,31,16.77,3,5,6,9,10,11,11,14,14,18,19,19,19,20,20,21,22,24,28
15040006420442,00004d41-3200-0400-0000-000000571243,60,5,99.85,33.55924,-7.67276,4,16:00-21:00,1,27.4,26.0,22.1,10.4,16.25,13.83,0.92,72,10.46,10,12,15,19,21,23,24,25,26,26,29,31,32,32,34,37,38,38,41
15040004652267,00004d41-3200-0400-0000-000000571277,60,6,26.03,33.5534,-7.68261,4,16:00-21:00,1,31.2,32.0,16.9,13.2,5.56,2.93,1.28,933,17.9,8,14,17,21,23,25,27,29,30,32,33,35,36,38,40,42,44,47,52
15040004981928,00004d41-3200-0400-0000-00000057127a,60,6,25.62,33.55349,-7.68235,4,16:00-21:00,1,30.2,30.0,18.5,13.2,4.99,3.07,1.12,937,9.96,8,13,17,20,22,23,25,27,29,30,32,33,35,37,39,40,43,46,51
15040006420388,00004d41-3200-0400-0000-00000057127b,60,6,13.83,33.55358,-7.68209,4,16:00-21:00,1,29.0,29.0,15.3,12.9,3.25,1.72,1.31,950,10.08,7,13,16,19,21,22,24,26,27,29,30,32,34,35,37,39,41,45,50
15040005000040,00004d41-3200-0400-0000-000000571288,60,7,35.43,33.55138,-7.683,4,16:00-21:00,1,17.3,19.0,12.0,8.4,10.61,6.71,0.98,41,8.29,5,5,7,8,10,14,14,16,18,19,19,20,20,21,23,24,25,25,29
15040002846331,00004d41-3200-0400-0000-000000571289,60,7,26.29,33.55168,-7.68314,4,16:00-21:00,1,16.4,18.0,12.0,7.0,7.87,5.26,0.95,51,5.83,4,6,8,9,10,13,14,16,17,18,19,19,20,20,22,22,24,25,25
15040003794268,00004d41-3200-0400-0000-00000057128c,60,7,23.73,33.55277,-7.67856,4,16:00-21:00,1,17.2,16.0,12.9,9.5,6.61,5.34,0.59,34,3.96,5,6,9,9,10,12,13,14,16,16,17,18,19,20,22,25,25,26,31
15040003901075,00004d41-3200-0400-0000-00000057129d,60,7,14.78,33.55136,-7.6784,4,16:00-21:00,1,14.6,13.0,10.2,7.7,5.22,4.09,1.02,33,3.52,4,5,6,6,7,10,11,12,12,13,15,17,18,20,20,21,23,27,28
15040004652216,00004d41-3200-0400-0000-00000057129f,60,7,13.88,33.55127,-7.67868,4,16:00-21:00,1,14.6,13.0,10.2,7.8,4.9,3.84,1.02,33,3.31,4,5,6,6,7,10,11,12,12,13,15,17,18,20,20,21,23,27,29
15040005000045,00004d41-3200-0400-0000-0000005712a0,60,7,14.64,33.55131,-7.67855,4,16:00-21:00,1,14.6,13.0,10.2,7.8,5.17,4.05,1.02,33,3.49,4,5,6,6,7,10,11,12,12,13,15,17,18,20,20,21,23,27,29
15040004981950,00004d41-3200-0400-0000-0000005712a2,60,7,32.71,33.55111,-7.6792,4,16:00-21:00,1,14.6,14.0,9.8,7.5,12.01,8.41,1.16,33,9.57,4,4,5,6,7,10,12,13,13,14,17,17,18,20,20,21,23,26,28
15040006420345,00004d41-3200-0400-0000-0000005712a3,60,7,17.91,33.55121,-7.67887,4,16:00-21:00,1,14.3,14.0,9.4,7.4,6.9,4.61,1.23,35,5.63,3,4,5,6,7,10,12,13,13,14,17,17,18,20,20,20,21,23,27
15040004097072,00004d41-3200-0400-0000-0000005712a6,60,7,75.44,33.55032,-7.67758,4,16:00-21:00,1,14.7,14.0,9.6,9.6,28.18,19.4,1.35,31,26.01,3,6,7,9,9,10,11,12,13,14,14,14,16,16,17,19,20,20,45
15040002539954,00004d41-3200-0400-0000-000000571862,60,6,59.4,33.56846,-7.68274,4,16:00-21:00,1,19.9,20.0,17.2,5.9,12.42,10.69,1.12,445,7.35,9,13,14,15,17,17,18,19,19,20,21,21,22,23,24,24,25,28,29
15040002538480,00004d41-3200-0400-0000-000000571863,60,6,60.44,33.56799,-7.68244,4,16:00-21:00,1,20.9,21.0,18.0,6.0,12.09,10.36,1.11,446,7.48,9,13,15,16,17,18,19,20,21,21,22,23,23,24,25,26,27,28,30
15040002848540,00004d41-3200-0400-0000-000000571a81,60,6,24.64,33.55289,-7.68889,4,16:00-21:00,1,19.0,19.0,16.9,5.6,5.24,4.67,0.93,137,2.29,8,12,13,15,16,17,17,18,18,19,19,20,21,22,23,24,24,25,28
15040004097505,00004d41-3200-0400-0000-000000571a8e,60,7,37.55,33.55171,-7.68758,4,16:00-21:00,1,17.9,18.0,15.7,5.9,8.61,7.51,1.04,50,3.7,8,11,12,12,14,14,15,16,18,18,18,19,20,21,22,22,23,26,28
15040004653220,00004d41-3200-0400-0000-000000571a8f,60,7,32.0,33.5514,-7.68743,4,16:00-21:00,1,17.9,18.0,14.9,6.2,7.72,6.4,1.13,54,4.56,6,11,12,13,14,15,16,17,18,18,18,19,20,21,23,23,24,26,28
15040002848529,00004d41-3200-0400-0000-000000571a91,60,7,8.2,33.55114,-7.68819,4,16:00-21:00,1,19.0,18.0,15.3,7.8,1.93,1.64,0.96,162,1.15,7,10,11,13,14,15,16,17,18,18,19,20,21,22,23,25,26,28,33
15040006421642,00004d41-3200-0400-0000-000000571a93,60,7,13.62,33.55079,-7.68788,4,16:00-21:00,1,13.4,14.0,11.2,5.1,4.37,3.5,1.04,33,2.16,5,6,7,8,10,11,12,13,13,14,14,15,16,16,16,17,19,20,22
15040003796471,00004d41-3200-0400-0000-000000571a94,60,7,14.52,33.55069,-7.68779,4,16:00-21:00,1,13.5,14.0,11.2,5.1,4.65,3.73,1.04,33,2.3,5,6,7,8,10,11,12,13,14,14,14,15,16,16,16,17,19,20,22
15040003902340,00004d41-3200-0400-0000-000000571a95,60,7,19.04,33.55117,-7.68717,4,16:00-21:00,1,18.3,18.0,15.7,5.9,4.36,3.81,0.91,72,2.41,7,11,13,14,15,16,17,17,18,18,18,19,20,21,22,23,25,26,28
15040004097507,00004d41-3200-0400-0000-000000571a96,60,7,16.69,33.55101,-7.6871,4,16:00-21:00,1,18.3,18.0,15.7,5.9,3.83,3.34,0.9,72,2.11,7,11,13,14,15,16,17,17,18,18,18,19,20,21,22,23,25,26,28
15040002536687,00004d41-3200-0400-0000-000000571ab6,60,5,54.46,33.55484,-7.68626,4,16:00-21:00,1,22.3,23.0,18.8,7.3,10.46,8.52,0.96,1318,7.2,9,13,15,17,18,19,20,21,22,23,23,24,25,26,27,28,29,31,34
15040002536689,00004d41-3200-0400-0000-000000571ab7,60,5,32.84,33.55438,-7.68604,4,16:00-21:00,1,28.8,29.0,23.1,9.5,5.13,4.08,1.08,1328,6.6,13,16,19,21,23,24,26,27,28,29,31,32,33,34,35,36,38,40,43
15040004097523,00004d41-3200-0400-0000-000000571abe,60,6,17.61,33.54425,-7.67897,4,16:00-21:00,1,21.4,22.0,15.0,7.4,4.22,2.88,1.12,2294,8.51,8,12,14,16,17,18,19,20,21,22,23,23,24,25,26,27,28,30,32
15040004653355,00004d41-3200-0400-0000-000000571abf,60,6,26.78,33.54439,-7.67905,4,16:00-21:00,1,23.5,24.0,17.7,7.9,5.45,4.02,1.01,2303,7.92,9,14,16,18,19,20,21,22,23,24,25,25,26,27,28,29,31,33,35
15040003902544,00004d41-3200-0400-0000-000000571acd,60,7,39.24,33.5407,-7.67601,4,16:00-21:00,1,10.4,9.8,7.1,5.1,19.85,14.41,0.77,34,19.7,2,5,6,6,7,7,7,8,10,10,10,11,13,13,14,15,16,18,19
15040005000858,00004d41-3200-0400-0000-000000571ad0,60,7,48.14,33.54113,-7.67633,4,16:00-21:00,1,15.0,13.0,6.8,13.6,25.36,13.33,1.17,44,28.41,2,3,3,3,8,9,10,12,13,13,14,15,15,15,20,22,23,24,26
15040006421820,00004d41-3200-0400-0000-000000571ad3,60,7,40.91,33.54373,-7.6768,4,16:00-21:00,1,21.3,21.0,18.8,5.7,7.82,7.01,1.02,173,4.49,12,14,16,17,18,19,19,20,20,21,23,23,24,25,25,26,27,28,30
15040005000871,00004d41-3200-0400-0000-000000571ad8,60,7,31.37,33.54764,-7.67459,4,16:00-21:00,1,19.7,18.0,14.8,8.3,7.62,6.27,1.46,30,6.05,5,10,11,12,13,13,16,17,18,18,19,21,25,26,27,27,28,28,34
15040002848747,00004d41-3200-0400-0000-000000571ad9,60,7,29.3,33.54777,-7.67429,4,16:00-21:00,1,20.3,19.0,15.2,8.2,6.93,5.55,1.42,30,5.67,5,10,11,12,13,16,18,18,19,19,21,22,26,26,27,27,28,28,34
15040006421801,00004d41-3200-0400-0000-000000571adb,60,7,27.6,33.54764,-7.67459,4,16:00-21:00,1,27.1,29.0,21.2,11.0,4.69,3.43,1.2,50,2.88,9,10,13,14,15,23,25,26,27,29,31,31,32,33,34,36,38,41,42
15040004983063,00004d41-3200-0400-0000-000000571ae2,60,7,47.59,33.54539,-7.67304,4,16:00-21:00,1,21.1,22.0,17.7,6.6,9.7,7.79,0.98,236,7.37,10,13,15,16,17,18,19,20,21,22,22,23,23,24,25,26,27,28,31
15040006421809,00004d41-3200-0400-0000-000000571ae3,60,7,131.63,33.54555,-7.67257,4,16:00-21:00,1,22.2,22.0,19.0,7.4,24.91,21.54,0.99,254,14.3,9,14,16,17,18,19,20,20,21,22,22,24,24,25,26,27,28,30,33
15040003796671,00004d41-3200-0400-0000-000000571ae4,60,7,23.51,33.5449,-7.6723,4,16:00-21:00,1,32.3,34.0,28.3,9.6,2.99,2.49,0.89,53,1.61,18,20,21,23,25,27,28,31,33,34,34,35,36,38,38,41,42,44,48
15040003902526,00004d41-3200-0400-0000-000000571ae5,60,7,60.96,33.54497,-7.67206,4,16:00-21:00,1,32.9,34.0,26.6,10.4,8.26,6.45,0.93,49,6.66,15,18,23,25,27,28,31,33,34,34,35,36,37,38,41,42,43,44,48
15040004983132,00004d41-3200-0400-0000-000000571b9a,60,5,26.86,33.54256,-7.67301,4,16:00-21:00,1,33.2,35.0,27.1,11.5,3.56,2.76,0.95,1376,2.52,12,18,20,22,25,27,29,31,33,35,36,38,39,40,42,43,45,47,50
15040006421667,00004d41-3200-0400-0000-000000571b9b,60,5,7.92,33.54281,-7.67302,4,16:00-21:00,1,32.2,33.0,26.3,11.4,1.09,0.86,0.85,1358,0.75,13,17,19,22,24,26,28,30,32,33,35,36,38,39,40,42,44,46,49
15040004108992,00004d41-3200-0400-0000-0000005723ab,60,7,35.34,33.5761,-7.67352,4,16:00-21:00,1,19.1,18.0,11.7,12.5,10.91,7.07,1.05,104,10.58,4,5,6,10,12,15,16,17,17,18,19,19,20,21,22,24,26,29,45
15040002571711,00004d41-3200-0400-0000-0000005786c5,60,7,60.78,33.5557,-7.68458,4,16:00-21:00,1,19.5,20.0,16.5,5.8,13.26,10.94,0.99,451,10.11,8,12,14,15,16,17,18,19,19,20,20,21,22,22,23,24,25,26,28
15040002537671,00004d41-3200-0400-0000-0000005786da,60,4,92.36,33.55635,-7.68358,4,16:00-21:00,1,17.3,15.0,12.2,9.7,27.36,22.17,1.01,2268,19.74,6,7,7,8,9,10,11,13,14,15,17,18,20,21,23,26,29,32,36
15040004686058,00004d41-3200-0400-0000-00000057ffff,60,4,17.34,33.57013,-7.66633,4,16:00-21:00,1,46.6,49.0,38.2,16.3,1.64,1.27,1.01,6931,1.07,18,21,26,31,36,41,44,46,47,49,50,52,54,55,58,60,62,66,71
15040003273930,00004d41-3200-0400-0000-000000580000,60,4,263.75,33.57012,-7.66614,4,16:00-21:00,1,41.0,43.0,35.1,13.5,27.02,22.08,1.0,6848,14.31,18,22,24,27,30,33,36,40,41,43,44,47,49,50,50,52,54,57,61
15040005041730,00004d41-3200-0400-0000-00000058009b,60,4,9.24,33.57021,-7.66804,4,16:00-21:00,1,29.2,30.0,22.6,10.2,1.47,1.11,1.09,5064,1.53,10,15,19,22,24,26,27,28,29,30,31,32,33,34,35,36,38,40,43
15040003860799,00004d41-3200-0400-0000-0000005800a4,60,7,44.47,33.57446,-7.67254,4,16:00-21:00,1,14.2,14.0,12.0,5.8,13.35,11.44,1.09,48,6.08,6,7,7,9,10,11,12,13,13,14,15,16,16,16,17,18,20,21,23
15040002557006,00004d41-3200-0400-0000-0000005800a5,60,7,64.15,33.5764,-7.67293,4,16:00-21:00,1,18.2,17.0,12.8,11.3,18.07,13.58,0.95,115,15.87,6,8,10,10,12,13,14,15,16,17,17,18,19,20,21,22,23,29,37
15040003860800,00004d41-3200-0400-0000-0000005800ac,60,7,28.13,33.57572,-7.6737,4,16:00-21:00,1,17.0,17.0,13.6,6.9,7.43,5.96,0.96,105,4.17,6,8,9,11,12,13,14,15,16,17,18,19,20,21,21,23,24,26,29
15040002900614,00004d41-3200-0400-0000-0000005800b9,60,7,43.03,33.57581,-7.67574,4,16:00-21:00,1,15.5,14.0,11.5,8.6,13.53,11.06,1.09,155,9.93,6,7,8,8,9,11,12,13,14,14,15,16,17,18,19,20,22,24,30
15040005009506,00004d41-3200-0400-0000-0000005800ba,60,7,47.01,33.57544,-7.67549,4,16:00-21:00,1,16.9,17.0,14.2,5.6,11.91,9.96,1.15,103,7.76,7,10,11,12,14,15,15,16,17,17,18,18,19,19,20,21,22,25,26
15040006450554,00004d41-3200-0400-0000-0000005800bb,60,7,21.73,33.57527,-7.67538,4,16:00-21:00,1,17.1,18.0,15.2,5.1,5.15,4.35,1.16,97,2.16,8,10,11,13,14,15,15,16,17,18,18,19,19,19,20,21,22,23,27
15040006450575,00004d41-3200-0400-0000-0000005800d3,60,7,62.24,33.57644,-7.67416,4,16:00-21:00,1,22.5,21.0,18.1,15.3,12.39,10.67,0.67,84,7.35,9,13,16,17,17,18,19,19,20,21,22,23,24,25,25,26,28,30,35
15040002577856,00004d41-3200-0400-0000-0000005800f5,60,4,107.97,33.57025,-7.66632,4,16:00-21:00,1,20.8,20.0,12.4,12.6,31.25,19.43,1.07,7636,27.68,5,6,7,8,10,11,13,15,17,20,21,23,26,28,29,31,35,40,43
15040004686201,00004d41-3200-0400-0000-0000005800f7,60,4,45.43,33.57032,-7.66748,4,16:00-21:00,1,25.3,29.0,16.3,10.4,10.05,5.64,0.95,1738,13.76,5,10,13,15,18,21,24,26,27,29,30,31,32,33,33,33,33,33,34
15040005031810,00004d41-3200-0400-0000-000000582cd0,60,3,75.12,33.56954,-7.66779,4,16:00-21:00,1,14.5,11.0,7.4,11.9,36.35,24.58,1.0,6237,29.09,3,3,4,4,5,6,7,8,9,11,12,14,16,18,21,23,28,33,39
15040006457609,00004d41-3200-0400-0000-000000582cd3,60,4,108.18,33.57019,-7.66749,4,16:00-21:00,1,38.4,40.0,32.7,11.9,11.92,9.74,1.02,6848,7.29,16,20,24,28,32,35,36,38,39,40,41,42,43,45,46,47,49,52,55
15040004531898,00004d41-3200-0400-0000-000000585483,60,4,5.66,33.57143,-7.66913,4,16:00-21:00,1,20.7,21.0,12.0,9.4,1.69,0.97,1.1,4476,3.28,4,8,11,13,15,17,18,19,20,21,22,23,24,25,26,28,29,31,34
15040003886390,00004d41-3200-0400-0000-000000585484,60,4,10.25,33.57145,-7.66907,4,16:00-21:00,1,20.9,22.0,11.0,9.6,3.37,1.68,1.09,4470,7.73,4,7,10,13,15,17,18,20,21,22,23,24,25,26,27,28,29,31,35
15040004531894,00004d41-3200-0400-0000-000000585486,60,4,9.44,33.57158,-7.66904,4,16:00-21:00,1,16.4,16.0,10.0,9.3,3.41,2.12,1.13,3558,4.04,3,5,7,8,10,11,12,14,15,16,17,18,19,21,22,23,25,27,31
15040004531893,00004d41-3200-0400-0000-000000585487,60,4,5.25,33.57154,-7.66913,4,16:00-21:00,1,16.8,17.0,8.9,9.6,2.13,1.11,1.12,3563,3.25,3,4,6,8,10,11,13,15,16,17,18,19,20,22,23,24,26,27,31
15040002918548,00004d41-3200-0400-0000-000000585489,60,6,13.07,33.57368,-7.67097,4,16:00-21:00,1,25.1,26.0,18.9,9.8,2.5,1.81,1.01,1469,2.44,8,11,14,17,19,20,22,23,24,26,27,28,30,31,32,33,35,37,39
15040005999690,00004d41-3200-0400-0000-00000058548a,60,6,5.03,33.57375,-7.67085,4,16:00-21:00,1,28.3,30.0,20.7,10.8,0.87,0.6,1.08,1470,1.01,8,12,16,19,22,24,26,27,29,30,31,32,33,34,35,37,38,40,44
15040002918348,00004d41-3200-0400-0000-0000005854a9,24,7,81.19,33.56791,-7.66386,4,16:00-21:00,1,22.4,20.0,19.2,8.0,15.19,14.61,1.07,107,7.49,12,14,15,16,17,17,18,19,20,20,22,24,25,26,27,29,32,35,37
15040005018483,00004d41-3200-0400-0000-0000005854aa,24,7,166.39,33.56751,-7.66313,4,16:00-21:00,1,22.4,20.0,19.3,8.1,31.11,29.95,1.08,108,15.3,12,14,15,16,17,17,18,19,19,20,22,24,25,26,27,29,32,35,37
15040006462738,00004d41-3200-0400-0000-0000005854ab,60,7,151.49,33.56912,-7.66298,4,16:00-21:00,1,23.9,23.0,21.2,7.5,25.69,23.71,1.04,574,10.88,13,15,16,17,18,19,20,21,22,23,24,26,27,28,29,31,32,34,36
15040004707599,00004d41-3200-0400-0000-00000058bd77,60,7,58.87,33.54837,-7.68348,4,16:00-21:00,1,15.8,13.0,7.5,12.4,28.37,16.3,0.87,44,39.64,2,3,7,8,10,11,11,12,12,13,14,14,14,14,15,20,23,35,45
15040003977167,00004d41-3200-0400-0000-00000058bda5,60,7,72.04,33.54646,-7.67166,4,16:00-21:00,1,22.1,22.0,19.1,7.4,13.6,11.79,0.94,254,7.64,10,14,16,17,18,19,20,20,21,22,22,23,24,25,26,27,28,30,32
15040004707617,00004d41-3200-0400-0000-00000058bda7,60,7,22.67,33.54676,-7.67075,4,16:00-21:00,1,19.1,19.0,15.1,7.0,5.4,4.3,0.95,48,4.2,8,10,14,14,15,15,16,17,18,19,20,21,21,23,23,25,26,27,30
15040005041583,00004d41-3200-0400-0000-00000058bda8,60,6,62.73,33.54695,-7.67067,4,16:00-21:00,1,20.0,19.0,17.6,6.6,12.83,11.89,0.99,1306,5.93,10,12,14,15,16,17,17,18,19,19,20,21,22,23,24,25,26,28,31
15040005041586,00004d41-3200-0400-0000-00000058bdb0,60,7,29.67,33.54849,-7.67894,4,16:00-21:00,1,12.4,14.0,9.8,4.8,10.87,7.63,0.86,36,6.96,3,6,7,7,8,10,10,11,13,14,14,15,16,16,16,16,17,17,18
15040003907123,00004d41-3200-0400-0000-00000058bdb4,60,7,9.07,33.54996,-7.67648,4,16:00-21:00,1,18.0,16.0,8.3,13.7,3.96,2.04,1.1,168,5.28,3,4,5,6,8,10,11,12,14,16,17,18,21,23,25,26,31,35,42
15040004707624,00004d41-3200-0400-0000-00000058bdb7,60,7,34.34,33.5499,-7.68163,4,16:00-21:00,1,15.6,16.0,12.4,6.8,9.97,7.73,1.12,81,5.84,5,7,9,9,10,12,13,15,15,16,16,17,18,19,20,21,21,22,25
15040003977197,00004d41-3200-0400-0000-00000058bdcd,60,6,62.13,33.55159,-7.68822,4,16:00-21:00,1,22.9,23.0,18.8,6.8,11.9,9.72,1.01,355,12.09,10,14,17,18,19,20,21,22,23,23,24,25,26,26,27,28,29,31,34
15040004707641,00004d41-3200-0400-0000-00000058bdcf,60,7,48.87,33.55133,-7.67453,4,16:00-21:00,1,17.1,17.0,15.6,4.3,11.27,10.35,1.0,347,4.79,10,12,14,14,15,15,16,16,17,17,18,18,18,19,19,20,21,22,24
15040005025604,00004d41-3200-0400-0000-00000058bdd2,60,6,51.74,33.55135,-7.67667,4,16:00-21:00,1,25.8,26.0,19.7,9.0,9.47,7.16,1.04,2556,16.62,10,14,17,19,20,21,23,24,25,26,27,28,29,31,32,33,35,36,39
15040003977194,00004d41-3200-0400-0000-00000058bdd5,60,6,39.74,33.5519,-7.68841,4,16:00-21:00,1,19.1,20.0,16.3,5.9,8.79,7.15,0.99,220,5.57,8,11,13,15,16,17,18,18,19,20,20,20,21,22,23,23,24,26,28
15040006468433,00004d41-3200-0400-0000-00000058bddb,60,7,48.41,33.55225,-7.68912,4,16:00-21:00,1,17.6,18.0,14.3,5.9,12.16,9.68,1.01,110,8.94,6,11,12,13,15,15,16,16,17,18,19,20,20,20,21,22,23,24,26
15040003908135,00004d41-3200-0400-0000-00000058bddc,60,7,49.65,33.55225,-7.68342,4,16:00-21:00,1,17.3,19.0,12.6,7.1,14.25,9.41,0.82,41,11.47,4,6,8,11,13,14,16,18,18,19,19,20,21,22,22,23,25,25,25
15040005025619,00004d41-3200-0400-0000-00000058bde8,60,6,8.98,33.55324,-7.68909,4,16:00-21:00,1,17.4,17.0,9.5,7.4,3.4,1.9,0.71,151,8.6,3,7,10,12,13,14,15,16,16,17,19,19,21,21,22,22,24,27,30
15040002928540,00004d41-3200-0400-0000-00000058bde9,60,6,28.85,33.55346,-7.68925,4,16:00-21:00,1,17.4,18.0,9.5,9.1,10.95,5.77,0.97,167,23.25,4,7,9,10,12,13,14,15,17,18,18,19,20,21,22,23,24,26,29
15040005025621,00004d41-3200-0400-0000-00000058bdea,60,6,21.13,33.55332,-7.68909,4,16:00-21:00,1,15.6,14.0,10.2,8.3,7.43,5.43,0.89,155,7.47,4,5,7,9,10,11,12,13,13,14,15,16,18,19,20,22,24,27,31
15040003977215,00004d41-3200-0400-0000-00000058bdf5,60,7,36.39,33.55652,-7.67416,4,16:00-21:00,1,14.6,11.0,6.6,12.6,19.8,11.91,1.2,36,27.59,1,4,5,8,8,9,9,9,10,11,11,12,14,16,16,19,20,33,50
15040005331108,00004d41-3200-0400-0000-00000058be00,60,4,36.32,33.55553,-7.68492,4,16:00-21:00,1,18.6,18.0,10.7,10.9,12.2,7.26,1.02,2705,11.86,4,5,5,7,9,11,13,15,17,18,19,21,23,25,26,29,31,34,37
15040005025756,00004d41-3200-0400-0000-00000058be03,60,4,21.35,33.5557,-7.68458,4,16:00-21:00,1,24.1,24.0,19.9,8.4,3.86,3.2,0.93,2861,3.07,11,14,16,17,19,20,21,22,23,24,25,26,27,28,29,31,33,35,38
15040003907958,00004d41-3200-0400-0000-00000058be04,60,6,15.63,33.5558,-7.68465,4,16:00-21:00,1,22.2,21.0,16.3,10.3,3.45,2.68,0.9,507,3.56,8,10,12,14,15,16,18,19,20,21,22,24,26,27,28,30,31,34,38
15040004751786,00004d41-3200-0400-0000-00000058be0e,60,7,14.52,33.55663,-7.67452,4,16:00-21:00,1,19.9,16.0,13.9,15.6,3.76,3.27,0.86,121,2.28,6,7,9,11,11,12,14,14,15,16,18,20,21,22,24,26,29,32,43
15040006025260,00004d41-3200-0400-0000-00000058be12,60,4,28.74,33.5567,-7.68261,4,16:00-21:00,1,24.9,24.0,18.8,9.8,5.49,4.31,0.98,3023,6.4,9,13,16,17,19,20,21,22,23,24,25,26,28,29,31,33,35,38,41
15040003907954,00004d41-3200-0400-0000-00000058be14,60,4,30.59,33.55697,-7.68253,4,16:00-21:00,1,27.6,28.0,22.1,9.5,4.99,3.93,0.96,2397,8.25,13,15,17,19,21,23,24,25,27,28,29,30,31,32,34,35,37,39,43
15040002584585,00004d41-3200-0400-0000-00000058be19,60,4,99.04,33.55724,-7.68191,4,16:00-21:00,1,32.7,34.0,27.9,10.3,12.79,10.49,0.98,3844,8.13,15,19,21,23,25,27,29,31,32,34,35,36,37,39,40,41,43,45,48
15040003933268,00004d41-3200-0400-0000-00000058be1b,60,6,27.44,33.557,-7.68218,4,16:00-21:00,1,21.6,22.0,16.8,8.4,5.86,4.49,1.03,1179,4.99,7,12,14,16,17,18,19,20,21,22,22,23,24,25,26,27,29,31,35
15040005330753,00004d41-3200-0400-0000-00000058be22,60,7,114.02,33.55768,-7.65075,4,16:00-21:00,1,21.9,21.0,14.5,10.0,28.34,19.55,1.27,62,33.73,7,8,11,12,16,17,18,19,20,21,22,25,26,27,29,30,32,36,38
15040002548649,00004d41-3200-0400-0000-00000058be23,60,7,78.24,33.55766,-7.67545,4,16:00-21:00,1,13.6,14.0,10.4,5.3,27.04,20.12,1.07,34,20.05,4,4,9,9,11,12,12,13,13,14,14,15,16,16,17,18,19,20,23
15040005331114,00004d41-3200-0400-0000-00000058be28,60,7,96.28,33.56363,-7.6645,4,16:00-21:00,1,25.3,25.0,19.4,11.6,17.83,13.86,1.06,4805,10.68,9,10,12,13,15,17,18,21,23,25,28,30,31,33,34,36,37,40,43
15040006468443,00004d41-3200-0400-0000-00000058be2b,60,7,40.33,33.55082,-7.68896,4,16:00-21:00,1,19.1,18.0,15.0,7.6,9.7,8.07,1.1,130,8.28,8,9,11,12,13,14,16,17,18,18,20,21,22,23,24,26,28,29,32
15040004117170,00004d41-3200-0400-0000-00000058be2e,60,6,40.28,33.55755,-7.67954,4,16:00-21:00,1,15.7,15.0,7.4,11.1,19.58,9.67,1.06,1895,19.84,2,3,4,4,5,6,8,10,12,15,17,19,20,22,24,25,28,31,35
15040002544482,00004d41-3200-0400-0000-00000058be47,60,7,27.27,33.56037,-7.68042,4,16:00-21:00,1,17.7,18.0,13.6,7.0,7.2,5.45,0.97,281,7.23,7,8,10,11,12,14,14,16,17,18,18,19,21,22,23,24,25,27,29
15040005055973,00004d41-3200-0400-0000-00000058be50,60,5,8.49,33.54935,-7.67178,4,16:00-21:00,1,14.9,9.3,5.0,13.2,6.18,3.29,2.22,30,12.19,2,3,4,4,5,6,7,7,9,9,10,13,15,19,21,21,32,35,39
15040004117184,00004d41-3200-0400-0000-00000058be5e,60,7,52.73,33.55114,-7.68819,4,16:00-21:00,1,19.7,20.0,17.1,5.9,11.08,9.49,1.02,133,7.19,11,13,14,16,17,17,18,18,19,20,20,21,21,22,23,24,25,26,30
15040003977078,00004d41-3200-0400-0000-00000058be6d,60,6,19.02,33.5531,-7.68898,4,16:00-21:00,1,18.9,19.0,13.1,6.3,5.22,3.6,0.88,120,8.4,6,11,13,14,16,17,17,18,19,19,20,21,22,22,23,24,25,26,28
15040002928287,00004d41-3200-0400-0000-00000058be79,60,7,13.78,33.55928,-7.65701,4,16:00-21:00,1,23.7,23.0,16.6,10.4,2.99,2.16,1.22,2148,3.63,7,10,14,16,18,19,20,22,22,23,24,26,26,28,29,31,33,36,42
15040003977513,00004d41-3200-0400-0000-00000058be85,60,7,13.94,33.55944,-7.65702,4,16:00-21:00,1,23.6,23.0,19.3,8.6,2.6,2.18,1.04,2974,2.07,11,14,16,17,18,19,20,21,22,23,24,25,26,27,29,30,32,34,38
15040004747681,00004d41-3200-0400-0000-00000058be86,60,7,12.2,33.56281,-7.65474,4,16:00-21:00,1,29.7,30.0,24.3,10.0,1.81,1.46,0.97,2729,1.8,14,17,20,22,23,25,26,27,29,30,31,32,33,35,36,37,39,41,45
15040004707918,00004d41-3200-0400-0000-00000058be87,60,7,13.96,33.56276,-7.65462,4,16:00-21:00,1,31.8,32.0,27.8,9.9,1.81,1.57,1.05,2305,0.94,16,19,22,23,25,27,28,29,31,32,33,34,36,37,38,40,42,44,48
15040003907996,00004d41-3200-0400-0000-00000058be8c,60,7,14.16,33.56293,-7.65468,4,16:00-21:00,1,31.7,32.0,25.4,11.7,2.01,1.59,1.04,5744,1.7,13,17,20,22,24,25,27,29,30,32,33,35,36,38,39,41,43,46,51
15040003977536,00004d41-3200-0400-0000-00000058be8d,60,7,12.64,33.56287,-7.65456,4,16:00-21:00,1,31.1,31.0,22.4,14.6,2.03,1.47,1.09,581,1.94,10,14,17,19,21,23,24,26,29,31,32,33,35,36,38,41,45,50,59
15040006183051,00004d41-3200-0400-0000-00000058be8e,60,6,10.52,33.56293,-7.68192,4,16:00-21:00,1,29.5,27.0,20.8,13.9,1.82,1.4,1.03,122,1.78,10,14,17,19,20,22,23,24,26,27,29,31,32,35,38,40,42,47,57
15040003933273,00004d41-3200-0400-0000-00000058be93,60,4,11.94,33.56348,-7.66455,4,16:00-21:00,1,23.8,23.0,16.9,10.1,2.55,1.87,1.08,4047,3.19,7,12,15,17,18,20,21,22,23,23,24,25,26,28,29,30,32,35,39
15040005025665,00004d41-3200-0400-0000-00000058be9a,60,7,35.26,33.54539,-7.68073,4,16:00-21:00,1,18.5,19.0,15.5,5.9,8.19,6.68,1.05,66,4.98,6,8,13,15,16,17,18,18,19,19,20,20,21,21,22,23,24,25,27
15040006468454,00004d41-3200-0400-0000-00000058be9b,60,7,35.58,33.54567,-7.68091,4,16:00-21:00,1,18.1,18.0,15.3,5.5,8.35,7.12,0.94,37,5.26,5,12,13,14,15,17,17,18,18,18,18,20,20,20,21,22,24,24,27
15040003908010,00004d41-3200-0400-0000-00000058be9c,60,7,81.44,33.5454,-7.66996,4,16:00-21:00,1,24.1,24.0,18.3,9.9,16.02,12.22,0.93,727,16.53,8,11,13,15,17,19,20,22,23,24,26,26,28,29,30,32,34,36,40
15040003977544,00004d41-3200-0400-0000-00000058be9d,60,7,123.49,33.5454,-7.66996,4,16:00-21:00,1,24.3,23.0,22.0,7.0,20.24,19.33,1.03,788,9.02,14,16,18,19,20,21,22,22,23,23,24,25,26,28,29,30,31,33,36
15040004117192,00004d41-3200-0400-0000-00000058be9e,60,7,28.54,33.54556,-7.67021,4,16:00-21:00,1,20.5,19.0,16.9,8.4,6.07,5.41,1.02,375,3.09,9,10,12,13,14,15,16,17,18,19,20,22,24,25,27,28,29,31,35
15040004707951,00004d41-3200-0400-0000-00000058be9f,60,7,70.05,33.54825,-7.67881,4,16:00-21:00,1,13.0,14.0,10.2,5.3,24.62,18.01,0.95,48,14.94,4,6,7,8,9,10,10,11,12,14,15,15,16,17,17,18,19,20,20
15040005041666,00004d41-3200-0400-0000-00000058bea0,60,7,14.41,33.54843,-7.68362,4,16:00-21:00,1,15.4,13.0,4.2,10.5,12.44,3.99,1.22,55,41.6,1,5,7,8,10,10,11,12,12,13,13,15,17,18,20,21,23,28,35
15040002928469,00004d41-3200-0400-0000-00000058bea1,60,7,8.37,33.54695,-7.67115,4,16:00-21:00,1,20.1,20.0,16.2,7.2,1.86,1.51,1.04,163,1.38,7,11,13,14,16,17,18,18,19,20,21,22,22,24,25,26,28,29,31
15040005025668,00004d41-3200-0400-0000-00000058bea2,60,6,39.74,33.547,-7.67109,4,16:00-21:00,1,21.1,20.0,18.6,7.1,7.69,7.15,1.01,1250,3.31,12,14,14,14,15,16,18,18,19,20,21,22,24,25,27,28,29,29,32
15040006026018,00004d41-3200-0400-0000-00000058bec2,60,7,10.66,33.5592,-7.65707,4,16:00-21:00,1,19.1,18.0,7.4,13.8,5.22,2.13,1.08,819,7.29,2,3,4,5,7,10,12,14,16,18,20,22,24,26,28,30,33,35,42
15040003908045,00004d41-3200-0400-0000-00000058bec4,60,7,10.67,33.55933,-7.6571,4,16:00-21:00,1,29.7,30.0,24.8,9.7,1.55,1.28,1.05,1678,1.16,12,18,21,23,25,26,27,28,29,30,31,32,33,34,35,36,38,40,44
15040003977597,00004d41-3200-0400-0000-00000058bec5,60,7,10.1,33.55928,-7.65701,4,16:00-21:00,1,30.6,29.0,24.9,10.8,1.46,1.25,0.99,8417,1.39,15,19,21,23,24,25,26,27,28,29,31,32,33,34,36,38,41,45,50
15040002566377,00004d41-3200-0400-0000-00000058bee4,60,7,46.02,33.57112,-7.67006,4,16:00-21:00,1,19.9,20.0,15.5,7.3,10.69,8.28,1.0,535,10.13,7,10,13,14,15,16,18,19,20,20,21,22,22,23,24,25,26,28,31
15040002544474,00004d41-3200-0400-0000-00000058bef3,60,4,81.45,33.55959,-7.68036,4,16:00-21:00,1,39.1,41.0,33.6,10.9,8.72,7.15,1.01,3587,11.79,19,24,28,30,33,35,36,38,39,41,42,43,44,45,46,47,49,52,56
15040003977422,00004d41-3200-0400-0000-00000058bf05,22,7,83.44,33.55803,-7.65459,4,16:00-21:00,1,34.3,34.0,29.4,10.4,10.2,8.83,0.89,872,8.59,15,21,24,27,29,30,32,33,34,34,35,36,37,38,40,41,44,47,52
15040004284466,00004d41-3200-0400-0000-00000058bf12,60,7,64.21,33.56422,-7.67501,4,16:00-21:00,1,20.8,21.0,17.6,6.2,13.11,11.01,1.07,187,10.01,10,13,14,16,18,18,19,20,20,21,21,22,23,24,25,26,27,28,30
15040002552006,00004d41-3200-0400-0000-00000058bf13,60,7,70.39,33.56424,-7.67432,4,16:00-21:00,1,22.3,22.0,17.3,7.5,14.63,11.52,1.18,170,14.33,11,14,16,18,18,19,20,21,21,22,23,23,24,25,26,28,30,30,34
15040003907861,00004d41-3200-0400-0000-00000058bf14,60,7,29.85,33.56424,-7.67432,4,16:00-21:00,1,19.6,20.0,16.5,6.1,6.53,5.37,1.02,123,4.3,9,12,13,15,16,17,18,19,19,20,21,21,22,22,23,25,25,27,28
15040003977413,00004d41-3200-0400-0000-00000058bf15,60,7,5.61,33.56429,-7.67432,4,16:00-21:00,1,23.7,24.0,18.4,7.9,1.1,0.84,1.21,154,0.99,8,14,17,18,19,20,21,23,23,24,25,26,27,28,29,30,31,33,35
15040006025885,00004d41-3200-0400-0000-00000058bf2a,60,7,328.43,33.56587,-7.65425,4,16:00-21:00,1,36.8,38.0,33.5,9.7,35.25,31.11,1.07,4762,14.67,20,24,26,28,30,32,34,35,37,38,39,40,41,42,43,45,46,48,51
15040002928704,00004d41-3200-0400-0000-00000058bf31,60,4,142.79,33.56628,-7.65566,4,16:00-21:00,1,25.0,23.0,19.3,12.4,26.69,22.35,1.07,12057,15.31,10,11,12,13,14,16,17,19,21,23,25,27,29,31,34,35,38,43,49
15040003933196,00004d41-3200-0400-0000-00000058bf32,60,4,16.37,33.56587,-7.65425,4,16:00-21:00,1,40.2,39.0,33.0,14.5,1.79,1.51,1.02,8969,1.55,17,22,25,28,30,32,34,36,38,39,41,43,45,48,50,53,56,59,65
15040003907897,00004d41-3200-0400-0000-00000058bf34,60,7,337.02,33.56287,-7.65456,4,16:00-21:00,1,24.2,22.0,20.7,9.9,58.53,55.15,1.07,4813,23.95,13,14,15,16,17,18,19,20,21,22,23,24,26,28,30,32,35,39,44
15040005043525,00004d41-3200-0400-0000-00000058bf38,60,3,9.91,33.5661,-7.68332,4,16:00-21:00,1,28.6,29.0,23.3,9.5,1.53,1.23,0.98,5888,1.67,13,16,18,20,22,24,25,27,28,29,30,32,33,34,35,36,38,40,43
15040002928744,00004d41-3200-0400-0000-00000058bf41,60,6,29.4,33.56747,-7.68234,4,16:00-21:00,1,21.0,21.0,18.3,6.0,5.79,5.04,1.13,448,3.36,10,13,15,16,17,19,19,20,21,21,22,23,24,24,25,26,27,28,30
15040003977470,00004d41-3200-0400-0000-00000058bf5d,60,4,35.51,33.5558,-7.68465,4,16:00-21:00,1,24.7,25.0,19.8,9.9,6.45,5.11,1.04,2423,4.43,9,12,14,16,18,20,21,23,24,25,26,27,28,29,30,32,34,36,42
15040005258505,00004d41-3200-0400-0000-00000058bf5e,60,6,11.98,33.5557,-7.68458,4,16:00-21:00,1,16.5,16.0,10.2,10.5,4.24,2.7,1.0,497,4.05,3,5,6,7,9,10,12,13,15,16,17,18,19,21,22,23,25,27,32
15040005025758,00004d41-3200-0400-0000-00000058bf62,60,4,24.67,33.55591,-7.68442,4,16:00-21:00,1,23.1,22.0,16.5,10.6,5.4,4.04,1.0,2277,5.47,7,10,13,15,16,18,18,19,21,22,23,24,25,27,29,31,34,37,42
15040003227760,00004d41-3200-0400-0000-00000058bf65,60,4,92.49,33.55776,-7.68127,4,16:00-21:00,1,26.6,26.0,19.2,12.7,17.31,12.81,1.13,3440,13.15,8,10,12,14,17,19,21,22,24,26,29,32,33,33,34,36,38,41,49
15040003907962,00004d41-3200-0400-0000-00000058bf6c,60,7,126.99,33.55823,-7.65195,4,16:00-21:00,1,25.6,29.0,17.5,10.2,26.13,15.76,1.36,47,27.21,6,10,12,17,18,22,22,26,28,29,30,31,32,32,33,34,35,37,38
15040002928759,00004d41-3200-0400-0000-00000058bf71,60,4,37.3,33.56699,-7.65748,4,16:00-21:00,1,27.2,27.0,20.5,10.7,6.54,4.97,1.16,1385,6.94,9,12,15,19,21,22,24,25,26,27,29,30,32,33,34,36,37,39,43
15040003933276,00004d41-3200-0400-0000-00000058bf7d,60,4,11.26,33.56363,-7.6645,4,16:00-21:00,1,30.0,26.0,17.5,19.1,2.32,1.56,1.18,6355,2.8,6,10,12,14,16,18,20,22,24,26,28,30,33,35,39,43,49,59,70
15040003933277,00004d41-3200-0400-0000-00000058bf7e,60,7,14.44,33.56352,-7.66443,4,16:00-21:00,1,25.1,22.0,16.9,16.7,3.08,2.36,1.16,7225,2.9,7,10,12,14,15,17,18,19,21,22,23,24,25,27,28,30,34,41,67
15040002537666,00004d41-3200-0400-0000-00000058bf87,60,3,84.64,33.56619,-7.68335,4,16:00-21:00,1,29.8,31.0,24.4,9.6,12.5,9.83,1.06,5775,11.94,13,16,19,21,23,25,27,28,30,31,32,33,34,35,36,38,39,41,44
15040003977539,00004d41-3200-0400-0000-00000058bf8d,60,6,55.18,33.56723,-7.6822,4,16:00-21:00,1,20.9,21.0,18.2,6.0,10.91,9.46,1.13,449,6.32,10,13,15,16,17,18,19,20,21,21,22,23,23,24,25,26,27,28,30
15040005258504,00004d41-3200-0400-0000-00000058bf96,60,7,8.24,33.56831,-7.67645,4,16:00-21:00,1,24.4,24.0,10.3,15.1,2.89,1.24,1.77,166,4.27,2,4,6,9,11,14,16,18,21,24,28,30,32,33,37,39,43,45,48
15040006468486,00004d41-3200-0400-0000-00000058bfdb,60,1,7.17,33.54359,-7.65357,4,16:00-21:00,1,62.7,63.0,59.1,12.8,0.44,0.41,1.0,20664,0.17,39,47,52,54,56,58,59,61,62,63,65,66,67,69,70,72,75,77,81
15040005041771,00004d41-3200-0400-0000-00000058bff0,60,7,192.14,33.54327,-7.6696,4,16:00-21:00,1,30.2,29.0,25.3,11.0,27.3,23.85,0.8,42,15.67,15,17,18,22,22,24,26,26,28,29,30,30,32,33,38,42,44,48,48
15040005025834,00004d41-3200-0400-0000-00000058bff2,60,7,28.78,33.54477,-7.67042,4,16:00-21:00,1,32.9,34.0,29.2,9.5,3.55,3.05,1.02,1097,1.69,16,20,22,25,27,29,31,32,33,34,35,36,37,38,39,40,42,43,47
15040004117266,00004d41-3200-0400-0000-00000058bff6,60,7,52.98,33.545,-7.67026,4,16:00-21:00,1,33.1,34.0,29.0,9.6,6.58,5.61,1.04,1107,3.6,16,20,22,25,27,29,31,32,33,34,35,36,37,38,39,41,42,44,48
15040004708136,00004d41-3200-0400-0000-00000058bff7,60,7,88.96,33.54523,-7.68164,4,16:00-21:00,1,17.9,19.0,15.0,6.0,21.35,16.86,1.27,39,12.16,6,8,12,13,15,16,17,17,18,19,19,20,20,21,22,23,24,25,27
15040002544475,00004d41-3200-0400-0000-00000058bffc,60,4,45.37,33.56027,-7.68069,4,16:00-21:00,1,34.9,36.0,30.1,11.1,5.42,4.54,1.03,3828,3.15,16,20,23,25,27,29,31,32,34,36,37,38,40,41,43,44,46,49,53
15040004117269,00004d41-3200-0400-0000-00000058bffe,60,7,4.83,33.56128,-7.67896,4,16:00-21:00,1,23.1,23.0,21.0,5.5,0.83,0.76,0.96,275,0.38,13,17,18,19,20,21,22,22,23,23,24,24,25,26,27,27,29,30,32
15040004708194,00004d41-3200-0400-0000-00000058bfff,60,7,25.93,33.56128,-7.67896,4,16:00-21:00,1,24.3,25.0,21.3,6.9,4.39,3.73,0.83,55,2.31,10,16,19,20,21,22,23,23,24,25,26,26,26,27,29,30,31,33,35
15040002542264,00004d41-3200-0400-0000-00000058c001,60,7,29.52,33.56142,-7.67869,4,16:00-21:00,1,23.1,23.0,21.0,5.5,5.05,4.62,0.96,275,2.29,13,17,18,19,20,21,22,22,23,23,24,24,25,26,27,27,29,30,31
15040003908812,00004d41-3200-0400-0000-00000058c004,60,7,33.12,33.56133,-7.67869,4,16:00-21:00,1,24.3,25.0,21.3,6.9,5.61,4.77,0.84,55,2.95,10,16,19,20,21,22,23,23,24,25,26,26,26,27,29,30,31,33,35
15040003978026,00004d41-3200-0400-0000-00000058c005,60,7,3.85,33.56148,-7.67835,4,16:00-21:00,1,22.9,23.0,20.4,5.8,0.68,0.6,0.97,305,0.35,13,17,18,19,20,21,21,22,23,23,24,24,25,26,27,27,28,29,32
15040003232820,00004d41-3200-0400-0000-00000058c006,60,7,29.76,33.56146,-7.67839,4,16:00-21:00,1,22.9,23.0,20.4,5.7,5.25,4.66,0.97,305,2.69,13,17,18,19,20,21,21,22,23,23,24,24,25,26,27,27,28,29,31
15040002928857,00004d41-3200-0400-0000-00000058c019,60,7,9.83,33.57149,-7.67029,4,16:00-21:00,1,26.3,27.0,19.6,8.9,1.81,1.31,0.97,530,2.76,10,16,18,20,21,23,24,25,26,27,28,29,29,30,31,33,34,36,38
15040002537139,00004d41-3200-0400-0000-00000058d3a7,60,3,86.76,33.56685,-7.68384,4,16:00-21:00,1,27.6,29.0,21.1,9.7,14.8,10.77,1.04,5345,16.68,10,15,17,20,21,23,24,26,27,29,30,31,32,33,34,36,37,39,42
15040005043524,00004d41-3200-0400-0000-00000058d3a8,60,3,9.24,33.56613,-7.68348,4,16:00-21:00,1,25.0,25.0,18.1,10.1,1.84,1.33,1.03,5391,2.49,8,12,14,16,18,20,21,23,24,25,27,28,29,30,32,33,35,37,41
15040006144741,00004d41-3200-0400-0000-00000058d803,60,7,121.96,33.56059,-7.6561,4,16:00-21:00,1,42.5,44.0,36.6,12.5,12.0,9.98,1.01,2101,9.93,21,25,29,32,35,37,39,41,42,44,45,47,48,49,51,52,54,57,61
15040003918373,00004d41-3200-0400-0000-00000058d804,60,7,155.32,33.56154,-7.65545,4,16:00-21:00,1,40.4,42.0,36.0,11.2,15.53,13.31,0.98,2464,7.69,21,25,28,31,33,36,37,39,40,42,43,44,45,46,48,50,52,54,57
15040005044027,00004d41-3200-0400-0000-00000058d808,60,7,121.75,33.55803,-7.65459,4,16:00-21:00,1,21.8,23.0,18.6,7.6,23.56,19.06,0.83,58,11.21,10,11,12,13,15,16,19,21,23,23,24,25,25,26,28,29,30,32,34
15040002933736,00004d41-3200-0400-0000-00000058d809,60,7,136.73,33.5597,-7.65145,4,16:00-21:00,1,25.1,26.0,17.1,9.1,28.87,18.93,0.87,349,49.59,8,12,15,18,20,22,23,24,25,26,27,28,29,30,31,32,34,36,39
15040003918439,00004d41-3200-0400-0000-00000058d80c,60,7,153.59,33.5603,-7.65274,4,16:00-21:00,1,25.7,26.0,19.9,10.6,27.76,21.27,0.93,67,17.99,7,10,14,16,18,21,22,25,26,26,27,29,31,31,33,34,36,38,41
15040005044030,00004d41-3200-0400-0000-00000058d810,60,7,187.05,33.56059,-7.6561,4,16:00-21:00,1,20.3,22.0,15.4,9.2,43.85,30.61,0.92,63,28.67,6,9,10,11,12,15,17,19,20,22,22,22,23,26,27,28,29,30,34
15040006470583,00004d41-3200-0400-0000-00000058d813,60,7,196.99,33.56069,-7.65359,4,16:00-21:00,1,26.0,25.0,19.8,11.6,35.82,28.37,0.91,199,30.26,9,12,16,18,20,21,22,23,24,25,26,27,28,29,29,32,33,37,50
15040003918443,00004d41-3200-0400-0000-00000058d814,60,7,163.3,33.55948,-7.65459,4,16:00-21:00,1,22.2,19.0,15.1,13.1,38.82,30.94,1.04,216,30.19,6,9,10,11,12,14,15,17,18,19,21,23,24,26,28,30,35,39,49
15040003983743,00004d41-3200-0400-0000-00000058d815,60,7,153.96,33.56069,-7.65359,4,16:00-21:00,1,18.9,17.0,13.1,10.2,42.28,32.6,0.93,155,28.56,6,7,7,8,9,12,13,14,16,17,19,22,24,26,28,28,30,33,37
15040004713666,00004d41-3200-0400-0000-00000058d817,60,7,154.45,33.56065,-7.6562,4,16:00-21:00,1,18.8,15.0,11.9,12.4,46.62,37.07,1.31,2834,33.12,5,6,7,8,9,10,11,12,13,15,17,19,22,24,27,30,34,38,43
15040005044033,00004d41-3200-0400-0000-00000058d818,60,7,154.33,33.56281,-7.65474,4,16:00-21:00,1,41.5,42.0,36.4,11.6,15.26,13.23,1.08,2986,10.93,22,25,29,32,34,37,38,40,41,42,43,45,46,48,49,51,53,55,59
15040002934108,00004d41-3200-0400-0000-00000058d819,60,7,121.11,33.5616,-7.65555,4,16:00-21:00,1,47.8,50.0,40.6,14.6,10.74,8.72,1.09,3017,8.5,21,26,32,36,39,42,44,47,48,50,51,52,54,55,57,59,61,65,70
15040003988968,00004d41-3200-0400-0000-000000590f75,60,4,38.85,33.56689,-7.65672,4,16:00-21:00,1,30.8,31.0,26.2,10.2,5.33,4.51,1.09,12288,3.58,14,18,21,23,25,26,28,29,30,31,32,33,34,35,36,38,40,43,48
15040004718000,00004d41-3200-0400-0000-000000590f77,60,4,59.79,33.56659,-7.65736,4,16:00-21:00,1,16.6,18.0,9.6,9.6,22.51,11.96,1.05,8660,20.6,3,4,5,6,7,10,12,15,17,18,19,20,21,22,23,24,25,27,32
15040006473678,00004d41-3200-0400-0000-000000590f7b,60,4,58.51,33.56696,-7.6569,4,16:00-21:00,1,27.8,28.0,22.2,10.4,9.5,7.52,1.21,5736,7.3,10,13,16,19,21,23,24,26,27,28,30,31,32,33,35,36,38,40,44
15040002940010,00004d41-3200-0400-0000-000000593011,60,4,117.2,33.56302,-7.66569,4,16:00-21:00,1,25.9,18.0,15.0,21.9,28.11,23.44,0.98,6715,19.19,7,8,9,10,11,12,13,14,16,18,20,22,25,28,32,36,44,66,77
15040010832321,80fc0398-c002-4c09-b129-2299467349dd,60,6,19.45,33.57123,-7.68444,4,16:00-21:00,1,28.4,29.0,23.4,7.7,3.0,2.41,1.01,820,4.33,15,19,22,23,24,25,26,27,28,29,29,30,31,32,33,34,35,37,40
15040010831673,822a243d-2eed-4f00-8dbf-1bc7c1a44487,60,7,26.88,33.55933,-7.6571,4,16:00-21:00,1,33.1,33.0,28.7,10.2,3.37,2.93,1.03,9279,2.22,16,20,23,25,27,28,30,31,32,33,34,35,36,37,38,40,42,46,51
15040010911394,8299154c-2f7a-4a0c-8923-5455b37185fb,60,3,48.83,33.54989,-7.66685,4,16:00-21:00,1,45.1,46.0,32.5,16.0,5.41,3.82,1.25,2991,7.68,19,24,28,31,34,38,41,43,45,46,48,50,51,53,55,58,61,64,70
15040010780218,82b34924-4398-43ee-8182-da9949d6ab24,60,6,20.69,33.55521,-7.67844,4,16:00-21:00,1,28.8,29.0,22.2,9.2,3.35,2.57,0.95,1818,8.47,13,17,19,21,23,25,26,27,28,29,30,32,33,34,35,36,38,40,42
15040010831654,82ca85a2-d611-49a9-99d9-33db2c388a50,60,4,30.88,33.55542,-7.68537,4,16:00-21:00,1,20.8,21.0,13.4,10.0,8.29,5.29,1.13,2360,9.11,4,8,10,12,14,15,17,18,19,21,22,23,25,26,28,29,31,34,37
15040010780036,82db6c4e-aeb8-4b0d-8bd9-52507fbb963d,60,7,34.47,33.56141,-7.66142,4,16:00-21:00,1,31.8,32.0,24.4,13.6,5.09,3.88,1.05,9185,6.07,13,16,19,21,23,25,27,28,30,32,33,34,35,37,38,40,42,45,55
15040010783648,837a6b13-fe07-473e-b3e0-daa91fbeabc1,19,4,37.68,33.54494,-7.66071,4,16:00-21:00,1,33.6,34.0,23.3,14.3,5.83,3.99,1.14,1837,7.68,10,17,20,23,26,28,30,31,33,34,35,36,37,38,40,41,43,46,55
15040010859140,8395a21b-53d5-4ad4-a172-d96a4d2d3e4d,60,3,45.08,33.55255,-7.66539,4,16:00-21:00,1,35.0,35.0,29.7,10.9,5.47,4.64,1.08,2694,4.07,17,22,25,27,29,30,32,33,34,35,36,37,38,39,41,42,44,47,52
15040011086563,83a265f4-01c6-44b2-ae1b-b80e1af82000,60,6,27.46,33.55683,-7.68197,4,16:00-21:00,1,12.0,9.5,4.7,10.0,21.03,10.41,1.13,1132,20.32,2,2,2,3,3,3,4,5,7,10,12,14,16,17,19,21,23,26,31
15040010780346,83e95b24-9c23-4493-b2cf-ad8a2c362e93,60,6,14.43,33.54637,-7.67676,4,16:00-21:00,1,26.3,26.0,22.0,8.5,2.36,2.0,0.97,1394,2.35,14,17,19,20,21,22,23,24,25,26,27,27,29,30,31,32,34,37,41
15040010912044,8420873c-92b7-438d-8704-08480290aee0,60,7,15.36,33.56183,-7.65265,4,16:00-21:00,1,19.3,18.0,12.8,10.1,4.32,3.07,0.59,140,4.56,6,7,9,10,11,14,15,16,17,18,20,20,22,23,24,26,29,34,38
15040011081592,844ce784-5d0a-414d-93e2-c22ba6facd44,18,7,11.96,33.56199,-7.66866,4,16:00-21:00,1,16.7,10.0,5.4,22.1,7.96,4.31,1.34,36,15.09,1,3,5,6,7,7,9,9,10,10,11,12,13,16,20,24,27,32,40
15040010781362,846fe5b7-ef93-4a9d-84aa-2f3f5695b5ce,60,7,32.97,33.5441,-7.65297,4,16:00-21:00,1,19.6,16.0,8.2,15.0,14.48,7.42,0.98,8713,15.46,2,3,4,5,6,8,11,13,14,16,18,21,24,27,30,33,36,40,46
15040010967677,84913ae5-7311-4aa9-9719-ef7454530ce1,60,4,67.19,33.54928,-7.67853,4,16:00-21:00,1,26.4,26.0,22.8,7.9,10.59,9.3,1.06,4235,9.13,14,17,19,21,22,23,24,25,26,26,27,28,29,30,31,32,33,35,39
15040010903752,84b44fc6-c34d-4fb5-8cad-0a32476839ee,60,6,25.03,33.55806,-7.67985,4,16:00-21:00,1,26.6,26.0,21.4,10.4,4.21,3.47,0.98,1735,3.32,11,14,16,18,19,21,22,23,25,26,27,28,30,31,33,35,37,40,46
15040010788661,84c62f49-4996-44f0-84c3-5e85891ae534,60,7,67.81,33.55524,-7.6824,4,16:00-21:00,1,18.6,19.0,13.1,9.3,18.7,12.85,0.84,31,14.37,5,7,8,10,10,13,14,15,15,19,20,21,24,25,26,26,28,30,30
15040010841643,85050150-e871-4d34-b8a0-8143604f2ae6,60,5,90.49,33.54336,-7.67313,4,16:00-21:00,1,28.7,29.0,25.0,8.3,13.01,11.23,1.03,1515,8.24,14,18,21,23,24,25,26,27,28,29,30,31,32,33,34,35,36,38,41
15040011036596,85116ea9-1659-4703-bdad-7c0c74e54f6f,60,7,68.22,33.54707,-7.67587,4,16:00-21:00,1,24.6,26.0,17.1,11.5,14.39,9.45,1.24,62,14.62,9,10,12,12,14,15,16,19,24,26,27,30,31,32,33,34,36,39,42
15040010782286,8532db27-cf58-4716-81c9-c01c56bf1c96,60,4,146.16,33.54487,-7.66228,4,16:00-21:00,1,32.9,33.0,27.4,12.8,19.24,15.94,1.09,3328,11.01,13,17,20,23,25,27,29,30,32,33,34,35,37,38,39,41,43,46,51
15040010787201,8559e8e2-07ef-4a04-a901-9f64a157c5de,60,7,5.48,33.56276,-7.67128,4,16:00-21:00,1,18.3,19.0,14.2,5.9,1.39,1.04,1.13,34,1.2,4,13,13,14,15,17,17,18,19,19,19,19,20,21,22,24,24,26,26
15040010783020,8564eb20-5dff-4308-b7dc-347e5d7399d1,60,7,40.09,33.57318,-7.67233,4,16:00-21:00,1,15.6,15.0,11.4,7.2,12.7,9.62,1.13,106,12.76,6,8,9,9,10,11,12,14,14,15,16,17,18,19,20,21,22,23,27
15040010903662,859463a1-b3c2-4c12-8815-5b8cdc155628,43,7,269.2,33.55075,-7.65484,4,16:00-21:00,1,42.0,39.0,39.3,11.6,24.65,24.85,1.04,56,5.98,27,30,32,32,32,34,36,37,39,39,41,42,43,43,47,50,58,62,65
15040010831542,85dd942b-3ea9-4150-a15b-69517ec12fef,26,7,147.94,33.56637,-7.66132,4,16:00-21:00,1,19.6,19.0,16.3,7.7,32.78,28.03,0.98,131,16.58,8,10,11,13,14,16,16,17,18,19,19,20,21,23,24,26,29,30,34
15040011002527,85ec39dc-d6e3-4561-9be9-6db1abee65a0,18,7,12.54,33.55803,-7.65459,4,16:00-21:00,1,20.5,19.0,12.8,12.1,3.54,2.38,1.06,345,3.74,5,7,9,10,12,14,15,16,17,19,20,22,23,25,26,29,32,35,41
15040010918775,860bd912-cfe8-4923-bedd-7ad795679b79,60,3,440.96,33.5495,-7.66708,4,16:00-21:00,1,28.8,27.0,22.2,12.3,71.5,58.79,1.26,2630,61.21,14,17,18,19,20,21,23,24,25,27,29,30,32,33,36,38,41,45,51
15040010520041,86333fd2-6c5e-4e93-8dd1-06d5c4c8afed,60,4,341.21,33.54392,-7.65333,4,16:00-21:00,1,27.4,26.0,24.0,10.0,51.19,47.24,1.03,6644,19.3,14,15,17,18,20,21,22,23,25,26,28,29,31,33,34,36,37,40,43
15040011002534,86521592-9e5b-4470-9e52-dcefcb8e6956,18,7,76.19,33.55747,-7.6541,4,16:00-21:00,1,38.0,38.0,32.4,11.8,8.48,7.22,1.06,10727,5.28,17,23,27,29,31,32,34,35,36,38,40,42,43,45,46,48,50,52,56
15040010939782,865bd355-edc1-4548-8e29-6d32dbe9f8b6,60,6,118.69,33.56854,-7.67756,4,16:00-21:00,1,24.6,25.0,20.7,8.2,20.64,17.09,1.18,548,12.38,10,13,16,17,19,21,22,23,24,25,26,27,28,29,30,31,32,34,38
15040010903955,867557c2-53de-4452-9217-c3e882a13ca5,60,7,9.02,33.56548,-7.66571,4,16:00-21:00,1,25.4,25.0,19.4,10.5,1.67,1.3,0.87,36,1.38,10,12,14,16,19,20,21,21,25,25,26,27,29,32,32,32,36,37,43
15040010915580,86b40dde-a292-4e13-9634-5bea688691d6,20,7,88.6,33.552,-7.65761,4,16:00-21:00,1,41.8,39.0,39.1,11.6,8.16,8.18,1.04,57,1.98,27,30,31,32,32,34,36,37,39,39,41,42,43,43,47,50,58,62,65
15040010826014,86bdaba2-3547-4d8a-b2a0-9b63bfaef34a,60,7,210.07,33.56276,-7.65462,4,16:00-21:00,1,27.2,28.0,21.9,10.1,34.48,27.01,1.0,2753,23.98,11,13,15,17,19,21,23,25,27,28,29,31,32,33,34,36,37,40,43
15040010605577,86e9f869-7ba9-4e64-8a46-c17acf795d12,26,7,16.52,33.54634,-7.64841,4,16:00-21:00,1,37.8,36.0,31.8,12.8,1.87,1.65,1.03,650,2.07,21,25,27,29,30,31,33,34,35,36,38,39,40,42,43,46,47,50,61
15040010910359,87376af0-1672-44b0-9072-53e7627b5b13,18,7,18.09,33.5597,-7.65145,4,16:00-21:00,1,20.3,18.0,11.4,12.3,5.74,3.62,0.93,163,8.57,4,8,10,11,13,13,15,15,17,18,19,20,22,25,26,28,32,34,42
15040010832827,87511d66-c4a8-4c4a-8311-25165940c32d,60,4,37.13,33.56517,-7.6601,4,16:00-21:00,1,26.1,26.0,18.0,11.7,7.43,5.14,1.12,4716,7.75,7,10,13,16,18,20,22,24,25,26,27,29,31,32,34,35,37,40,45
15040010782468,877a48b2-8c77-4fe6-99f4-44b1d9cf13f5,60,5,20.84,33.54329,-7.66982,4,16:00-21:00,1,41.7,42.0,35.3,13.0,2.12,1.79,0.92,881,1.93,20,25,28,31,33,35,37,39,40,42,43,44,46,48,50,52,55,58,64
15040010904258,87da3e29-bf02-4385-a2b2-e2b34a54c59a,60,3,20.94,33.5495,-7.66708,4,16:00-21:00,1,21.2,20.0,11.2,13.2,6.73,3.77,1.19,75,12.88,4,7,8,9,11,13,15,18,19,20,21,21,24,26,28,30,32,36,41
15040010938835,882befe2-789a-4b93-9e48-76692efdeaf7,19,7,42.44,33.55581,-7.65066,4,16:00-21:00,1,31.8,30.0,23.4,13.8,6.53,5.09,1.02,111,7.05,16,17,18,20,21,22,23,24,28,30,31,32,37,41,46,48,49,51,54
15040010904459,88415c74-6a8f-404c-ae7d-3c1ad23eedf7,25,7,214.06,33.56548,-7.66571,4,16:00-21:00,1,17.3,15.0,13.5,8.8,57.26,51.37,1.03,1263,29.83,7,8,9,9,10,11,12,13,14,15,17,18,19,21,23,25,27,31,34
15040010837137,8877c015-90f7-4bb6-9a92-2cc4cd2916fb,60,7,10.59,33.56132,-7.66116,4,16:00-21:00,1,26.5,25.0,20.3,12.7,1.88,1.52,1.11,8493,1.84,10,14,16,18,19,20,21,22,24,25,26,27,28,29,31,33,36,40,49
15040010950649,88826fa5-128c-45db-b239-d2ba71a28523,60,7,28.17,33.56037,-7.68042,4,16:00-21:00,1,24.4,25.0,22.4,6.4,4.53,4.06,0.89,45,1.55,11,16,18,19,21,22,22,23,24,25,25,26,26,27,28,29,31,32,35
15040011069582,88c9350d-d90b-4eac-a689-1a5cfcc977e6,18,7,173.29,33.55803,-7.66266,4,16:00-21:00,1,47.8,46.0,44.6,12.5,13.98,13.56,1.08,1489,3.83,30,34,36,37,39,40,42,43,44,46,47,50,52,54,57,59,61,64,68
15040010861039,88d61054-66ce-4bea-8cb5-dd12cd96ec10,60,4,20.69,33.54543,-7.6618,4,16:00-21:00,1,26.1,26.0,7.9,17.6,9.45,2.86,1.18,1647,15.55,2,3,4,6,10,14,17,20,24,26,29,31,34,37,39,42,45,49,54
15040010904439,8935f829-90fe-4b18-867c-f286f2a9471e,60,7,172.34,33.55893,-7.65384,4,16:00-21:00,1,21.9,22.0,15.7,9.1,39.44,28.2,0.97,111,39.85,6,10,12,15,16,18,19,20,21,22,23,24,25,25,27,28,31,33,38
15040010605279,896b360d-738c-4690-9d7d-d2034a0ebaa7,60,7,10.6,33.55037,-7.64505,4,16:00-21:00,1,53.3,53.0,46.6,11.7,0.82,0.72,1.07,15025,2.73,35,40,43,45,46,48,49,50,52,53,54,55,57,58,60,62,64,68,73
15040010783797,89b920db-b88b-4261-b5a2-854617320cfc,18,6,43.01,33.55238,-7.66583,4,16:00-21:00,1,17.2,16.0,12.7,9.1,12.2,9.68,1.18,238,10.52,5,8,11,11,12,13,14,14,16,16,17,18,19,20,21,23,24,26,28
15040011071124,89c9ce64-3441-4ea6-b5b6-54f7b12f6ac7,60,4,41.63,33.5569,-7.65277,4,16:00-21:00,1,41.6,42.0,37.9,11.1,3.95,3.57,1.03,11935,1.59,23,27,30,32,34,36,37,39,40,42,43,45,46,47,49,51,53,55,59
15040010964402,89f7dbda-844b-4ee3-aa34-a5a0dbbf3e00,60,4,5.64,33.54923,-7.67825,4,16:00-21:00,1,21.8,21.0,12.7,11.0,1.6,0.97,1.06,5700,2.9,5,8,10,12,14,16,17,19,20,21,23,24,26,27,29,30,32,35,39
15040011081910,8a1d35bc-af05-42a7-aede-01835799a035,47,4,25.25,33.54058,-7.66307,4,16:00-21:00,1,45.1,47.0,40.2,12.1,2.26,1.93,1.05,4164,1.5,22,28,32,36,39,41,43,44,45,47,48,49,50,51,53,54,56,58,63
15040010602625,8a30a6be-3ec3-4582-9fe0-af3b46173291,60,4,11.73,33.54506,-7.66212,4,16:00-21:00,1,32.9,32.0,27.6,12.3,1.53,1.32,1.03,3565,1.15,15,20,23,25,26,28,29,30,31,32,33,34,35,37,38,40,42,46,53
15040010964526,8a654258-5d50-473a-9b99-bd7f7badfa3e,60,4,17.47,33.54938,-7.67835,4,16:00-21:00,1,23.9,24.0,17.8,9.6,3.54,2.62,1.09,4310,3.43,7,11,14,17,18,20,21,22,23,24,25,26,27,28,29,31,32,34,38
15040010914251,8b86ca57-8401-4583-89d8-9d83f595be4c,60,4,9.32,33.55809,-7.67994,4,16:00-21:00,1,27.1,26.0,20.3,11.6,1.65,1.29,0.99,6663,1.62,9,13,16,18,19,21,22,24,25,26,28,29,30,32,34,36,38,42,48
15040011036983,8b871b87-38f8-4dfa-8fd4-5a9c575c42c3,18,7,153.99,33.54837,-7.67649,4,16:00-21:00,1,37.7,19.0,14.6,46.4,37.89,29.18,1.02,30,33.67,5,5,10,11,15,16,17,17,18,19,19,19,20,20,23,25,107,117,152
15040010979982,8c302ff5-5d91-420d-ba83-b3bd274923c1,29,3,6.45,33.57027,-7.66805,4,16:00-21:00,1,28.1,28.0,19.9,12.6,1.17,0.83,1.12,1894,1.24,8,12,15,18,20,22,23,25,27,28,30,31,32,33,35,37,40,43,49
15040010970449,8c8826aa-806f-42ce-b412-ba6cd98e8fae,60,4,59.84,33.56431,-7.66243,4,16:00-21:00,1,36.8,37.0,29.3,13.6,7.35,5.82,1.1,5554,6.83,15,18,22,25,27,30,32,34,36,37,39,40,42,44,46,48,51,54,60
15040010979135,8c9576f7-285d-4246-bbc6-96eae8f2a1fe,60,4,25.26,33.57032,-7.66748,4,16:00-21:00,1,24.9,25.0,15.1,11.6,6.02,3.64,1.07,5933,8.89,5,9,13,16,18,18,20,22,23,25,26,28,29,31,32,34,36,39,45
15040010783391,8d10f243-6af0-4e90-92fc-1f0fa2928334,60,4,26.4,33.55503,-7.6859,4,16:00-21:00,1,24.1,24.0,19.4,8.0,4.89,3.96,1.01,2703,5.16,11,14,16,17,19,20,21,22,23,24,25,26,27,28,29,30,32,34,36
15040010266955,8da362da-ecdd-4446-aef7-b2c83d4d7cd8,60,3,86.63,33.55354,-7.6659,4,16:00-21:00,1,31.3,29.0,13.4,22.8,23.3,10.75,0.95,3838,25.09,4,5,6,7,10,14,18,23,26,29,32,34,37,40,43,49,60,67,75
15040010915100,8db4cd3e-89a6-4525-8f7b-2684adbeb06e,60,6,40.33,33.54795,-7.67755,4,16:00-21:00,1,27.1,26.0,18.6,12.0,7.82,5.58,0.99,1339,10.63,8,11,15,17,19,21,23,24,25,26,28,29,31,32,34,37,39,42,47
15040010856687,8dd6cb8e-0c00-4b74-9cd6-f5284baa4cc8,23,7,38.31,33.5468,-7.67653,4,16:00-21:00,1,22.7,23.0,16.7,9.9,8.26,6.0,1.25,74,6.55,6,9,12,13,15,16,18,21,22,23,25,26,27,28,29,31,33,37,41
15040010860649,8df2e27e-89b1-47c3-9234-a81611eb26e8,60,4,39.35,33.5712,-7.66966,4,16:00-21:00,1,15.5,15.0,6.4,11.2,22.27,9.44,1.08,4664,24.36,2,2,3,3,4,6,8,11,13,15,17,19,20,22,23,25,28,31,35
15040010795189,8dfeb973-447a-425c-8e35-3d93b57aefd9,60,4,147.96,33.55832,-7.65189,4,16:00-21:00,1,39.2,38.0,34.7,12.3,15.37,14.02,0.98,1871,7.01,20,24,27,29,31,32,34,35,36,38,40,42,44,46,49,51,53,55,59
15040010779947,8e5d2454-7bc6-4965-a237-296b776771b2,60,7,31.99,33.56544,-7.67234,4,16:00-21:00,1,20.0,20.0,15.4,7.9,7.47,5.76,1.02,46,5.43,5,7,14,14,15,15,17,17,19,20,20,21,24,25,26,27,28,32,33
15040011086755,8e7bae93-37e4-4f90-8a6d-4ed0c6bc1ca5,60,3,18.91,33.56203,-7.66816,4,16:00-21:00,1,15.0,14.0,7.7,10.3,8.83,4.86,1.11,4563,8.96,2,3,4,5,6,8,9,11,13,14,15,17,18,20,22,24,26,28,32
15040010850112,8ea9d31e-f6f3-41d6-87f0-aa9d2e647760,60,7,61.17,33.57597,-7.67535,4,16:00-21:00,1,27.4,25.0,21.2,13.5,10.39,8.81,0.8,54,7.47,11,15,17,17,21,22,22,23,23,25,25,26,28,28,31,34,35,49,60
15040010792123,8eead9d1-bdfe-4463-a3b0-5e89f5797395,60,4,175.85,33.55018,-7.67149,4,16:00-21:00,1,32.8,33.0,29.4,8.4,21.54,19.18,1.03,8219,13.39,18,22,24,26,28,29,30,31,32,33,34,35,36,37,38,39,41,43,45
15040010796712,8f25150f-a7b7-4cce-bd3a-ba864a6dd493,60,7,14.46,33.57023,-7.68195,4,16:00-21:00,1,16.7,16.0,15.1,5.3,3.44,3.25,1.06,41,1.14,9,10,13,13,14,14,15,15,16,16,16,17,17,18,18,20,22,23,28
15040010860410,8f29d62e-ba84-4ccc-93ab-9c6b35e7bc44,18,7,128.97,33.565,-7.65801,4,16:00-21:00,1,14.7,11.0,8.1,15.0,57.48,42.21,1.29,78,55.98,2,3,6,8,8,9,10,10,11,11,12,13,15,16,18,18,23,25,33
15040011082181,8f426b5c-40df-42fd-8bd6-89c52d60c0ae,60,4,22.49,33.54633,-7.65622,4,16:00-21:00,1,29.4,21.0,21.8,19.5,3.71,3.86,0.9,66,1.72,13,14,15,16,17,18,19,20,20,21,23,24,26,27,30,36,61,66,73
15040010786481,8f8bdd53-e7c3-4985-9f65-4dbe0a8f2109,18,7,42.25,33.54712,-7.67577,4,16:00-21:00,1,16.3,15.0,13.4,6.7,11.31,10.14,1.14,39,5.48,7,8,9,10,10,11,12,14,14,15,17,18,19,22,22,23,25,25,26
15040010787501,8f9e8f22-b988-4764-8eea-d219269ca152,60,7,55.45,33.55039,-7.68174,4,16:00-21:00,1,15.6,16.0,12.3,6.9,16.19,12.48,1.11,81,9.46,5,7,8,9,11,11,13,14,15,16,16,17,18,19,20,21,21,23,25
15040010785018,8fcc88bd-75bd-471c-8f8e-48c9d1e25eee,60,4,8.37,33.55135,-7.66849,4,16:00-21:00,1,36.5,36.0,30.6,10.7,0.99,0.84,0.79,6795,1.29,20,24,27,29,30,31,32,34,35,36,37,38,40,41,43,45,47,50,55
15040010862419,9051b4e6-a45b-4b78-85af-123deab01958,18,7,7.97,33.555,-7.66615,4,16:00-21:00,1,45.8,41.0,41.5,14.7,0.69,0.7,1.01,536,0.22,28,30,31,33,34,35,36,37,39,41,43,48,53,56,58,61,62,66,72
15040010605398,9064de08-bd06-4d93-b3f7-3acf4e53d08a,40,2,17.75,33.54988,-7.64451,4,16:00-21:00,1,53.5,54.0,51.2,9.2,1.25,1.18,1.01,10926,1.07,39,43,45,47,48,50,51,52,53,54,55,56,57,58,59,60,62,64,68
15040010780480,916d03c6-78f7-4685-8d55-80834bc44cac,60,6,24.44,33.54642,-7.67661,4,16:00-21:00,1,26.3,26.0,22.3,8.2,3.95,3.38,1.03,1376,5.23,14,17,19,20,21,22,23,24,25,26,27,28,29,30,31,32,34,36,39
15040010805993,91779548-a839-4c3b-8d44-8ccbb0b4e706,60,4,14.73,33.54605,-7.65625,4,16:00-21:00,1,32.0,31.0,22.5,14.1,2.36,1.71,0.99,805,3.64,11,13,18,21,24,26,27,28,30,31,32,34,36,38,40,42,44,50,57
15040011071054,919acdf7-d43f-4cb2-8231-27b045635fd6,60,7,60.98,33.5657,-7.66573,4,16:00-21:00,1,37.9,41.0,30.3,13.9,7.26,5.35,1.05,3434,5.67,13,16,19,23,28,33,36,38,39,41,42,43,44,46,47,49,51,54,58
15040010835144,923bdf2f-a4cf-44a5-9a21-5cf412023af0,60,4,23.07,33.56541,-7.65977,4,16:00-21:00,1,33.4,33.0,27.2,12.4,3.06,2.52,1.11,4588,2.51,14,17,20,22,25,27,29,31,32,33,35,36,37,39,41,43,46,50,56
15040011086861,926b7dd7-f549-43e7-a3a7-d478b495db8c,41,4,181.76,33.54037,-7.66317,4,16:00-21:00,1,39.2,40.0,36.4,9.0,17.97,16.36,1.02,4086,6.4,22,27,31,33,35,36,37,38,39,40,41,42,43,44,45,46,47,49,53
15040010600046,92e69fa2-9eab-46df-8e9a-b3737d67f8c0,60,3,8.81,33.54575,-7.66897,4,16:00-21:00,1,21.4,21.0,10.2,13.4,3.11,1.51,1.02,1196,4.22,3,4,6,9,11,13,15,17,19,21,22,24,26,28,30,32,35,38,44
15040010835995,92fc397b-1ae2-448b-9538-cb9ce5f37a2f,60,7,16.65,33.54921,-7.6834,4,16:00-21:00,1,19.1,19.0,14.8,6.2,4.05,3.15,1.08,168,4.14,6,11,13,15,16,17,18,18,19,19,20,21,21,22,23,24,25,27,29
15040010788675,930d28fd-45c5-4021-aa13-bd9a31314101,60,7,27.19,33.5735,-7.67252,4,16:00-21:00,1,17.0,17.0,12.8,7.9,7.67,5.76,1.08,105,5.17,6,7,8,9,10,12,14,15,16,17,18,19,20,20,22,23,25,29,30
15040010792221,9383cbbf-d191-4198-af1c-0a756147cec2,60,3,38.97,33.57216,-7.66957,4,16:00-21:00,1,14.7,14.0,6.7,10.3,20.97,10.02,1.22,9096,23.2,2,3,3,4,5,7,9,10,12,14,15,17,18,20,21,23,26,28,33
15040010909938,93993635-820f-41c6-9401-3696341ca58d,20,7,277.25,33.55205,-7.65799,4,16:00-21:00,1,47.3,43.0,42.6,15.5,23.43,23.21,1.02,186,7.64,27,29,31,33,35,37,38,40,42,43,46,49,53,56,57,63,66,70,75
15040010789309,93b67213-9392-499a-b76d-342f15fe07c5,60,7,51.31,33.56235,-7.67102,4,16:00-21:00,1,18.3,19.0,14.2,5.9,13.01,9.72,1.2,34,11.2,4,13,13,14,15,17,17,18,19,19,19,19,20,21,22,24,24,26,26
15040010836193,93cbfb48-4b7c-42ec-920b-8ebc988fa384,60,7,24.21,33.5757,-7.67614,4,16:00-21:00,1,24.0,24.0,19.3,8.8,4.51,3.63,1.18,185,4.06,10,13,16,17,19,21,21,23,23,24,25,25,26,27,28,30,31,34,38
15040010318239,950bf4b1-b993-416e-acdc-97650cf0b558,60,4,11.79,33.55691,-7.68226,4,16:00-21:00,1,29.5,30.0,25.2,9.4,1.68,1.41,0.96,2668,1.38,14,17,20,22,24,25,27,28,29,30,31,32,33,34,35,37,38,40,43
15040010789988,95dda693-8f73-4126-8f7e-89b20c61a7d2,60,7,21.49,33.5502,-7.68171,4,16:00-21:00,1,15.5,16.0,12.3,6.8,6.28,4.84,1.13,84,3.64,5,7,8,9,10,11,13,13,15,16,16,17,18,19,20,21,21,22,25
15040010382661,96036e7e-8785-41c1-ae5d-3aa027314f55,60,4,24.69,33.54629,-7.65577,4,16:00-21:00,1,38.8,37.0,32.2,13.8,2.76,2.4,1.01,2218,2.05,18,24,26,28,29,31,32,34,36,37,39,40,42,45,48,51,54,58,63
15040010836477,963f37c8-7267-4d67-99e6-f77839c74854,18,7,43.56,33.55135,-7.66849,4,16:00-21:00,1,14.4,15.0,9.6,7.5,16.39,10.45,0.53,50,15.35,4,5,6,6,8,11,12,12,13,15,16,16,18,18,18,20,21,23,24
15040010905946,9663dbf1-a6db-4663-94c8-c8d59090e359,60,6,59.48,33.54703,-7.67741,4,16:00-21:00,1,23.4,24.0,19.2,7.0,11.13,8.92,1.0,1253,10.49,10,15,17,18,20,20,21,22,23,24,24,25,26,27,28,29,30,31,34
15040010786685,96b47781-8b5a-44b2-8f66-56e3dc41dbfe,18,7,37.48,33.55489,-7.66577,4,16:00-21:00,1,48.0,57.0,37.7,19.6,3.57,2.37,0.87,88,2.05,16,21,22,23,28,35,39,44,49,57,58,58,59,59,59,67,70,70,70
15040010801000,96cd54db-025c-4f05-8902-a12ea62b24c3,60,7,66.55,33.54447,-7.6524,4,16:00-21:00,1,29.3,30.0,19.8,14.2,12.1,7.99,1.1,5661,10.37,7,9,12,15,18,22,24,27,28,30,32,34,35,37,39,41,43,46,52
15040010910268,96d87629-c382-44bf-91b5-5591f5b55ede,60,4,157.95,33.55211,-7.66661,4,16:00-21:00,1,39.7,40.0,35.6,9.9,15.95,14.22,0.82,6765,9.27,22,27,30,33,35,36,37,38,39,40,41,42,43,44,46,47,49,51,55
15040010843866,97240cb7-b6e5-46ea-acc2-852353da0bdb,60,4,12.52,33.54919,-7.65242,4,16:00-21:00,1,37.0,36.0,34.8,9.4,1.3,1.25,1.0,2946,0.34,25,27,29,30,31,32,33,34,35,36,37,38,39,40,42,43,45,48,53
15040010905446,9730134b-addb-4f7b-a156-cec9832bb39e,18,7,43.49,33.55167,-7.66878,4,16:00-21:00,1,10.9,6.9,4.7,10.7,33.1,22.69,1.42,61,34.63,1,3,3,3,4,4,5,6,7,7,7,9,11,12,13,14,23,28,30
15040010910766,9752cbb9-2468-4cac-a5b7-7693c8d9a5c1,60,7,8.94,33.55789,-7.65247,4,16:00-21:00,1,29.1,28.0,13.0,14.2,2.47,1.15,0.89,162,10.16,7,10,14,16,19,21,23,24,26,28,31,33,36,37,39,42,45,48,53
15040010915145,979dc6cc-f478-44b3-9873-7bba761adc4c,26,7,70.0,33.5509,-7.64564,4,16:00-21:00,1,55.0,55.0,51.5,10.4,4.89,4.58,1.03,12980,3.82,36,43,46,48,50,51,52,53,54,55,56,57,59,60,61,62,64,67,70
15040010788911,97b5f3c8-347d-4e23-9a63-127b16f65721,60,6,27.8,33.56959,-7.68343,4,16:00-21:00,1,21.4,21.0,17.8,7.1,5.63,4.77,1.16,832,4.91,10,13,15,16,17,18,19,20,20,21,22,23,23,24,25,26,28,29,34
15040011057046,97c23cbd-f37e-46aa-93de-4e1a9e63bcbf,60,4,43.54,33.54542,-7.65892,4,16:00-21:00,1,38.7,38.0,34.0,13.5,4.61,4.12,0.98,1779,2.1,19,23,26,29,31,33,34,35,37,38,39,40,41,43,44,46,49,53,62
15040010786225,9840148b-81d9-48c9-9e15-e73fdddac2cf,60,3,39.59,33.57192,-7.66926,4,16:00-21:00,1,26.9,28.0,22.6,8.9,6.32,5.09,1.04,10444,4.45,11,14,17,19,21,23,25,26,27,28,29,30,31,32,33,34,35,37,40
15040010861868,989b9209-9959-4c5b-8da8-98fbd5ae03b4,60,7,10.74,33.55957,-7.65105,4,16:00-21:00,1,31.6,29.0,22.6,13.0,1.71,1.33,1.01,416,2.74,13,17,21,23,24,25,26,27,28,29,31,33,34,36,39,41,44,48,56
15040010979303,98c941ce-a3c1-40eb-8ca0-602439f8fae7,60,3,6.93,33.57021,-7.66795,4,16:00-21:00,1,20.2,20.0,13.8,9.2,1.81,1.25,1.07,5624,2.51,6,9,11,13,14,16,17,18,19,20,21,22,23,24,25,26,28,31,36
15040010914479,991cbc08-6876-4455-a0ac-0dda8905cf17,60,6,25.82,33.54787,-7.67781,4,16:00-21:00,1,15.3,14.0,5.6,11.8,16.48,6.64,1.03,102,27.21,1,2,4,7,9,10,11,12,13,14,15,16,17,18,19,20,22,25,38
15040011057294,998770d5-6d5b-47bd-a507-bb7f30abaf72,60,4,33.69,33.54532,-7.65888,4,16:00-21:00,1,37.9,37.0,34.5,11.4,3.52,3.28,0.93,841,1.26,21,25,28,30,31,33,34,35,36,37,38,39,40,42,43,45,47,50,57
15040010603960,998f88dc-6a99-4ebf-be31-acb60cf11cc6,22,4,11.87,33.54501,-7.66201,4,16:00-21:00,1,31.8,31.0,26.2,12.7,1.63,1.38,1.08,1901,1.44,15,20,22,24,25,27,28,29,30,31,32,33,33,35,36,37,39,42,51
15040010273016,99f65398-1741-4d74-b833-0adf9e7c48a5,26,7,49.22,33.54788,-7.65946,4,16:00-21:00,1,33.0,31.0,21.3,17.6,8.32,5.72,0.69,89,9.98,8,12,18,21,24,24,25,25,27,31,33,35,38,40,41,43,48,53,59
15040010914363,99faafcd-7ead-442a-baab-e84c2a2e6df1,60,4,12.5,33.55703,-7.65285,4,16:00-21:00,1,39.6,40.0,32.8,13.9,1.37,1.13,1.04,9846,1.24,18,22,24,26,29,31,33,35,38,40,42,43,45,48,49,52,54,58,63
15040011082715,9a05c191-b095-4eed-9f56-252870c15865,60,3,16.63,33.56196,-7.66832,4,16:00-21:00,1,25.4,22.0,11.0,19.1,5.43,2.72,1.14,11175,8.35,3,5,8,10,12,14,16,18,20,22,24,26,28,31,34,37,40,46,69
15040010940875,9a625989-06f4-4ee4-8d2d-9df052deed4f,60,6,69.43,33.56799,-7.67721,4,16:00-21:00,1,23.0,23.0,18.5,8.4,13.5,10.87,1.21,665,10.76,9,13,15,16,18,18,20,21,22,23,25,26,27,27,27,28,30,32,35
15040010273192,9aa910f7-7048-4feb-882b-32921b78b760,60,6,158.46,33.55593,-7.65048,4,16:00-21:00,1,44.5,45.0,40.6,10.7,14.05,12.68,0.96,6375,6.97,25,31,34,37,39,40,42,43,44,45,46,47,48,50,51,53,54,57,61
15040011070920,9accf17a-c5ab-4f39-a74e-fb878464d759,60,4,14.59,33.55694,-7.65292,4,16:00-21:00,1,41.1,41.0,36.4,12.5,1.44,1.28,1.03,11926,0.71,21,25,28,30,32,34,36,38,39,41,43,44,46,48,50,52,54,57,62
15040010971207,9ad99eb7-b2be-4c86-a816-9f44487cd4c9,60,4,123.16,33.56668,-7.65744,4,16:00-21:00,1,21.5,21.0,14.0,11.6,31.78,21.11,1.62,6934,27.88,5,7,8,10,11,13,15,17,19,21,23,25,27,28,30,32,34,37,41
15040010905808,9b082fd3-458c-4700-9c63-c34e34624b55,60,7,24.93,33.54853,-7.67813,4,16:00-21:00,1,15.5,12.0,5.0,17.8,18.07,7.48,1.2,116,30.41,1,2,5,6,7,8,9,10,11,12,13,14,15,16,17,18,20,27,56
15040010811185,9b662edc-3d38-4fe6-82f8-aebd7bc85254,60,6,23.65,33.55254,-7.68513,4,16:00-21:00,1,25.3,24.0,19.2,10.4,4.43,3.55,1.0,600,5.19,10,14,16,17,18,19,20,22,23,24,26,27,28,29,31,33,36,40,45
15040010792302,9b9bfadf-d7ec-40de-9634-fd2a0fe72ee8,60,7,21.32,33.57541,-7.67351,4,16:00-21:00,1,17.3,17.0,14.1,6.9,5.44,4.51,0.94,100,2.9,6,8,9,11,12,14,14,15,16,17,18,19,20,21,22,23,24,26,29
15040010811175,9bd7c08d-b1c7-49da-a345-bfc87146a806,60,5,25.36,33.55254,-7.68513,4,16:00-21:00,1,25.8,26.0,21.0,8.7,4.34,3.51,0.98,1523,5.38,11,16,18,20,21,22,23,24,25,26,27,28,29,30,31,32,33,35,39
15040010979332,9bf9ecb3-cde9-4284-8bb1-da1597dfffea,60,3,9.24,33.57036,-7.66795,4,16:00-21:00,1,24.1,24.0,13.8,11.8,2.41,1.39,1.13,12020,4.35,5,8,11,13,16,18,19,21,23,24,25,27,28,30,32,34,36,39,44
15040011070944,9bfa90d2-a03f-4864-bd18-3d3d95ccf150,60,7,17.24,33.5672,-7.66675,4,16:00-21:00,1,20.5,20.0,7.3,13.0,8.45,3.1,1.12,3617,14.03,2,3,4,8,11,13,15,17,18,20,21,23,25,27,29,32,35,38,43
15040010916319,9bfb844e-6303-468e-82e9-a5d8dbecc263,60,7,28.38,33.56313,-7.67326,4,16:00-21:00,1,20.6,22.0,16.4,4.6,6.22,4.64,0.96,31,7.18,13,16,18,18,19,20,20,21,21,22,22,22,23,23,24,24,24,25,26
15040011069688,9c34aa3c-81b6-456b-ac65-b51ce07d7d4c,18,7,21.22,33.55809,-7.66288,4,16:00-21:00,1,47.8,45.0,44.6,12.5,1.71,1.7,1.08,1490,0.47,30,34,36,37,39,40,42,43,44,45,48,50,52,54,57,59,61,64,68
15040010979290,9c4ace2f-3f88-4b5a-9c1a-9f259b81b7d1,27,3,10.95,33.57037,-7.66805,4,16:00-21:00,1,27.9,28.0,20.4,10.4,1.93,1.41,1.04,474,2.65,9,14,19,20,22,24,25,26,27,28,29,30,31,32,33,35,36,39,44
15040010602439,9c5e7394-93b0-4d6f-9ef4-5ac0be5f7015,40,2,125.09,33.54973,-7.64458,4,16:00-21:00,1,51.5,52.0,49.9,8.1,9.02,8.66,1.01,10891,2.12,39,42,44,46,47,48,49,50,51,52,52,53,54,55,56,57,59,61,64
15040010938878,9c9a6974-8483-49d4-a287-0352936b1f5a,18,7,5.21,33.55548,-7.65109,4,16:00-21:00,1,41.6,43.0,40.2,7.7,0.47,0.44,0.83,76,0.1,28,31,34,36,37,38,39,41,42,43,44,44,45,46,46,46,48,48,53
15040010793483,9d35dfa4-0c3f-4c3b-803e-b7692a897776,60,7,13.81,33.56532,-7.67234,4,16:00-21:00,1,19.8,20.0,15.4,7.8,3.24,2.49,1.02,46,2.34,5,7,14,14,15,15,17,17,19,20,20,20,22,25,25,26,28,32,33
15040010600327,9d7318dd-c419-495a-8c06-90930dff437b,49,3,19.37,33.54075,-7.66305,4,16:00-21:00,1,47.3,49.0,43.0,11.9,1.62,1.42,1.01,6361,0.86,25,30,35,38,41,43,45,46,48,49,50,51,52,53,55,56,58,61,64
15040010906045,9d7e954d-fed8-43b8-92e2-673e2e48984f,60,6,64.72,33.54742,-7.67727,4,16:00-21:00,1,25.3,25.0,18.2,10.3,12.77,9.32,1.05,1284,14.7,8,12,15,16,19,21,22,23,24,25,26,27,28,30,31,33,36,38,42
15040011068917,9d8a4652-eb97-49cd-90e3-c551225343f7,18,7,17.0,33.56119,-7.66126,4,16:00-21:00,1,38.0,31.0,18.3,24.9,3.34,1.97,1.1,2432,5.62,5,10,14,17,20,22,24,26,29,31,34,37,41,46,56,65,69,75,87
15040010808075,9deb2e15-b96f-496b-a823-46484beec58f,60,4,38.31,33.54929,-7.65237,4,16:00-21:00,1,39.8,39.0,38.4,7.5,3.59,3.54,0.99,2845,0.72,29,31,33,34,35,36,37,38,38,39,40,41,42,43,44,45,47,49,52
15040010906135,9def8cf4-3ad1-4c96-afdb-56b46f223356,20,7,71.94,33.55075,-7.65484,4,16:00-21:00,1,51.0,50.0,46.1,15.8,5.62,5.18,1.06,140,1.85,28,31,34,36,38,39,41,43,46,50,53,55,57,61,64,66,69,72,75
15040010906007,9df5611e-7027-4d1b-9cf9-4988c17ec8a7,60,6,27.62,33.54703,-7.67741,4,16:00-21:00,1,15.3,14.0,9.7,8.4,10.28,7.1,1.16,145,12.75,4,6,8,9,10,11,12,13,14,14,16,16,18,18,20,21,22,23,25
15040010918949,9ebcb8c5-1c95-48fe-a5f1-1816f87470da,60,3,18.09,33.55369,-7.66599,4,16:00-21:00,1,40.6,38.0,34.7,15.4,1.88,1.71,0.9,5320,1.04,21,25,28,30,31,33,34,35,36,38,39,40,42,44,46,49,55,64,73
15040010827146,9ebf77de-52fc-4ff8-811e-0545ea554b72,60,6,9.76,33.56841,-7.67601,4,16:00-21:00,1,27.0,27.0,22.0,8.7,1.6,1.3,1.04,2446,2.15,13,16,18,20,21,22,24,25,26,27,28,29,30,32,33,34,36,38,41
15040011070903,9f234ed8-f7c3-4bed-a9c2-0b86cdb0774c,18,7,65.95,33.5657,-7.66573,4,16:00-21:00,1,41.9,41.0,34.9,11.3,6.79,5.79,0.85,241,6.5,23,29,33,35,36,37,38,39,41,41,43,45,46,48,49,50,54,55,59
15040010821860,9f530e58-4a61-4107-9cbb-dbc2f4f05000,60,3,28.68,33.57107,-7.66893,4,16:00-21:00,1,20.4,20.0,10.4,11.5,9.89,5.16,1.33,10225,12.77,3,5,6,9,11,13,15,17,18,20,22,23,25,27,29,31,33,36,39
15040010979356,9f88ea31-16e3-4898-98ac-be1e32443fa0,60,4,15.71,33.57021,-7.66795,4,16:00-21:00,1,30.7,32.0,24.9,10.3,2.28,1.77,1.05,5827,1.96,12,16,20,22,24,27,28,30,31,32,33,34,35,36,37,38,40,42,45
15040010862811,9f8ace34-9089-4e91-aed6-a2d660915a1e,18,7,53.63,33.55466,-7.66628,4,16:00-21:00,1,43.2,47.0,30.6,15.6,6.32,4.11,0.71,120,6.52,7,17,26,31,32,36,40,43,45,47,49,51,51,53,54,56,57,60,62
15040010794305,9fac80c2-1ab9-47b7-91f5-773af95fa27d,60,4,16.28,33.57136,-7.66928,4,16:00-21:00,1,20.4,21.0,13.9,8.6,4.23,2.79,1.19,4773,5.76,5,9,12,14,16,17,18,19,20,21,22,22,23,24,25,27,28,30,33
15040010808187,9fe0dae8-f076-413d-8961-3420b021c0e2,60,7,23.32,33.56183,-7.65265,4,16:00-21:00,1,36.0,35.0,28.9,13.6,2.91,2.4,0.96,2618,2.56,15,20,23,25,27,28,30,32,33,35,36,38,40,42,45,47,50,55,60
15040010795398,9fed314e-11da-4ff5-8312-75b09ceacde6,60,6,25.59,33.55538,-7.67851,4,16:00-21:00,1,30.8,32.0,23.5,9.9,3.92,2.88,1.02,1816,7.1,13,17,20,23,25,27,28,29,31,32,33,34,35,36,37,38,40,42,46
15040010838462,9ff8557b-78e5-40d0-b3a6-442ec0ae6722,20,7,10.56,33.55453,-7.66426,4,16:00-21:00,1,43.3,40.0,40.1,12.7,0.95,0.95,1.01,1031,0.26,28,30,32,33,34,35,36,37,39,40,41,43,45,47,51,55,59,62,68
15040010841363,a0367e4a-0938-49af-8d60-4aa2d76cebe5,60,4,27.0,33.55513,-7.68594,4,16:00-21:00,1,16.0,16.0,9.8,8.4,9.91,6.07,1.04,2340,10.39,3,4,7,9,11,12,13,14,15,16,16,17,18,20,21,23,24,27,30
15040011061231,a0586153-acc7-43b5-a8bf-cbfef163c485,60,4,58.79,33.54561,-7.65833,4,16:00-21:00,1,39.7,39.0,33.8,14.3,6.27,5.43,1.04,1763,5.78,20,22,25,28,31,33,35,36,38,39,40,41,43,44,46,49,52,57,64
15040010843378,a05d9a24-12d1-42d4-b12e-b7f713cb748c,60,7,40.42,33.57581,-7.67574,4,16:00-21:00,1,26.5,22.0,17.2,15.6,8.45,6.61,0.86,52,9.48,6,13,15,15,16,17,19,19,21,22,25,27,29,30,30,35,43,44,66
15040011068979,a0c2f750-1973-4cec-8bec-95c36557eac8,25,7,173.93,33.55759,-7.66086,4,16:00-21:00,1,43.6,40.0,40.2,13.5,15.56,15.65,1.0,937,4.24,28,30,32,33,34,35,36,38,39,40,41,43,45,48,51,56,59,62,68
15040010782814,a0d4bf3e-a93f-4d71-9610-ef46729271bd,60,6,96.71,33.55265,-7.68482,4,16:00-21:00,1,27.6,29.0,20.6,9.7,16.88,12.01,0.98,754,18.72,8,15,18,20,22,23,25,26,28,29,30,31,32,32,34,35,37,38,43
15040010795572,a13bf5f1-48e5-4472-ad7a-73ac34f1dccf,18,7,14.05,33.56541,-7.65977,4,16:00-21:00,1,20.3,19.0,14.4,10.0,3.51,2.66,1.09,3149,4.23,6,9,10,12,13,14,16,17,18,19,20,22,23,24,26,28,30,33,39
15040010786209,a1f785d5-d2f0-4eb2-bf55-6f23e0c4b69a,60,7,110.3,33.55176,-7.67456,4,16:00-21:00,1,16.9,18.0,15.0,4.7,26.4,22.06,1.02,56,11.94,7,10,12,13,14,15,16,17,17,18,19,19,19,19,20,20,21,22,23
15040010618387,a2071c99-6292-4a20-b1cb-99da05e0ebdc,60,7,66.87,33.56173,-7.65243,4,16:00-21:00,1,36.5,35.0,31.0,12.8,7.76,6.88,1.0,2616,4.38,16,22,25,27,28,29,30,31,33,35,37,39,41,43,45,47,50,53,59
15040010857341,a255863a-3376-4f69-a995-64d89ef98406,60,7,16.25,33.57105,-7.68007,4,16:00-21:00,1,16.0,16.0,14.1,5.2,4.15,3.66,1.16,42,1.92,9,9,11,12,13,14,14,15,15,16,17,17,18,18,18,19,20,22,25
15040010907153,a26829c5-5b0a-4713-96a7-dfdc405d429c,60,6,52.65,33.54668,-7.67692,4,16:00-21:00,1,24.7,25.0,19.2,8.5,9.85,7.58,1.08,1176,10.36,10,14,17,19,20,21,22,23,24,25,26,27,28,29,30,31,33,34,36
15040010832642,a3462e2f-25a3-46f2-9e3d-0e807b34bd4c,23,7,36.73,33.54845,-7.67231,4,16:00-21:00,1,24.2,26.0,14.3,9.6,9.24,5.09,0.99,97,14.71,4,9,14,16,19,21,22,24,25,26,27,28,29,30,31,32,33,36,39
15040010832313,a34c71b4-9be1-4359-9c50-92dfcdff02af,60,7,75.47,33.56192,-7.66315,4,16:00-21:00,1,38.8,40.0,33.6,10.0,8.1,6.79,1.12,5099,6.14,18,26,30,33,34,36,37,38,39,40,41,42,43,44,45,46,48,50,53
15040011036489,a356c1e9-56a0-4c20-bfca-49944f0b378e,26,7,21.42,33.54734,-7.67526,4,16:00-21:00,1,23.3,23.0,18.6,10.2,4.14,3.35,1.03,88,2.21,9,11,12,14,15,16,18,19,22,23,25,25,27,29,31,32,33,37,41
15040010822314,a38d86b3-23a6-4a14-8fa1-363824b28f45,60,6,19.55,33.57231,-7.68513,4,16:00-21:00,1,22.9,24.0,13.5,9.8,5.22,2.93,1.0,926,8.91,5,9,12,15,17,18,20,21,23,24,25,26,27,28,29,30,32,34,38
15040010843338,a3ac42bb-bdac-47c3-92ed-6c03559ef272,60,3,50.68,33.55208,-7.66534,4,16:00-21:00,1,30.0,29.0,17.4,16.0,10.5,6.29,1.14,3155,14.63,5,10,16,20,22,23,25,26,28,29,31,32,33,34,35,37,41,47,61
15040010796115,a3b8da9b-b9a1-4abc-a3a5-3fc06496ab4c,18,7,22.61,33.5616,-7.66133,4,16:00-21:00,1,16.3,14.0,5.9,15.2,13.87,5.81,0.99,4091,16.15,2,2,3,3,4,6,7,10,12,14,15,17,19,20,22,25,28,33,42
15040010916938,a3c17dd0-9e08-4023-875c-361d820bac9d,60,7,10.69,33.55843,-7.65546,4,16:00-21:00,1,19.2,17.0,9.7,13.3,3.95,2.26,1.21,165,4.99,3,6,7,8,9,10,12,13,15,17,18,20,22,24,26,27,33,38,44
15040010797973,a4f2acfa-9812-4394-9c73-72b7190fd0eb,19,7,29.24,33.56513,-7.65951,4,16:00-21:00,1,20.3,21.0,14.6,8.4,7.23,5.01,1.02,3928,7.62,6,8,11,13,15,17,18,19,20,21,22,23,23,24,25,26,27,29,32
15040010795735,a5262c78-d6bb-427a-b315-140183b51e23,60,7,60.66,33.54109,-7.66929,4,16:00-21:00,1,18.0,15.0,13.9,8.8,15.73,14.56,1.39,33,9.26,6,7,9,11,13,14,14,14,15,15,16,17,21,23,23,26,28,29,35
15040010794612,a59baf3c-a88d-4ba4-a000-e108d1d8f294,60,7,35.45,33.57425,-7.6737,4,16:00-21:00,1,16.6,17.0,14.5,5.3,8.79,7.51,1.15,90,3.83,7,10,10,12,13,14,15,15,16,17,18,18,19,19,20,20,21,22,26
15040010797206,a5e839aa-75e5-402f-8ce1-80f6dc9a2b86,60,6,29.68,33.55093,-7.67646,4,16:00-21:00,1,27.9,28.0,23.3,9.2,4.59,3.82,0.97,2577,4.56,14,17,20,21,23,24,25,26,27,28,28,29,30,32,33,34,36,39,43
15040010845107,a6072d63-9713-42d2-9bb5-18b30e903950,19,7,141.86,33.56301,-7.66081,4,16:00-21:00,1,33.0,37.0,23.8,14.9,21.46,13.8,1.04,86,16.24,8,13,15,18,18,21,30,33,35,37,37,38,39,41,42,46,47,49,52
15040010603003,a60c308d-d8c6-4b43-b2ad-a9faf9be5579,47,3,35.52,33.53881,-7.66262,4,16:00-21:00,1,46.3,47.0,39.3,10.0,3.25,2.72,1.05,2235,4.02,29,35,38,40,42,43,44,45,47,47,48,49,50,51,52,53,55,57,60
15040010974907,a6f79989-0764-400f-ba73-f92227eeda0d,60,4,122.77,33.56595,-7.65845,4,16:00-21:00,1,14.6,10.0,8.8,11.3,50.28,44.2,1.12,8120,34.17,4,5,5,6,6,7,8,8,9,10,12,13,15,17,20,23,26,32,38
15040010845533,a71d918f-2e27-44c0-afd4-d5e1d2a82dd7,60,4,205.09,33.56352,-7.66443,4,16:00-21:00,1,27.9,28.0,22.0,10.2,33.6,26.37,1.13,4596,28.84,10,14,17,19,21,22,24,26,27,28,30,31,32,34,35,37,38,40,43
15040010846591,a751fda0-b9dc-4383-9526-88311b785170,60,7,44.64,33.56207,-7.68057,4,16:00-21:00,1,22.8,23.0,20.9,5.9,7.7,6.99,0.97,200,2.93,10,16,18,19,19,20,21,21,22,23,23,24,24,25,26,28,29,30,33
15040010798129,a7829c8f-79ef-45b9-ab6f-c012adcbea1d,60,5,45.96,33.54939,-7.67186,4,16:00-21:00,1,28.9,29.0,23.5,8.8,7.05,5.71,1.03,1504,7.32,13,18,21,23,24,25,26,27,28,29,30,31,32,33,34,36,37,39,42
15040011087366,a7bc6d37-106a-4774-8ea0-f206d8a4e090,60,3,19.7,33.56188,-7.66851,4,16:00-21:00,1,25.6,22.0,10.8,19.2,6.59,3.22,1.18,11135,10.04,3,4,7,10,12,14,16,18,20,22,24,27,29,31,34,37,40,46,69
15040010811177,a8056c20-1baa-4c7b-8eff-17f355b5ea4d,60,5,24.07,33.55274,-7.68524,4,16:00-21:00,1,19.4,19.0,13.6,9.2,6.39,4.56,0.98,1210,6.0,5,7,10,12,14,15,16,17,18,19,20,21,22,23,24,26,28,31,35
15040010837110,a8326dcf-7b87-4c9d-a038-da7a98010ffa,60,4,12.23,33.56545,-7.65965,4,16:00-21:00,1,27.6,26.0,20.6,12.8,2.13,1.69,1.14,7472,1.75,9,12,14,16,18,20,22,23,25,26,28,30,31,33,35,38,41,45,52
15040010779699,a8781bd8-390b-480a-9a88-3ba527726081,60,7,30.37,33.55811,-7.67029,4,16:00-21:00,1,19.8,18.0,16.6,8.2,6.59,6.07,0.92,77,2.9,10,10,11,11,13,15,15,16,17,18,20,22,23,24,25,27,29,32,35
15040010799068,a8bfc529-a061-425f-bfd7-58aeba979444,60,4,26.66,33.5549,-7.68615,4,16:00-21:00,1,21.1,21.0,16.9,7.5,5.69,4.57,1.03,2696,5.55,9,12,14,15,16,17,18,19,20,21,22,23,24,25,26,27,28,30,33
15040011071438,a8c8d891-9804-47d0-ae59-028cdd47cf78,60,7,17.53,33.5662,-7.66602,4,16:00-21:00,1,41.2,45.0,31.6,15.1,2.0,1.4,1.02,3683,3.09,13,17,19,24,31,38,40,42,44,45,46,48,49,50,52,53,55,58,61
15040010860396,a8f38876-2fe0-4b29-aa3b-8f1f2921bb1f,60,6,17.19,33.54647,-7.68024,4,16:00-21:00,1,25.0,25.0,19.3,8.3,3.21,2.48,1.13,2575,5.23,12,15,18,19,21,21,22,23,24,25,26,26,27,28,29,30,33,36,39
15040010831028,a926c004-137a-4095-8dda-6f1d71cebfd2,60,3,25.51,33.57172,-7.66913,4,16:00-21:00,1,25.1,26.0,21.0,8.3,4.37,3.53,1.01,10466,3.15,11,13,16,18,20,22,23,24,25,26,27,28,29,30,30,32,33,34,37
15040011071072,a95e78e7-b976-4dea-a452-dc97540bc711,60,7,20.85,33.56553,-7.66563,4,16:00-21:00,1,32.9,32.0,26.6,13.1,2.82,2.35,1.05,3677,1.93,13,16,18,21,23,26,27,29,30,32,34,36,38,40,42,45,47,50,55
15040010844890,a9c52156-c19d-44f4-95f0-975dbb7229c5,60,7,20.65,33.55359,-7.66776,4,16:00-21:00,1,24.7,25.0,4.8,13.9,15.56,2.97,1.9,114,39.61,1,2,3,7,20,21,22,23,24,25,26,28,31,32,36,37,39,42,47
15040010908104,aa0dfd40-09ec-4394-98a0-bf230aea1f83,60,4,83.89,33.55821,-7.67964,4,16:00-21:00,1,32.2,33.0,26.5,10.6,11.38,9.15,1.01,3990,10.83,14,18,21,23,25,27,29,30,32,33,34,35,37,38,39,41,42,45,48
15040010805606,aa7cbacb-f659-428a-ab84-696489347db9,60,7,140.2,33.57047,-7.68141,4,16:00-21:00,1,16.0,16.0,14.1,5.2,35.83,31.55,1.18,42,16.58,9,9,11,12,13,14,14,15,15,16,17,17,18,18,18,19,20,22,25
15040010799656,aa8d00ab-a1af-416d-9638-cd3dcea9e77f,60,6,19.48,33.56845,-7.67591,4,16:00-21:00,1,26.7,27.0,22.2,8.5,3.16,2.6,1.03,2458,3.49,13,16,18,20,21,22,23,25,26,27,28,29,30,31,32,34,35,37,41
15040010799489,aa957d38-b10f-4fe2-8630-b65443244de5,60,4,96.52,33.55054,-7.67042,4,16:00-21:00,1,24.1,24.0,18.9,10.2,18.37,14.48,1.03,9020,12.27,9,11,13,15,17,19,20,21,23,24,25,26,27,29,31,33,36,38,40
15040010968098,aad1cd7c-cf7f-4907-a17e-e302a0d92ddb,60,6,77.56,33.54917,-7.67846,4,16:00-21:00,1,22.5,22.0,18.1,8.4,15.46,12.69,0.98,1717,12.21,9,12,14,16,17,18,19,20,21,22,23,24,25,27,28,29,31,33,35
15040010605561,ab158e9b-ab42-432f-981d-07885873e351,25,7,127.69,33.54624,-7.64852,4,16:00-21:00,1,39.9,40.0,38.2,7.8,12.04,11.49,1.01,5087,2.89,27,31,33,34,35,36,37,38,39,40,41,42,42,43,44,45,47,49,52
15040010912276,ab20025b-2019-4c5f-b8bc-b97f5d4080c1,60,7,94.94,33.55948,-7.65459,4,16:00-21:00,1,25.1,25.0,18.2,9.9,18.8,13.67,1.13,281,22.57,9,13,15,18,19,20,21,23,24,25,26,27,28,30,31,32,34,38,42
15040010940198,ab596932-4058-42b0-9dd9-3b6ddd05757c,60,7,139.1,33.56783,-7.66392,4,16:00-21:00,1,24.6,24.0,22.2,7.4,22.56,20.87,1.02,496,8.1,14,15,17,18,19,20,21,22,23,24,25,27,28,29,30,31,32,34,36
15040010600143,abc098c9-3dd6-4211-b9f6-6961b4bf5550,18,4,38.69,33.53889,-7.66283,4,16:00-21:00,1,22.2,24.0,14.2,11.3,9.8,5.8,1.1,1409,8.56,5,6,8,10,12,15,18,20,22,24,25,27,28,29,30,32,33,35,38
15040010790935,abf7bc75-5f3a-4158-849e-e4375f779439,60,6,23.17,33.57213,-7.68501,4,16:00-21:00,1,25.5,26.0,16.8,9.1,4.97,3.21,1.11,884,9.19,8,14,17,19,21,22,23,24,26,26,27,28,29,30,31,32,34,36,39
15040010808185,ac1f3d42-714c-49e9-ad84-b48f4f4605a6,60,7,90.25,33.56156,-7.65171,4,16:00-21:00,1,32.4,34.0,23.7,14.0,13.74,9.56,0.99,3546,11.42,9,11,15,19,22,24,27,30,33,34,36,37,39,40,42,44,46,49,54
15040010915867,ac42499a-9607-4500-bda5-1726a04e2469,60,4,334.36,33.54602,-7.65593,4,16:00-21:00,1,30.6,30.0,26.2,11.8,45.92,40.12,0.93,776,19.15,15,16,18,19,21,23,24,26,28,30,31,33,34,37,39,41,43,45,52
15040010611863,ad0b61aa-2382-404b-82a6-cadab7fc543d,60,7,130.47,33.55145,-7.64471,4,16:00-21:00,1,28.0,25.0,17.5,17.7,26.82,18.79,0.98,213,27.47,6,10,11,15,18,20,21,23,24,25,27,29,31,32,34,36,39,45,60
15040010907792,ad7dc410-bf57-45ff-b914-1ef8f6c0e7c1,60,6,38.77,33.54829,-7.67772,4,16:00-21:00,1,24.1,24.0,15.6,11.1,8.96,5.82,1.06,1358,12.34,6,10,12,15,17,19,20,21,23,24,26,27,28,29,31,33,35,38,42
15040010841352,adac1c3d-fb72-4dfe-abce-ef9bb9544bca,60,7,9.11,33.57539,-7.67511,4,16:00-21:00,1,17.0,17.0,15.1,5.2,2.18,1.93,1.12,96,0.92,8,10,11,12,14,15,15,16,17,17,18,19,19,19,20,21,22,23,27
15040010322329,adef80cd-8afc-484b-be95-413d0a26b534,60,4,37.16,33.557,-7.68218,4,16:00-21:00,1,31.4,32.0,27.6,9.5,4.85,4.18,0.97,2642,2.48,15,19,21,23,25,27,29,30,31,32,33,34,36,37,38,39,40,42,45
15040010907855,adff730e-54b9-4088-8b20-2cca1cbef062,60,6,39.14,33.54853,-7.67813,4,16:00-21:00,1,24.3,24.0,17.0,9.2,8.31,5.87,1.15,1636,15.01,9,13,15,17,18,20,21,22,23,24,25,26,27,28,29,31,33,35,40
15040010802042,ae2b7334-1581-4369-9be9-d6b93109adfa,20,7,135.01,33.55301,-7.6568,4,16:00-21:00,1,37.1,36.0,34.8,9.3,13.98,13.5,0.95,43,3.7,24,26,26,28,31,31,32,34,35,36,37,40,40,43,45,45,46,49,53
15040010273268,ae3fb640-1d26-4012-9871-80bd08e555cc,60,4,208.22,33.54743,-7.65733,4,16:00-21:00,1,30.9,30.0,28.1,9.0,26.68,24.99,1.02,1731,10.46,17,22,24,25,26,27,28,29,30,30,31,32,33,34,35,36,38,40,44
15040010814703,ae7dbdcf-9e51-41f5-ae22-a1ec971c6348,60,7,18.52,33.57317,-7.67564,4,16:00-21:00,1,14.7,15.0,13.5,4.0,4.93,4.44,1.12,45,1.61,8,8,10,11,12,13,13,13,14,15,15,17,17,18,18,18,19,19,20
15040010801643,aeaabaef-2427-474f-b88e-ac9ff675e121,18,7,9.4,33.56192,-7.66315,4,16:00-21:00,1,42.4,46.0,33.2,13.7,1.02,0.74,0.93,749,1.18,17,23,27,30,32,35,38,41,44,46,47,48,49,51,53,54,56,58,61
15040010844558,aec1f7b9-b232-47e7-b296-5ff4f4307ac8,60,4,42.1,33.54494,-7.66032,4,16:00-21:00,1,38.1,38.0,32.3,12.2,4.69,3.99,0.92,845,5.2,19,23,25,29,31,33,34,36,37,38,39,40,41,43,44,46,48,52,58
15040010799946,aef82f3c-38ed-4355-b585-2772ed71c0b3,18,7,88.89,33.55457,-7.6659,4,16:00-21:00,1,27.2,27.0,23.5,9.9,13.61,11.85,0.89,84,6.39,12,17,18,20,21,22,24,25,26,27,28,30,30,31,32,32,34,36,42
15040010622322,af3d8083-ef97-4bbb-8b1f-3a7350773bf4,60,7,20.23,33.54565,-7.67764,4,16:00-21:00,1,20.2,21.0,17.1,6.4,4.27,3.47,1.1,414,2.82,8,12,14,15,16,17,18,19,20,21,21,22,23,23,25,26,27,29,30
15040011003610,af83e9a1-105c-40ba-aef9-6c9e88d19d47,26,7,71.0,33.55784,-7.65473,4,16:00-21:00,1,37.5,36.0,34.7,9.8,7.37,7.1,1.03,10701,2.87,22,26,29,31,32,33,34,35,36,36,37,38,40,41,43,45,47,50,55
15040010833216,af9b0fa9-250e-4490-8c1d-d735890d0148,60,5,64.36,33.54322,-7.6741,4,16:00-21:00,1,26.7,27.0,20.0,9.4,11.57,8.58,1.18,1465,13.66,9,15,17,20,22,23,24,25,26,27,28,29,30,31,33,34,36,38,41
15040010802168,afbd4b31-54e5-47c6-aef1-51de3b9a88de,60,7,10.95,33.56221,-7.68012,4,16:00-21:00,1,23.1,23.0,21.2,6.3,1.86,1.71,0.96,199,0.7,15,17,18,19,20,20,21,21,22,23,23,24,25,25,26,28,29,31,34
15040010830070,afbf0dd0-626b-46ee-bc50-1cd4bbd1d6c8,60,4,46.5,33.56841,-7.66027,4,16:00-21:00,1,46.9,48.0,36.6,15.9,4.58,3.49,1.08,9946,8.8,20,24,28,32,36,40,42,44,46,48,50,52,54,56,58,60,63,66,71
15040010600045,afca91aa-92dc-4bc7-9563-354fb8305b70,60,3,8.68,33.54591,-7.66912,4,16:00-21:00,1,31.4,30.0,26.5,11.6,1.18,1.04,1.01,2202,1.04,17,20,22,23,24,26,27,27,28,30,31,32,33,35,36,38,40,44,53
15040010605574,afed2ad0-9404-4bed-b5db-ba1f98dc0037,60,1,240.16,33.54622,-7.64802,4,16:00-21:00,1,62.5,65.0,48.4,15.7,17.85,13.3,1.28,15502,22.03,28,46,53,56,58,60,61,62,63,65,66,67,68,70,71,73,75,77,82
15040011003612,aff34dd8-677e-4944-bf63-282c012e8ed4,60,6,20.63,33.56959,-7.67355,4,16:00-21:00,1,29.4,29.0,21.4,11.5,3.46,2.56,1.07,2239,7.62,12,15,18,20,22,24,25,26,28,29,30,32,33,34,36,38,40,43,49
15040010918593,b029b130-afe4-4df7-8017-bab945c59922,20,7,141.25,33.55112,-7.65547,4,16:00-21:00,1,50.8,50.0,46.0,15.7,11.06,10.17,1.06,139,3.62,28,31,34,36,38,39,41,43,46,50,53,55,57,61,64,66,69,72,76
15040010914676,b0906628-c7bf-49b0-a19d-5099d6963019,60,7,15.23,33.56141,-7.66142,4,16:00-21:00,1,21.6,18.0,12.8,14.2,4.27,3.05,1.04,3246,4.72,5,7,9,10,12,13,14,15,17,18,19,21,23,25,28,32,36,42,51
15040010917341,b0a8509d-88e8-45bc-b896-09288e828487,60,7,138.92,33.56441,-7.66496,4,16:00-21:00,1,26.8,25.0,21.6,11.9,23.18,20.0,1.05,4663,12.75,12,13,14,15,17,18,19,21,23,25,27,29,31,33,35,38,41,43,48
15040010903558,b0cd1af3-f61c-4522-aa4e-dd6c167fdd8c,60,4,13.78,33.55811,-7.6797,4,16:00-21:00,1,28.4,28.0,21.6,11.5,2.29,1.77,1.0,6897,2.48,10,14,17,19,21,22,24,25,27,28,29,31,32,34,35,37,39,43,48
15040010965670,b0ddd621-b197-4f0a-b095-d59f6e70cf4b,60,4,10.31,33.54928,-7.67824,4,16:00-21:00,1,17.0,17.0,9.1,10.4,4.1,2.18,1.13,2022,5.65,3,5,6,8,10,11,13,14,15,17,18,19,20,21,23,24,26,29,33
15040010908355,b1132776-c15b-4475-9e0b-a94315deb25f,60,4,29.85,33.55149,-7.66814,4,16:00-21:00,1,36.6,36.0,31.8,10.4,3.38,2.99,0.81,6773,4.11,21,23,26,28,30,31,32,34,35,36,37,38,40,41,43,45,47,50,55
15040010591187,b12cd6ff-218b-4388-bd8b-a71a8dd751df,60,7,29.01,33.54663,-7.64864,4,16:00-21:00,1,35.8,34.0,28.3,15.5,3.69,3.07,1.0,64,3.44,16,21,24,26,28,30,31,32,32,34,35,36,37,38,39,43,45,46,75
15040010800072,b1b187f3-0f50-4f3e-8828-9e945e2f0fad,60,6,25.87,33.54656,-7.68039,4,16:00-21:00,1,25.6,25.0,21.2,7.9,4.38,3.73,1.12,2564,5.02,14,17,18,20,21,22,23,24,24,25,26,27,28,29,30,31,33,36,39
15040010599973,b1c678f2-1d59-4ca8-9b4a-2f859ef9773c,60,2,91.8,33.54979,-7.64438,4,16:00-21:00,1,47.9,48.0,46.5,8.0,7.11,6.89,1.0,6734,1.43,35,39,41,42,43,44,45,46,47,48,49,50,51,52,53,54,55,58,61
15040010789254,b1dc2407-6190-4a83-a7a6-ce89ec37302a,60,4,174.54,33.56932,-7.6618,4,16:00-21:00,1,41.2,42.0,36.4,11.7,17.28,14.96,1.02,9822,10.7,21,25,28,32,34,36,38,40,41,42,43,45,46,47,49,51,53,55,59
15040010937359,b1e73f17-2295-4012-86d9-1ccd588bb41e,60,6,8.89,33.55882,-7.67785,4,16:00-21:00,1,25.3,25.0,18.0,11.4,1.78,1.28,0.96,281,1.89,8,11,13,17,19,20,22,23,24,25,27,27,29,30,32,33,35,37,42
15040010600711,b2c9d0ca-48df-455c-be82-854d20153fe0,18,4,77.09,33.53884,-7.66186,4,16:00-21:00,1,31.0,31.0,27.1,10.1,10.24,8.95,1.02,1904,4.96,15,19,21,23,25,26,28,29,30,31,32,33,34,35,36,38,40,43,48
15040010843851,b312fbf6-a59b-42f9-8d93-ee29379e05a4,60,6,26.52,33.55246,-7.68537,4,16:00-21:00,1,28.3,28.0,21.8,10.0,4.37,3.41,0.95,677,5.24,12,16,19,21,23,24,25,26,27,28,29,30,31,32,34,35,37,40,45
15040010803858,b32b0557-5bec-4ddf-97bb-1ccd93ccb106,60,7,24.01,33.5416,-7.66904,4,16:00-21:00,1,16.5,15.0,12.6,7.5,6.86,5.76,1.63,34,4.75,6,7,8,10,12,14,14,15,15,15,17,17,18,18,20,21,26,28,30
15040010809929,b357b81e-4db5-4945-b7db-1bf7e3d49974,18,7,10.67,33.55509,-7.66616,4,16:00-21:00,1,45.8,41.0,41.5,14.7,0.93,0.94,0.86,535,0.29,28,30,31,33,34,35,36,37,39,41,43,48,53,56,58,60,62,66,72
15040010814681,b41937a7-e4d6-4705-963c-44c357aca5ba,26,7,12.11,33.56223,-7.66389,4,16:00-21:00,1,39.8,43.0,13.5,14.6,3.22,1.01,1.46,54,9.81,5,21,24,30,35,38,38,41,42,43,43,44,47,47,50,52,53,54,56
15040010796923,b46db15b-cf7a-4265-9fa5-ce4770cc2830,60,5,66.09,33.54901,-7.67205,4,16:00-21:00,1,26.9,27.0,22.2,7.8,10.7,8.81,1.12,1448,11.86,13,17,20,22,23,24,25,25,26,27,28,29,30,30,31,33,35,37,39
15040010811403,b49a6f8d-f563-4bcc-8922-dc1511c09b44,60,4,28.01,33.54513,-7.65962,4,16:00-21:00,1,37.8,38.0,34.0,11.6,2.97,2.65,0.79,848,1.25,20,24,27,29,30,32,34,35,36,38,38,39,40,41,43,46,48,51,57
15040010866072,b50a8e6a-4316-45b9-bb37-7290b735d595,26,7,343.18,33.56193,-7.66094,4,16:00-21:00,1,26.3,27.0,21.8,9.4,56.7,45.76,1.04,3185,34.61,11,13,15,17,19,21,23,24,26,27,29,30,31,32,33,34,36,38,41
15040010412408,b54305e1-2021-4a32-8952-51b2c295e8de,18,7,171.18,33.54603,-7.6778,4,16:00-21:00,1,14.3,15.0,8.7,8.0,70.81,41.08,1.23,33,64.33,2,4,5,6,6,9,10,12,13,15,16,16,17,20,20,21,24,25,28
15040010196673,b57db4cc-94bc-464b-a03e-be6a9e30bb0a,60,7,240.62,33.56071,-7.65026,4,16:00-21:00,1,28.1,28.0,25.3,7.5,34.27,30.94,0.98,2087,18.51,16,19,21,22,23,25,25,26,27,28,29,30,31,32,33,34,35,37,40
15040010793333,b586bedf-f016-49e2-af63-5687589fcab0,60,7,26.0,33.57372,-7.67266,4,16:00-21:00,1,16.9,17.0,12.7,7.7,7.35,5.51,1.08,105,4.93,6,7,8,9,10,12,14,15,16,17,18,19,20,20,22,23,25,27,29
15040010972176,b5e789e7-ab3a-4623-88be-c89da1d9ab90,60,4,111.85,33.56539,-7.65945,4,16:00-21:00,1,23.1,24.0,14.1,12.1,28.59,16.78,1.09,7988,28.6,5,6,8,10,13,15,17,20,22,24,26,27,29,31,33,34,36,38,42
15040010802825,b5f5532e-98fa-45e9-9d43-8058ebda47c0,60,6,15.81,33.56982,-7.68357,4,16:00-21:00,1,26.8,27.0,21.3,7.7,2.67,2.11,1.14,842,4.13,14,17,20,21,23,24,25,26,26,27,28,29,30,31,31,32,34,35,39
15040010846148,b610b966-b7cb-4acf-a2b6-0d78935e418e,60,7,16.69,33.57438,-7.67423,4,16:00-21:00,1,16.6,17.0,14.6,5.3,4.11,3.53,1.14,89,1.76,8,10,10,12,13,14,15,16,17,17,18,18,19,19,20,20,21,23,26
15040010906056,b638ff30-f4b5-4672-a57f-2b0f9a6d4b9e,60,3,43.69,33.57685,-7.67305,4,16:00-21:00,1,16.2,15.0,8.7,10.8,18.0,10.49,1.07,9691,16.53,3,4,4,5,6,7,9,11,13,15,17,19,20,22,24,26,28,31,36
15040010951387,b661edfb-f9b5-4d9c-917e-45bf73fc8aa0,60,7,72.5,33.56054,-7.67999,4,16:00-21:00,1,24.5,25.0,21.2,7.2,12.33,10.44,0.91,49,6.73,10,11,18,21,22,22,23,23,25,25,26,26,26,28,29,31,33,33,35
15040010804199,b66b7df6-4f0c-4115-b3db-1cbdba6194fd,60,7,9.73,33.55069,-7.67424,4,16:00-21:00,1,25.6,26.0,15.2,14.6,2.3,1.35,0.67,212,2.59,5,8,9,12,14,16,19,21,23,26,27,29,30,31,33,36,40,43,50
15040010916557,b66ba25d-b1a3-4b8c-9e78-a27f078f36c6,60,6,39.64,33.5482,-7.67797,4,16:00-21:00,1,21.8,22.0,14.2,9.3,10.05,6.49,1.03,1608,14.66,5,10,13,14,16,17,18,20,21,22,23,24,25,27,28,29,31,33,37
15040010805290,b671115f-7500-4212-9d2f-d9e5a78c35ab,20,7,146.94,33.55594,-7.65407,4,16:00-21:00,1,37.1,36.0,34.8,9.3,15.21,14.69,0.95,43,4.02,24,26,26,28,31,31,32,34,35,36,37,40,40,43,45,45,46,49,53
15040010805588,b67ec1a2-52bd-436c-a8ad-413056650690,60,6,16.4,33.572,-7.68493,4,16:00-21:00,1,25.9,26.0,19.8,8.8,2.99,2.27,0.96,880,3.74,10,15,18,19,21,22,23,24,25,26,27,28,29,30,31,32,34,36,40
15040010914218,b693cf46-c777-4661-ad6e-70e6bee93f3d,27,7,176.81,33.555,-7.6499,4,16:00-21:00,1,43.2,43.0,41.3,8.3,15.41,14.8,1.01,13650,3.99,29,33,36,37,38,39,40,41,42,43,44,45,46,47,48,49,51,53,57
15040010804278,b6976df8-363f-4f25-a1da-125fc9a2d56f,60,5,140.02,33.54336,-7.67132,4,16:00-21:00,1,33.1,32.0,29.6,8.6,17.02,15.75,0.88,845,9.76,20,23,26,27,28,29,30,31,31,32,34,35,36,37,39,40,41,43,48
15040010804776,b6e704dd-6196-48cc-890a-00ccd96ded9b,60,4,40.49,33.54885,-7.65255,4,16:00-21:00,1,38.6,38.0,36.7,8.8,3.97,3.84,0.99,2826,0.93,26,28,30,32,33,34,35,36,37,38,39,40,41,42,43,45,47,49,53
15040010803336,b70a2d99-443a-4b55-a001-5c0b4e3518b8,20,7,388.56,33.55462,-7.66422,4,16:00-21:00,1,40.6,38.0,38.2,10.9,36.6,36.81,1.01,69,8.32,28,30,31,32,32,34,34,36,37,38,39,41,42,43,43,47,53,60,64
15040010908955,b72ec582-9a0c-463c-b2c1-77622bdd2bdc,18,7,19.75,33.55858,-7.65534,4,16:00-21:00,1,16.1,15.0,9.7,10.9,7.36,4.74,1.04,314,7.18,4,5,6,7,9,10,11,13,14,15,15,16,18,19,20,22,24,29,36
15040010811184,b774698a-89d4-4cee-aa0c-dec7a9dabf92,60,6,19.15,33.55259,-7.68501,4,16:00-21:00,1,24.4,25.0,17.8,9.3,3.88,2.76,1.02,796,5.58,9,12,15,17,19,20,21,22,24,25,26,27,28,29,30,31,33,35,39
15040010819156,b7c18e39-a9d2-4f81-8f98-80a2640f578e,18,6,10.24,33.55127,-7.66844,4,16:00-21:00,1,23.0,18.0,11.1,17.8,3.31,2.05,0.61,130,3.93,4,6,7,7,9,10,11,14,15,18,23,26,28,30,33,35,39,44,48
15040010967685,b82aef7a-2ddc-42a0-92b1-a73c08ad90ee,60,4,9.04,33.54928,-7.67853,4,16:00-21:00,1,23.6,23.0,16.7,10.8,1.95,1.41,0.99,2974,2.15,7,11,13,15,16,18,19,20,22,23,24,25,27,28,30,32,34,36,42
15040010802336,b938b370-e295-49df-9f8c-fc853871f8e1,60,7,24.27,33.56331,-7.66437,4,16:00-21:00,1,20.0,17.0,8.3,17.1,10.58,5.14,1.13,8226,13.85,2,3,4,7,10,12,13,15,16,17,18,19,20,22,23,26,29,37,64
15040010846678,b954909f-60b7-40d7-8210-ecc7e406f9a7,60,7,41.98,33.56589,-7.67167,4,16:00-21:00,1,18.2,19.0,16.4,5.2,9.23,7.95,1.04,30,3.46,9,9,12,13,14,15,17,17,19,19,20,20,21,21,22,23,24,24,25
15040010863857,b9b092b6-e0dd-4eb4-aac0-c2dda869dd04,60,7,135.29,33.56153,-7.66177,4,16:00-21:00,1,39.3,41.0,34.8,10.7,14.0,11.88,1.0,6503,7.34,19,24,27,31,34,36,37,39,40,41,42,43,44,45,46,47,49,51,54
15040010603300,b9bdc466-d741-4e29-988c-4be4259a659e,18,4,54.27,33.53889,-7.66283,4,16:00-21:00,1,19.7,15.0,9.6,15.1,20.31,13.02,1.0,2739,17.2,4,4,5,5,6,7,9,10,12,15,18,22,25,28,31,34,37,41,48
15040010864114,b9e65996-2c07-4e4a-ae5d-696fb2b5ff77,60,7,94.36,33.54711,-7.66257,4,16:00-21:00,1,22.8,23.0,16.7,9.4,20.29,14.77,0.9,48,16.32,6,8,11,14,17,18,20,21,22,23,24,26,27,29,31,32,33,35,36
15040010908373,b9f85b70-dc75-4884-989e-4780e15e310f,26,7,90.42,33.55566,-7.65046,4,16:00-21:00,1,37.2,36.0,34.5,9.4,9.43,9.04,1.01,13667,3.64,24,27,29,30,31,32,33,34,35,36,37,39,40,41,42,44,46,49,54
15040010847759,ba161bd6-63f0-44a7-b0c6-3d27e75123a8,60,4,9.27,33.54929,-7.65237,4,16:00-21:00,1,51.8,54.0,34.3,19.9,0.97,0.62,0.88,107,1.23,12,19,32,37,41,43,46,49,52,54,56,60,63,65,67,69,70,75,81
15040010916349,ba81ed6b-a566-43c1-9954-2ed7ebc5f133,60,4,20.97,33.55837,-7.67979,4,16:00-21:00,1,26.8,27.0,17.5,11.2,4.32,2.8,1.15,3000,10.56,8,12,15,18,20,22,23,25,26,27,28,29,31,31,33,35,37,40,45
15040011003839,bac0e137-c9b9-44a2-a046-39820aa50edd,18,7,12.25,33.55793,-7.65465,4,16:00-21:00,1,25.1,24.0,17.3,12.7,2.56,1.84,1.13,201,2.92,7,10,15,17,18,20,21,22,23,24,25,26,27,28,29,31,34,36,48
15040010849495,bade1e2f-8c23-4c10-825c-f5b8f344c712,25,7,233.67,33.54962,-7.65226,4,16:00-21:00,1,46.2,44.0,41.7,15.3,20.18,19.12,0.95,65,6.66,25,28,30,31,37,37,39,40,42,44,46,47,51,54,58,61,63,64,66
15040010792903,bb28f0be-d5ab-49b3-bda5-0ba669846266,60,7,64.9,33.5749,-7.67318,4,16:00-21:00,1,17.3,17.0,14.1,6.9,16.56,13.74,0.94,100,8.84,6,8,9,11,12,14,14,15,16,17,18,19,20,21,22,23,24,26,29
15040010811969,bb35f56a-71ab-4350-b85c-81d8f3d9dabd,60,3,43.68,33.57143,-7.66913,4,16:00-21:00,1,20.9,22.0,13.2,10.4,11.93,7.15,1.34,10186,11.76,4,6,8,10,12,14,17,19,20,22,24,25,27,28,29,30,32,34,36
15040011037947,bb5c259c-5770-4027-bace-5a4bbfac06f4,60,3,221.89,33.56757,-7.66739,4,16:00-21:00,1,31.5,34.0,24.2,12.6,33.0,23.49,1.0,7001,23.11,10,13,15,18,21,24,27,30,33,34,36,37,38,40,41,42,44,46,49
15040010273186,bd5f8f3a-8496-4010-a8ea-a2002621ed55,60,4,517.76,33.55111,-7.65178,4,16:00-21:00,1,30.4,29.0,26.9,10.6,69.28,64.27,1.01,2687,24.58,17,18,19,20,21,23,24,26,27,29,31,33,34,36,38,41,43,45,49
15040010808173,bd6f5165-deba-420c-a549-7f40b867eae9,60,4,13.47,33.54497,-7.6622,4,16:00-21:00,1,34.1,33.0,29.2,12.0,1.66,1.47,1.0,3409,1.07,16,21,24,26,28,29,30,31,32,33,34,35,36,38,39,41,43,46,53
15040010846207,be878042-5d40-4e49-ba0b-0079a2c17f10,28,4,43.23,33.54506,-7.66027,4,16:00-21:00,1,37.6,37.0,28.8,14.2,5.41,4.21,1.06,1845,9.08,16,21,24,27,30,31,33,34,36,37,38,39,41,42,44,46,48,54,62
15040010790027,be8b7037-0f4f-4ffc-8742-523277e9e9d3,60,4,16.35,33.54785,-7.66029,4,16:00-21:00,1,39.3,39.0,34.3,12.1,1.72,1.51,1.0,916,1.23,21,25,28,30,33,34,36,37,38,39,40,42,43,44,46,47,49,52,57
15040010784591,bed0bab2-f53a-415c-b73b-acf13445cc57,60,6,34.91,33.55186,-7.67692,4,16:00-21:00,1,23.2,24.0,16.2,9.6,7.77,5.24,0.99,2486,11.99,6,10,13,15,17,19,20,21,23,24,25,26,27,28,30,31,33,35,39
15040010266927,bee4d77f-2a44-4b83-8806-eee5a5e251e1,60,7,107.33,33.54822,-7.67492,4,16:00-21:00,1,23.0,23.0,18.6,7.4,20.82,16.8,0.99,100,16.64,8,11,16,17,20,20,21,22,22,23,24,26,26,27,28,29,30,31,34
15040010908792,bf00036d-2c68-449f-99b6-57b60e17cf7d,60,4,13.1,33.55217,-7.66649,4,16:00-21:00,1,40.7,41.0,35.3,10.9,1.33,1.15,0.92,6894,1.73,22,27,30,33,35,36,38,39,40,41,42,43,45,46,47,49,51,53,58
15040010935026,bf0ad637-ff8a-40da-9014-9eb207c9a21f,60,6,48.03,33.55843,-7.67764,4,16:00-21:00,1,24.7,24.0,17.3,11.4,10.02,7.2,1.06,192,8.63,6,9,11,13,16,18,20,22,23,24,27,29,31,32,33,35,37,38,42
15040010917395,bf0ffa5b-e545-4df1-a06f-d0ae09d3b48e,60,4,428.67,33.5462,-7.65572,4,16:00-21:00,1,47.4,48.0,45.1,9.9,34.26,32.15,0.99,1458,8.95,30,34,37,39,42,43,45,46,47,48,49,50,51,52,53,55,56,58,64
15040010787948,bf6dd086-ab75-46f0-924b-2843823be188,60,7,16.36,33.56135,-7.66127,4,16:00-21:00,1,28.2,28.0,21.3,12.5,2.76,2.1,1.13,8440,3.08,10,14,17,19,21,23,24,25,27,28,29,30,31,32,34,35,37,41,49
15040010605336,bfa6aa67-6ac8-4c7e-bc89-757e910491f0,27,7,235.92,33.55039,-7.6452,4,16:00-21:00,1,50.0,50.0,47.9,8.6,17.74,16.99,1.03,12778,6.1,37,40,42,44,45,46,47,48,49,50,51,52,53,54,55,56,58,60,63
15040010830641,bfabc44a-6f18-409b-8164-d0569f40fbc6,60,7,12.27,33.57327,-7.67569,4,16:00-21:00,1,14.7,15.0,13.5,4.0,3.27,2.94,1.12,45,1.06,8,8,10,11,12,13,13,13,14,15,15,17,17,18,18,18,19,19,20
15040010845318,bffccac5-e811-4c5d-8af6-47dcefd52fb5,20,7,20.26,33.55317,-7.65668,4,16:00-21:00,1,37.1,36.0,34.8,9.3,2.1,2.03,0.95,43,0.56,24,26,26,28,31,31,32,34,35,36,37,40,40,43,45,45,46,49,53
15040010201141,c0117d64-c6a9-44ae-9de7-ac8921f267bc,60,6,36.98,33.57291,-7.68549,4,16:00-21:00,1,22.7,22.0,17.3,9.9,7.71,6.05,1.09,1586,6.04,7,10,12,14,16,18,19,20,21,22,23,25,26,27,28,30,32,35,39
15040010477673,c026cfa7-2844-4a3f-80d7-f15c25407b5d,60,1,9.38,33.54393,-7.65301,4,16:00-21:00,1,62.3,63.0,50.3,13.8,0.67,0.54,0.99,20589,1.47,38,47,52,54,56,58,59,61,62,63,64,66,67,69,70,72,74,77,81
15040010837963,c0c57255-76c5-4c59-96e3-a9eb9b2cd119,60,7,40.39,33.57542,-7.67729,4,16:00-21:00,1,22.2,21.0,15.1,8.3,9.61,6.92,1.45,195,20.47,10,13,15,16,17,18,19,20,21,21,23,23,24,26,26,27,30,32,37
15040010938770,c0d426ea-f6c6-464c-b9fa-abdb4f94b323,19,7,12.42,33.55545,-7.65105,4,16:00-21:00,1,42.4,44.0,40.4,8.1,1.11,1.02,0.99,75,0.32,28,31,37,38,40,41,42,42,43,44,44,45,45,46,46,47,48,51,53
15040011041511,c0daec3b-cc44-445b-945a-007c36e33626,60,4,59.56,33.54955,-7.6777,4,16:00-21:00,1,16.2,15.0,9.9,10.3,21.7,14.29,1.09,5547,16.04,4,5,5,6,6,8,9,11,13,15,17,18,20,21,23,25,28,31,35
15040010972606,c210d5e4-033a-472a-a491-33602a92be71,60,4,176.89,33.56453,-7.66184,4,16:00-21:00,1,21.9,20.0,16.6,10.9,38.38,31.84,1.15,5537,24.18,8,9,11,12,14,15,16,17,19,20,21,23,24,26,29,31,34,38,42
15040010835594,c21a5d98-e9e8-4a95-baaa-49f99bb9a4bd,24,7,47.98,33.56152,-7.6611,4,16:00-21:00,1,24.9,24.0,20.5,10.1,8.41,7.2,1.01,3691,7.29,12,15,16,18,19,20,21,22,23,24,25,26,27,28,29,31,33,35,41
15040010789148,c27fe843-2284-4d97-9ae8-fbd64d693c03,60,7,53.83,33.55438,-7.68197,4,16:00-21:00,1,18.6,19.0,13.1,9.3,14.84,10.2,0.89,31,11.41,5,7,8,10,10,13,14,15,15,19,20,21,24,25,26,26,28,30,30
15040010603272,c2f700ac-1168-4c4a-92f1-3e625f07aa96,49,3,235.02,33.53871,-7.66235,4,16:00-21:00,1,46.9,49.0,44.0,9.8,19.24,17.27,1.04,3045,6.52,27,32,37,40,43,44,46,47,48,49,50,50,51,52,53,54,55,57,60
15040010799629,c36003f2-61bd-46bd-a2e3-221ba0c5b114,60,4,71.72,33.55076,-7.67325,4,16:00-21:00,1,32.5,33.0,29.4,8.2,8.79,7.82,1.04,8288,6.08,18,22,25,27,28,29,30,31,32,33,34,35,36,37,38,39,40,42,45
15040010865040,c417e76f-14b2-4a4c-b44d-3633dc949206,60,4,171.02,33.54962,-7.65226,4,16:00-21:00,1,48.4,49.0,46.5,8.8,13.25,12.56,0.95,2771,3.19,32,36,40,42,44,45,46,47,48,49,50,51,52,53,54,55,56,58,61
15040010816695,c475aecc-7a1d-412b-9f4c-c070dc1fb588,60,7,27.08,33.55809,-7.67,4,16:00-21:00,1,19.8,18.0,16.6,8.2,5.88,5.42,0.92,76,2.6,10,10,11,11,13,14,15,16,17,18,20,22,23,24,25,27,29,32,35
15040010811104,c48f808d-948e-45f1-8bee-f99357f9430e,60,7,12.63,33.56076,-7.65038,4,16:00-21:00,1,31.1,32.0,25.2,11.4,1.8,1.42,1.01,3053,1.35,12,16,20,22,24,26,28,29,30,32,33,34,35,36,37,39,41,44,48
15040010811025,c5349182-1c3b-4bf0-9542-c9281f69929b,60,7,130.43,33.54789,-7.674,4,16:00-21:00,1,18.2,18.0,12.5,9.0,37.47,26.09,1.34,45,31.08,4,5,9,11,12,12,13,15,16,18,18,21,22,24,25,26,26,28,34
15040010903754,c5ccb92d-8f42-4a36-97f1-5d9fcc67bc9c,60,6,24.1,33.55789,-7.67968,4,16:00-21:00,1,18.2,19.0,7.6,10.7,11.42,4.57,1.06,1913,16.94,2,3,4,6,9,12,15,16,18,19,20,22,23,24,25,27,29,31,35
15040010917444,c60420bd-c2cc-4a2c-afc3-74e3677ece2c,60,6,110.7,33.55354,-7.6659,4,16:00-21:00,1,35.5,35.0,33.8,7.4,11.81,11.39,1.0,1363,3.68,25,28,29,30,31,32,33,34,34,35,36,37,37,38,39,41,42,45,48
15040010913303,c625d21f-70e7-46ab-9f7d-a9affb4b52d9,60,4,86.93,33.55865,-7.67884,4,16:00-21:00,1,17.7,16.0,11.3,10.5,27.69,19.56,1.07,3799,21.11,4,5,6,7,9,10,11,13,14,16,18,20,21,23,25,28,30,33,37
15040010801614,c660b271-b51b-4668-ac8c-bd50e7331c14,60,6,9.43,33.55178,-7.67688,4,16:00-21:00,1,25.1,26.0,17.7,9.5,1.92,1.31,1.02,2539,3.5,8,13,15,17,19,20,22,23,24,26,27,28,29,30,31,33,34,36,40
15040010786222,c6a43945-70df-4aaf-8e2e-5779beb6939b,60,7,33.05,33.57392,-7.67279,4,16:00-21:00,1,16.8,17.0,13.0,7.3,9.15,7.0,1.09,101,5.96,6,7,8,9,11,13,14,15,16,17,17,19,20,20,21,23,24,26,29
15040010602516,c6a53a8f-514c-4987-b635-f6ed58661a8c,60,2,30.64,33.55027,-7.64432,4,16:00-21:00,1,53.0,53.0,50.5,9.7,2.19,2.08,0.99,10901,0.92,37,42,45,46,48,49,50,51,52,53,54,55,56,57,59,60,62,64,68
15040010811976,c6b2414b-aa2c-44b2-818a-25a078b85ae9,60,3,32.46,33.57123,-7.66883,4,16:00-21:00,1,20.6,21.0,11.0,10.0,10.59,5.56,1.02,11220,15.82,3,6,9,12,14,16,17,19,20,21,22,23,25,26,27,29,31,33,36
15040010975269,c6cf70be-75da-443c-ad39-578bc982c113,60,6,53.31,33.54526,-7.67534,4,16:00-21:00,1,22.9,23.0,19.7,7.1,9.73,8.34,0.97,167,5.39,11,14,16,17,18,19,20,21,22,23,24,25,26,27,28,29,30,31,34
15040010532797,c6db06f2-d983-4870-899b-2b8afedec657,60,4,5.62,33.54616,-7.65584,4,16:00-21:00,1,41.7,40.0,33.4,15.2,0.61,0.51,1.02,5486,0.65,19,24,27,30,31,33,35,37,38,40,42,44,46,48,51,54,58,63,68
15040010832040,c6f33ca9-3112-4179-b462-25cae01e66f9,60,7,124.85,33.56228,-7.66382,4,16:00-21:00,1,19.1,15.0,11.8,12.4,37.98,29.96,1.4,5115,28.96,5,6,7,8,9,10,11,12,14,15,17,20,22,25,29,32,34,38,42
15040011003133,c703804e-9542-42cc-85fd-02fe4962b7bf,18,7,35.7,33.55711,-7.6534,4,16:00-21:00,1,40.6,42.0,31.3,13.9,4.11,3.06,1.02,10699,4.37,17,23,25,28,31,34,36,38,40,42,44,45,47,48,50,52,55,58,62
15040010605446,c7070381-97a1-43fe-8451-dae4b2306d08,60,7,47.55,33.55004,-7.64473,4,16:00-21:00,1,51.1,51.0,48.8,9.7,3.51,3.36,1.01,7821,1.59,36,40,42,44,45,46,48,49,50,51,52,53,54,55,56,58,60,62,66
15040010847444,c711735b-8551-4d41-8e07-456f4eaad540,18,7,32.69,33.55493,-7.66612,4,16:00-21:00,1,45.8,41.0,41.5,14.7,2.84,2.87,1.01,535,0.89,28,30,31,33,34,35,36,37,39,41,43,47,53,56,58,60,62,66,72
15040010915076,c7137399-0964-4e76-8d38-cbde7ea967d0,60,6,35.88,33.54712,-7.67713,4,16:00-21:00,1,26.5,27.0,18.7,10.3,6.91,4.78,1.13,1306,9.64,9,13,16,18,20,22,23,25,26,27,28,29,30,31,33,34,36,38,42
15040010605412,c721ef39-375f-4517-934b-caec0415b876,60,2,16.64,33.55002,-7.64444,4,16:00-21:00,1,53.4,54.0,51.1,9.4,1.17,1.11,1.0,10915,0.47,38,42,45,47,48,50,51,52,53,54,55,56,57,58,59,60,62,64,68
15040010821705,c72f3325-9155-487f-a361-932e5bf1272b,60,3,19.83,33.57184,-7.66939,4,16:00-21:00,1,15.1,16.0,6.4,8.6,11.23,4.46,1.08,9224,17.59,1,2,5,7,9,11,13,14,15,16,16,17,18,19,20,22,23,26,29
15040010789736,c769c60b-ae56-4fbc-a17a-93cb8bebcfa5,60,4,30.99,33.54528,-7.66193,4,16:00-21:00,1,28.1,27.0,13.8,15.2,8.09,4.13,0.86,1649,12.67,3,7,12,16,18,20,22,23,25,27,29,31,33,36,38,41,44,48,54
15040010850273,c7a6953b-9371-4f2c-8c4d-12098d08aed9,20,7,152.81,33.55494,-7.6551,4,16:00-21:00,1,37.1,36.0,34.8,9.3,15.82,15.28,0.95,43,4.18,24,26,26,28,31,31,32,34,35,36,37,40,40,43,45,45,46,49,53
15040010985562,c7be6f7a-1483-4324-ad40-65ed74b03d5c,60,4,19.33,33.56553,-7.65947,4,16:00-21:00,1,27.0,25.0,19.7,12.9,3.53,2.78,1.17,7489,3.14,9,12,14,15,17,19,21,22,24,25,27,29,31,32,35,37,41,45,51
15040011081668,c882cf67-70e0-45a2-b9db-c26761dc459a,60,6,241.51,33.55481,-7.681,4,16:00-21:00,1,33.4,35.0,26.7,11.4,32.56,24.84,0.98,2212,24.87,12,17,20,23,26,29,31,32,34,35,37,38,39,40,42,43,44,46,50
15040010850408,c8943bce-99e7-4021-ad30-81b06f078dc5,60,7,153.8,33.55939,-7.65693,4,16:00-21:00,1,34.4,36.0,29.4,9.7,18.81,15.38,1.04,2010,13.89,17,22,24,27,30,31,32,34,35,36,36,37,38,39,40,42,43,45,48
15040010779793,c8acaabd-0ee1-4870-9c62-4c4d133554c8,60,4,88.76,33.54492,-7.66207,4,16:00-21:00,1,33.7,34.0,29.3,11.4,10.9,9.4,1.0,834,6.57,18,21,24,26,28,29,30,31,33,34,35,36,36,37,37,38,40,45,56
15040010266926,c9e43737-0e11-464e-9f88-c6e594db905e,60,7,71.25,33.54822,-7.67492,4,16:00-21:00,1,20.4,20.0,17.9,6.5,14.33,12.82,1.04,107,6.3,9,11,14,15,16,17,18,19,20,20,22,22,23,24,25,26,27,28,31
15040010601206,ca23c3bc-d192-4697-889a-92cbed6127e7,28,4,50.75,33.53867,-7.66221,4,16:00-21:00,1,26.6,25.0,22.8,10.5,8.03,7.31,1.09,1453,3.62,13,15,16,18,19,20,21,23,24,25,26,28,29,31,33,35,37,40,46
15040011071125,cb3c13cb-481c-4916-a82f-dcd84d14ff7d,60,4,37.51,33.55683,-7.65233,4,16:00-21:00,1,39.4,40.0,29.8,14.3,4.53,3.38,1.01,10804,4.39,14,21,24,27,30,33,35,37,39,40,42,44,45,47,49,51,54,57,62
15040010811273,cb41566b-cf1a-4540-bd79-111ec2a1e56f,60,4,9.72,33.56529,-7.65972,4,16:00-21:00,1,26.6,27.0,19.2,11.5,1.82,1.3,1.09,5009,1.86,8,12,14,17,18,20,22,24,25,27,28,29,31,33,34,36,38,40,46
15040011040039,cb45f18b-c1b3-4c90-ac31-7270bed34a1e,60,7,11.01,33.54712,-7.67577,4,16:00-21:00,1,24.8,26.0,18.1,10.7,2.19,1.52,0.4,71,2.17,9,12,12,14,15,16,19,23,24,26,27,29,30,31,32,33,36,38,42
15040010851891,cb6433bb-7bbb-41f3-b9ef-95b7b7eec8f6,20,7,28.63,33.55386,-7.65612,4,16:00-21:00,1,37.1,36.0,34.8,9.3,2.96,2.86,0.95,43,0.78,24,26,26,28,31,31,32,34,35,36,37,40,40,43,45,45,46,49,53
15040010325764,cb724ab2-583a-46c9-b371-810597c01c73,60,4,11.32,33.55684,-7.68235,4,16:00-21:00,1,28.4,28.0,24.2,9.4,1.68,1.46,0.93,2661,1.0,13,17,19,21,23,24,25,26,27,28,29,30,32,33,34,35,37,39,43
15040010971448,cb96acea-6b5e-4557-9e46-e549505976c9,60,7,75.3,33.56052,-7.67031,4,16:00-21:00,1,10.3,8.2,5.7,7.2,47.65,33.1,1.37,110,45.15,2,3,3,4,5,5,6,7,8,8,9,10,12,13,15,17,19,21,25
15040010912277,cbb16bb6-eca6-4aa6-ae44-66e21100d700,18,7,26.91,33.55877,-7.65517,4,16:00-21:00,1,19.3,19.0,14.8,8.6,6.55,5.1,1.06,303,5.8,7,10,12,13,15,15,16,17,18,19,19,20,21,22,23,25,26,29,32
15040010811545,cc01a7c1-94cd-47a1-914c-ba64d541dcf3,60,4,24.55,33.55077,-7.674,4,16:00-21:00,1,37.5,38.0,31.7,12.4,2.79,2.33,1.03,8301,2.16,17,21,24,27,29,32,33,35,37,38,39,41,42,43,45,47,49,53,59
15040011071499,cc768edc-c580-4b7f-8fb1-dee3803ce403,60,4,107.05,33.55637,-7.65132,4,16:00-21:00,1,39.2,40.0,34.5,11.6,11.17,9.63,1.03,10836,6.19,19,23,27,29,33,35,37,39,39,40,41,42,43,44,46,47,49,53,58
15040011002541,cc9893eb-5efa-4c8a-bbd8-0eaeafb749e7,60,4,10.56,33.57149,-7.66923,4,16:00-21:00,1,21.4,22.0,16.4,8.3,2.31,1.73,1.12,2951,2.01,7,10,13,15,16,18,19,20,21,22,23,24,24,25,26,27,29,31,34
15040010812741,cc9fb94b-51d0-44ea-9b3e-3e31967a5043,60,4,26.3,33.57144,-7.66933,4,16:00-21:00,1,23.5,25.0,18.4,8.4,5.15,3.79,1.12,2951,5.33,8,12,14,16,19,20,22,23,24,25,25,26,27,28,29,30,31,33,36
15040010917178,ccca2492-d14d-4403-b96e-597207f58c81,60,6,50.67,33.55257,-7.66608,4,16:00-21:00,1,31.6,32.0,28.4,8.7,6.42,5.7,1.02,1379,3.79,18,21,23,25,26,27,29,30,31,32,33,34,35,36,37,38,40,42,46
15040010266977,cce3c5e4-2f0d-432e-85f2-94a4f4a7fac5,26,7,66.22,33.54934,-7.67546,4,16:00-21:00,1,21.9,22.0,18.7,7.1,12.72,10.84,1.0,203,7.49,10,13,15,16,17,18,19,20,21,22,23,23,24,26,27,28,29,31,33
15040010477672,cd4707dd-24fe-4469-9eaa-3f6a9a2cf7fe,60,1,8.83,33.54364,-7.6535,4,16:00-21:00,1,62.6,63.0,58.7,12.9,0.54,0.5,0.99,20652,0.23,38,47,52,54,56,58,59,61,62,63,64,66,67,69,70,72,74,77,82
15040010604065,cd99916b-b53b-458b-92e2-2b821a19f12e,47,3,217.51,33.54058,-7.66307,4,16:00-21:00,1,45.7,47.0,43.9,8.2,17.83,16.66,1.01,2197,4.23,31,35,38,40,41,43,44,45,46,47,47,48,49,50,51,52,53,55,57
15040010865986,cda2513e-5dbe-40f7-95b6-880434ae87a1,60,4,8.41,33.55058,-7.67034,4,16:00-21:00,1,27.9,26.0,21.6,11.4,1.4,1.16,1.03,9159,1.62,11,15,17,19,20,21,23,24,25,26,28,29,31,32,34,37,40,44,50
15040010970144,cde5f5e9-9f81-4640-bb21-1369bf8d0e76,60,7,42.04,33.56014,-7.67035,4,16:00-21:00,1,16.5,16.0,12.3,7.9,12.31,9.46,1.08,133,8.35,5,6,8,10,11,11,13,14,15,16,16,17,18,20,21,23,25,27,32
15040010792848,ce619b9b-9daa-44b8-aa3d-42bc0a3a5829,21,7,307.23,33.56662,-7.66168,4,16:00-21:00,1,23.5,22.0,19.6,10.6,56.33,50.27,0.96,98,25.94,9,12,13,15,16,18,20,20,21,22,23,24,25,27,28,30,33,35,41
15040010909818,ce66bdf4-1349-4d16-9191-bc5599d26132,60,6,16.95,33.5453,-7.68292,4,16:00-21:00,1,30.9,32.0,25.8,8.4,2.37,1.91,1.03,2043,3.39,15,19,22,25,26,27,29,30,31,32,33,34,35,36,37,38,39,40,42
15040010794543,ce717b08-ab87-4f73-b41b-dcb58e4dc536,60,7,75.64,33.55376,-7.68164,4,16:00-21:00,1,18.4,19.0,12.9,9.5,21.11,14.33,0.89,31,15.91,5,7,8,9,10,12,13,15,15,19,20,21,24,25,26,26,28,30,30
15040010980425,cf22aa69-b2f3-4e61-b861-06749ec0816c,60,4,26.77,33.5702,-7.66778,4,16:00-21:00,1,31.9,33.0,26.5,10.7,3.64,2.92,1.03,6860,2.65,14,18,20,22,24,26,28,30,31,33,35,36,37,38,39,41,42,44,47
15040011040237,cf9e056d-ab8b-4c6b-8d08-65dd36ab658f,60,4,42.5,33.54969,-7.67727,4,16:00-21:00,1,27.2,28.0,19.7,11.1,7.76,5.46,1.27,5696,7.39,7,11,15,18,20,22,23,25,26,28,29,31,32,34,35,37,38,41,44
15040010851890,d01f8c35-25f8-4e74-a033-ab1289d58bc8,60,7,25.06,33.5747,-7.67305,4,16:00-21:00,1,17.3,17.0,14.1,6.9,6.39,5.31,0.94,100,3.41,6,8,9,11,12,14,14,15,16,17,18,19,20,21,22,23,24,26,29
15040011071354,d02f0d93-8e83-4783-9826-80a6234c8468,25,7,98.96,33.56653,-7.6662,4,16:00-21:00,1,32.2,36.0,21.1,14.0,16.87,9.9,1.06,564,17.54,7,10,12,16,21,27,30,33,35,36,37,39,40,41,43,44,45,47,51
15040010815590,d0439ef3-ad5d-4ed2-b10f-ad3d07cd6a51,60,6,60.71,33.57058,-7.68403,4,16:00-21:00,1,27.9,28.0,23.5,7.7,9.3,7.81,1.0,835,8.94,14,19,21,23,24,25,26,27,28,28,29,30,31,32,33,34,35,37,40
15040010797228,d0652177-3ab4-4116-8154-ebc0df4aab16,60,3,27.93,33.55012,-7.66672,4,16:00-21:00,1,45.7,47.0,34.8,15.4,2.89,2.14,1.09,2973,3.85,19,26,29,33,37,39,41,43,45,47,48,50,51,53,55,58,60,64,70
15040010851965,d0914d32-9d21-4663-8277-8e8fe68fdf19,60,3,21.09,33.54989,-7.66685,4,16:00-21:00,1,22.1,15.0,14.1,15.6,5.38,5.06,0.88,38,3.53,6,7,8,9,9,12,14,15,15,15,16,19,25,31,31,34,37,44,65
15040010810309,d10403aa-506d-4d53-8040-374e5c8a9936,60,7,34.41,33.55197,-7.68327,4,16:00-21:00,1,16.5,18.0,11.7,7.4,10.61,6.88,0.89,44,8.12,4,5,6,8,10,13,14,16,18,18,19,19,20,21,22,23,25,25,25
15040010548037,d154b322-b1a8-444a-9784-feecfc7e46cf,60,4,4.79,33.54628,-7.65601,4,16:00-21:00,1,45.0,43.0,39.5,13.6,0.44,0.4,1.03,4170,0.27,25,30,32,34,36,37,39,40,42,43,45,47,49,51,54,57,60,64,69
15040010973919,d1d27db7-8a10-43ba-8dd2-80a1d1448042,60,4,192.1,33.56532,-7.66,4,16:00-21:00,1,33.7,35.0,28.4,10.9,24.32,19.76,1.14,4478,18.27,14,18,21,24,27,29,31,33,34,35,36,37,38,40,41,42,44,46,50
15040010826142,d2780cf0-c204-4e97-aa98-62cdc341881b,60,5,17.72,33.54845,-7.67231,4,16:00-21:00,1,21.8,21.0,17.6,8.3,3.64,3.04,1.18,1385,4.08,10,12,14,15,16,17,18,19,20,21,22,23,24,25,27,28,30,33,36
15040010849054,d2bc4cf4-a40a-4b28-baa0-5e5d2e46b0d5,60,4,27.93,33.56135,-7.68122,4,16:00-21:00,1,34.2,34.0,29.3,8.6,3.44,2.96,1.05,3581,5.97,20,24,26,28,29,31,32,33,34,34,35,36,37,38,39,41,42,44,48
15040010910868,d2c8d99c-17e9-49d7-bf7c-3967f1ec631c,60,7,19.2,33.56335,-7.67341,4,16:00-21:00,1,20.6,22.0,16.4,4.6,4.21,3.14,0.97,31,4.86,13,16,18,18,19,20,20,21,21,22,22,22,23,23,24,24,24,25,26
15040010859084,d2f140ef-71f0-44f8-aaa1-2006ef8a231d,60,4,222.93,33.54541,-7.65853,4,16:00-21:00,1,31.4,31.0,27.1,11.6,29.61,25.89,0.95,823,15.58,15,18,20,22,24,26,28,29,30,31,32,33,34,35,37,38,40,44,52
15040010553300,d2fbf60f-a42a-485a-9b99-717a9053f957,60,4,4.14,33.54618,-7.6559,4,16:00-21:00,1,42.0,40.0,34.8,14.9,0.43,0.37,1.01,5485,0.36,20,25,28,30,32,34,35,37,39,40,42,44,46,48,51,54,58,63,68
15040010849582,d3390fcc-479c-47bc-b5c6-4fc49c3092d4,60,1,395.63,33.54233,-7.65575,4,16:00-21:00,1,53.4,54.0,50.8,10.5,28.05,26.38,1.03,25035,7.9,34,40,44,46,48,49,50,52,53,54,55,56,57,59,60,61,63,65,69
15040010917035,d35dbd90-e3bb-4714-a55f-49d66a3684df,60,4,11.35,33.55832,-7.67969,4,16:00-21:00,1,27.4,28.0,19.9,10.8,2.05,1.46,1.05,6676,2.81,9,13,16,19,21,22,24,25,26,28,29,30,31,32,34,36,37,40,44
15040010835588,d398736b-c773-4b37-b991-4174188b2856,18,7,22.62,33.56132,-7.66116,4,16:00-21:00,1,24.8,20.0,15.1,17.5,5.4,4.07,1.07,3573,6.22,5,10,12,14,15,16,17,18,19,20,21,23,24,26,29,32,36,45,66
15040010782995,d3a6e417-4cac-4787-8827-8a77ed98f4a1,60,7,49.44,33.55483,-7.6822,4,16:00-21:00,1,18.6,19.0,13.1,9.3,13.63,9.37,0.89,31,10.48,5,7,8,10,10,13,14,15,15,19,20,21,24,25,26,26,28,30,30
15040010273159,d3f48c41-c9be-41bd-9250-d6af2c860fc2,60,4,11.0,33.54619,-7.65594,4,16:00-21:00,1,34.3,31.0,29.1,14.4,1.36,1.28,0.95,1313,0.74,16,20,22,24,26,27,28,29,30,31,33,34,36,38,40,42,45,51,61
15040010815845,d4515683-a66e-4ad3-9e81-0578feea46fb,18,7,31.19,33.56559,-7.66002,4,16:00-21:00,1,13.0,11.0,6.1,9.8,18.38,10.21,0.79,263,17.42,2,3,3,4,4,5,6,7,9,11,13,15,16,18,20,21,24,27,31
15040010839618,d4957833-3e7b-4fee-9bda-d375d8f616db,60,7,24.07,33.57451,-7.67432,4,16:00-21:00,1,16.6,17.0,14.4,5.4,6.0,5.1,1.16,89,2.78,7,10,10,12,13,14,15,16,17,17,18,18,19,19,20,20,21,23,26
15040010789316,d4a11797-78cc-45fe-92a7-b44e514c5218,60,5,18.05,33.54954,-7.67179,4,16:00-21:00,1,28.4,28.0,22.9,8.9,2.83,2.32,1.02,1524,3.43,13,18,20,22,24,25,26,27,28,28,29,30,31,32,34,35,36,39,42
15040010783642,d4a4b54c-f8de-4594-93e7-d32a387e03d3,60,4,43.87,33.5448,-7.66113,4,16:00-21:00,1,37.3,36.0,31.5,12.6,5.02,4.39,0.99,847,4.84,19,22,26,28,30,32,33,34,35,36,37,38,39,41,42,46,50,54,61
15040010849798,d4d0312a-6e6a-41db-987a-f11a244b0ada,19,7,328.12,33.5574,-7.66299,4,16:00-21:00,1,47.6,45.0,44.5,12.0,26.54,26.25,1.06,1513,7.19,30,33,36,37,39,40,42,43,44,45,47,49,52,54,57,59,61,64,68
15040010916351,d566becb-7175-4782-b89c-e8ff812cbf0d,60,4,12.09,33.55831,-7.67999,4,16:00-21:00,1,26.8,27.0,18.9,11.2,2.3,1.61,0.97,6174,3.65,9,13,16,18,19,21,22,24,25,27,28,29,31,32,33,35,37,40,46
15040010865525,d56db6a2-455a-4d56-b281-f8081493fc48,60,7,48.88,33.57554,-7.67679,4,16:00-21:00,1,23.5,22.0,15.9,9.2,11.07,8.0,1.47,183,19.72,10,13,15,16,17,19,20,21,21,22,23,25,26,28,30,32,34,35,39
15040011005899,d57388b3-f76a-4b40-9340-d0d899ba8998,19,7,70.16,33.55757,-7.65403,4,16:00-21:00,1,23.7,21.0,15.4,14.8,16.37,12.03,1.03,9200,10.74,7,8,8,9,10,11,13,16,19,21,23,25,28,31,34,38,42,46,51
15040010841251,d5b9e8fd-04bb-4782-bc23-bc4dc15ae34f,26,7,31.37,33.54725,-7.67547,4,16:00-21:00,1,23.4,24.0,18.6,10.2,6.06,4.71,0.82,87,3.25,9,11,12,14,15,16,18,19,22,24,25,26,27,29,32,32,33,37,41
15040010853025,d5d60ab6-00e5-4df4-b01a-3d567142cd70,60,7,8.9,33.54922,-7.68745,4,16:00-21:00,1,17.4,13.0,11.0,14.8,2.92,2.46,0.8,47,1.83,6,6,7,8,8,9,10,10,11,13,13,15,16,18,25,26,29,33,38
15040010824708,d5ea9fe9-142f-4386-bffe-f367085f4672,26,7,43.85,33.56662,-7.66168,4,16:00-21:00,1,21.5,20.0,18.6,7.7,8.51,7.89,1.03,132,4.03,11,13,14,16,16,17,18,18,19,20,21,23,24,26,26,28,29,32,36
15040010784223,d5f3674a-90bd-4cf0-bde3-71f7b96402a2,60,6,37.46,33.54637,-7.67676,4,16:00-21:00,1,22.5,22.0,18.3,8.3,7.37,6.13,1.0,1098,6.83,10,14,15,16,18,18,19,20,21,22,23,23,24,25,26,28,31,33,36
15040010911291,d6125991-941f-46e1-b280-dda9454b8edc,60,4,14.79,33.5582,-7.68002,4,16:00-21:00,1,25.6,25.0,19.0,11.3,2.8,2.13,0.99,2760,2.76,8,12,14,16,18,20,21,22,23,25,26,28,29,30,32,34,36,39,45
15040010273187,d62059ab-7702-47fc-a9cd-dabc0d72ea2f,60,4,520.72,33.55572,-7.65062,4,16:00-21:00,1,40.6,41.0,38.9,7.6,48.25,45.72,1.01,2853,12.3,27,31,33,35,37,38,39,39,40,41,42,42,43,44,45,46,47,49,52
15040010849850,d64a5501-d1d5-4c97-a3b5-07d5645076f9,26,7,225.62,33.56213,-7.66396,4,16:00-21:00,1,26.3,24.0,21.1,10.9,38.44,33.84,0.93,205,27.76,12,15,17,18,20,20,21,22,23,24,25,26,27,30,32,35,38,43,49
15040010973189,d6c894b9-fa00-43d5-838c-7824a2c098b9,60,6,75.34,33.54511,-7.67613,4,16:00-21:00,1,22.9,23.0,19.3,7.3,14.06,11.79,1.0,176,8.84,10,14,15,17,19,20,21,21,22,23,24,25,27,27,28,29,30,31,34
15040010914949,d74e95b6-86c4-4dd3-af9d-5fd1672494e8,60,7,88.99,33.55383,-7.66716,4,16:00-21:00,1,17.4,12.0,10.6,12.5,30.32,26.7,0.84,231,21.56,5,5,6,7,7,8,9,10,11,12,16,19,22,24,26,28,32,35,37
15040010853104,d7579fc7-b940-4fb6-a615-1e2a9332291a,60,4,16.37,33.5451,-7.6601,4,16:00-21:00,1,38.8,38.0,33.1,14.0,1.78,1.55,0.95,1779,1.11,18,21,25,28,31,33,34,36,37,38,39,41,42,43,45,47,50,55,62
15040010865647,d7964c01-e8dd-4120-a3cf-8f14d6b87b07,21,7,5.65,33.56661,-7.66174,4,16:00-21:00,1,24.9,23.0,20.5,10.4,0.99,0.88,0.85,98,0.49,9,12,15,17,18,19,20,20,22,23,24,26,27,30,31,33,36,41,47
15040010815787,d7baf6bb-728a-4ac8-aff3-4f18866e8325,60,6,21.28,33.57106,-7.68433,4,16:00-21:00,1,26.3,26.0,22.8,7.3,3.37,2.95,0.99,826,2.83,15,18,20,21,23,23,24,25,25,26,27,28,29,29,30,32,32,34,38
15040010911679,d7c1dca0-3176-46b7-a6bc-3f0804295176,60,4,60.4,33.55881,-7.68024,4,16:00-21:00,1,16.8,15.0,8.1,11.8,26.91,14.5,1.05,2996,28.24,3,4,4,5,6,7,8,10,13,15,18,20,22,22,24,27,30,34,38
15040010545725,d7d453b0-136e-4e60-a1ac-3a34e4d1fa99,60,4,11.27,33.54619,-7.65594,4,16:00-21:00,1,44.6,43.0,38.6,13.9,1.05,0.94,1.03,4172,0.7,24,29,32,34,35,37,38,40,41,43,45,47,49,51,54,57,61,64,69
15040010911176,d80fc086-7ea8-47c0-92b3-b5e83d7e5c2b,60,7,41.13,33.55367,-7.66756,4,16:00-21:00,1,28.8,31.0,7.7,15.0,19.18,4.78,1.21,157,54.34,2,4,8,16,21,25,26,28,29,31,33,34,36,37,39,40,42,45,49
15040010797233,d89058cb-f8cd-4bf3-9298-4b73e901d012,60,3,27.36,33.54982,-7.66664,4,16:00-21:00,1,47.2,49.0,40.0,13.9,2.46,2.01,1.04,3546,3.23,23,28,32,36,39,42,44,46,47,49,50,51,53,54,56,57,59,62,67
15040010629643,d8e94c42-75ef-41e8-9809-91117e64245a,60,7,105.17,33.56109,-7.65072,4,16:00-21:00,1,40.0,41.0,33.6,11.5,11.26,9.23,0.99,3507,16.74,19,24,28,31,34,36,37,39,40,41,43,44,45,46,47,49,51,53,57
15040011040604,d9e59ef1-1584-42d7-8e6b-6d251ec006a8,18,7,31.78,33.54753,-7.67695,4,16:00-21:00,1,16.2,14.0,12.9,8.5,8.86,8.17,0.95,32,4.25,6,8,9,10,10,11,12,13,14,14,14,17,17,18,18,19,24,28,36
15040010616717,d9fbd4f4-d309-4c64-a0da-b4a205a0b1a3,60,7,33.75,33.57632,-7.67449,4,16:00-21:00,1,22.7,20.0,14.8,14.7,8.19,6.07,0.71,53,8.98,7,11,12,13,14,15,16,17,18,20,21,21,22,25,26,27,34,35,65
15040010852302,da02f8ac-36d4-4eba-bb55-cf5a184a515b,60,7,10.24,33.55953,-7.65121,4,16:00-21:00,1,27.2,25.0,20.1,13.3,1.83,1.47,0.81,495,2.24,10,14,16,18,20,21,22,23,24,25,27,28,30,32,33,35,37,41,48
15040011003641,da0b6c6e-7637-4c25-bdbb-2bf94101369e,60,4,6.13,33.57151,-7.66918,4,16:00-21:00,1,20.3,21.0,15.0,8.3,1.47,1.05,1.11,2949,1.46,6,9,12,14,15,16,18,19,20,21,22,22,23,24,25,26,28,30,33
15040010851152,da8ca219-24e1-4da5-9c8b-078b5e273842,60,7,11.73,33.5493,-7.68345,4,16:00-21:00,1,19.1,19.0,14.8,6.2,2.85,2.22,1.06,167,2.92,6,11,13,15,16,17,18,18,19,19,20,21,21,22,23,24,25,26,29
15040010413401,daa8da59-c94e-40db-bb88-2a815a70c6f5,60,4,12.72,33.54616,-7.65584,4,16:00-21:00,1,39.7,37.0,32.7,14.1,1.4,1.24,1.03,1381,1.24,21,25,27,29,30,32,33,35,36,37,38,40,42,44,47,51,54,61,67
15040010823736,db0ccf10-0fc5-4aff-be89-68f8c5e2d3f5,24,7,19.38,33.56498,-7.65985,4,16:00-21:00,1,22.0,21.0,17.6,9.0,3.97,3.32,1.1,4027,5.11,10,12,13,15,16,17,18,19,20,21,22,23,24,26,27,29,31,33,37
15040010817890,db592d1c-07dc-43e7-ac1e-1853e1850c82,60,7,45.22,33.57432,-7.68133,4,16:00-21:00,1,11.4,6.9,5.1,10.6,32.26,23.59,1.04,284,27.68,2,2,2,3,3,4,5,5,6,7,8,11,14,16,16,19,21,26,33
15040010789591,dbeac08e-1cfe-457c-a7ea-314ff7e9e0f7,60,5,37.89,33.55206,-7.68489,4,16:00-21:00,1,32.6,34.0,25.2,10.2,5.41,4.01,1.03,1694,8.44,15,19,22,24,26,29,30,31,33,34,35,36,37,38,39,40,42,44,47
15040010965209,dbec7312-9ee5-460b-b883-92ef3ba811e5,60,4,6.17,33.54936,-7.67829,4,16:00-21:00,1,22.3,22.0,17.1,9.2,1.3,1.01,1.05,7677,1.34,8,11,14,15,17,18,19,20,21,22,23,24,25,26,27,29,31,33,37
15040010967716,dd221061-518e-480d-8575-63e8e00acc96,60,4,5.87,33.54933,-7.67852,4,16:00-21:00,1,24.9,25.0,18.6,9.7,1.14,0.85,1.03,7258,1.4,9,13,15,17,19,20,22,23,24,25,26,27,28,30,31,32,34,36,40
15040011071250,dd3f4452-1749-4e99-9819-d0e4f52b4dfe,60,7,23.06,33.56634,-7.6661,4,16:00-21:00,1,41.4,45.0,31.7,15.1,2.62,1.84,1.02,3648,2.79,13,17,20,24,31,38,41,43,44,45,47,48,49,50,52,53,55,58,61
15040010273202,dec9eff7-6c84-4d06-b095-78887a573eb2,60,4,68.12,33.54699,-7.65683,4,16:00-21:00,1,44.2,45.0,40.9,9.8,6.0,5.45,1.03,5563,3.53,27,32,34,37,39,41,42,43,44,45,46,47,48,49,50,51,53,55,58
15040010818696,ded30c00-53c5-4907-bc6a-5b21fa99dbcf,60,6,23.64,33.55073,-7.67636,4,16:00-21:00,1,27.1,27.0,22.3,9.7,3.82,3.15,1.0,2571,3.35,12,15,18,20,22,23,24,25,26,27,28,29,30,31,32,33,35,38,43
15040010818884,df3619b3-dcf7-4934-9cb2-b76f4de698fb,18,7,69.32,33.56213,-7.66396,4,16:00-21:00,1,35.5,38.0,18.5,20.8,13.53,6.57,1.35,57,16.35,5,6,12,15,23,26,27,31,33,38,38,39,42,43,43,48,53,61,79
15040010805259,df3cbac7-76f0-48e6-b759-f176e5d80ded,18,7,152.68,33.55489,-7.66577,4,16:00-21:00,1,45.8,41.0,41.5,14.7,13.26,13.41,1.02,535,4.14,28,30,31,33,34,35,36,37,39,41,43,47,53,56,58,60,62,66,72
15040010604691,df4f0065-405d-495f-973c-caa229d46c0e,60,4,26.51,33.54797,-7.66017,4,16:00-21:00,1,35.1,33.0,30.6,11.6,3.12,2.89,1.02,1834,2.46,19,23,25,27,28,29,30,31,32,33,34,36,37,38,40,42,45,49,58
15040010862197,df569910-5775-48a6-84b4-c777a2ddff10,60,4,32.07,33.55528,-7.68565,4,16:00-21:00,1,16.6,16.0,8.8,10.2,13.19,7.22,1.2,2330,13.86,3,3,4,6,8,10,11,13,15,16,18,19,21,22,24,25,28,30,34
15040010830668,e003832d-30da-4f39-a3b4-eafb5d24797a,60,7,29.03,33.55962,-7.65115,4,16:00-21:00,1,27.7,26.0,19.3,12.6,5.43,4.02,1.04,507,7.74,10,14,16,18,20,21,22,24,25,26,27,28,30,32,34,36,40,45,53
15040010966787,e00619ac-0a3c-4297-be36-cbdc9e2bf155,60,4,22.84,33.54917,-7.67846,4,16:00-21:00,1,23.2,23.0,17.1,10.5,4.8,3.57,0.99,4258,4.75,7,10,12,14,16,18,19,20,22,23,24,25,27,28,30,31,33,36,40
15040011005830,e0324903-3c8b-46e1-b4ff-02afe52a49e4,60,7,73.18,33.55724,-7.65336,4,16:00-21:00,1,39.3,40.0,32.3,12.0,8.16,6.59,0.99,965,11.77,18,24,28,30,32,34,36,37,38,40,41,42,44,45,47,49,51,53,58
15040010826385,e039260f-1f58-4aaa-902b-fd0192a8ef23,60,6,33.64,33.57173,-7.68475,4,16:00-21:00,1,27.6,28.0,22.2,8.6,5.46,4.33,0.96,862,6.53,12,16,19,21,23,24,25,26,27,28,29,30,31,32,33,34,36,38,41
15040010806872,e0817638-989a-4d8d-b19e-b2663dffe484,60,5,32.37,33.55233,-7.68503,4,16:00-21:00,1,30.0,31.0,23.2,9.4,5.02,3.76,1.04,1696,7.92,14,18,21,23,24,26,27,29,30,31,32,33,34,35,36,37,38,40,43
15040010811837,e0b9d1da-bbee-4f5c-81f0-0402da881b61,60,5,12.36,33.55285,-7.68529,4,16:00-21:00,1,17.6,18.0,7.3,11.1,6.13,2.47,1.07,1295,8.88,2,3,4,6,9,10,13,15,16,18,19,20,22,23,25,27,29,32,35
15040011040909,e171b33c-78c2-4cf8-a1e3-ab532d64aedf,24,7,146.12,33.54857,-7.67583,4,16:00-21:00,1,18.1,18.0,15.8,6.3,33.41,29.22,0.93,38,13.85,8,11,11,12,13,15,15,16,18,18,18,19,19,21,23,25,25,26,32
15040010273476,e1ab9b37-30c3-4afd-8da6-58e6ff4bfb29,60,4,10.35,33.54606,-7.6561,4,16:00-21:00,1,33.1,32.0,23.2,13.9,1.61,1.16,0.95,817,2.7,11,16,20,22,25,27,28,29,31,32,33,35,37,39,41,43,46,51,58
15040010910799,e1eb3e69-86cd-4e46-a32c-2f8afa1f656a,60,3,62.38,33.55419,-7.6663,4,16:00-21:00,1,40.9,38.0,34.9,15.2,6.43,5.91,0.88,5286,4.12,21,25,28,30,32,33,35,36,37,38,39,41,42,44,46,49,55,64,73
15040010824364,e1f44311-97a8-4064-ae03-b3b25210b818,60,7,32.63,33.57449,-7.67998,4,16:00-21:00,1,17.5,15.0,14.9,7.6,7.89,7.83,0.62,33,3.28,8,11,11,12,13,13,14,15,15,15,16,17,18,20,20,23,26,27,35
15040010818402,e264b1fc-5bd1-4be9-81c5-2602cef3e23c,100,4,64.88,33.54791,-7.66016,4,16:00-21:00,1,37.9,37.0,35.0,10.1,6.68,6.31,0.98,848,2.8,23,27,30,31,32,33,34,35,36,37,38,39,40,41,43,44,46,48,54
15040010911677,e27e327c-5266-42e6-a8c1-01a6969a7abe,60,4,64.99,33.55837,-7.67979,4,16:00-21:00,1,29.8,30.0,25.7,8.9,9.1,7.8,1.03,3633,9.41,15,19,21,23,24,26,27,28,29,30,31,32,33,34,35,36,38,40,44
15040010623617,e289cb75-2e1e-427a-8f7c-dabf11849c02,60,7,42.92,33.54548,-7.67755,4,16:00-21:00,1,20.3,21.0,17.3,6.2,8.92,7.36,1.03,407,6.35,9,12,14,15,16,17,18,19,20,21,22,22,23,24,24,25,27,28,30
15040010867235,e2bf98e6-53ef-4305-8ab2-76fe3630f26d,60,5,65.75,33.55009,-7.67152,4,16:00-21:00,1,28.5,28.0,23.9,9.9,9.92,8.45,1.01,1493,6.61,12,16,19,21,23,24,25,26,27,28,29,30,31,32,33,35,37,40,46
15040010819281,e2f45bf5-bd46-4a8f-9d2a-d55ccd922d12,60,4,10.58,33.54925,-7.68784,4,16:00-21:00,1,18.1,17.0,11.4,10.9,3.33,2.24,1.15,1688,3.67,4,6,8,10,11,13,14,15,16,17,18,19,20,21,22,24,26,30,37
15040010973721,e33a14db-908f-4691-82a8-8e8987c6d88d,60,4,59.86,33.56461,-7.66189,4,16:00-21:00,1,38.2,40.0,29.9,14.9,7.2,5.39,1.16,4549,6.62,15,18,21,22,25,27,33,36,38,40,42,43,45,47,49,51,54,57,61
15040010811176,e33ec5a0-1802-4df3-8358-b4a4b20423c7,18,6,33.37,33.55274,-7.68524,4,16:00-21:00,1,16.9,16.0,13.3,6.8,9.01,7.51,1.13,104,5.83,6,8,10,10,12,14,14,15,16,16,18,18,20,21,21,23,24,26,28
15040010807563,e364ff02-7084-4e21-ad57-3ca4e154f566,60,7,35.16,33.5484,-7.67275,4,16:00-21:00,1,16.0,15.0,11.6,7.9,10.88,8.44,0.97,156,10.64,5,8,9,10,10,12,12,13,14,15,15,16,17,18,19,21,25,27,30
15040010854588,e37a489a-4615-4db5-982e-96e0474da146,18,7,17.44,33.55509,-7.66616,4,16:00-21:00,1,55.0,57.0,47.6,18.3,1.32,1.1,0.59,525,0.61,26,31,33,36,39,42,46,52,55,57,59,61,64,66,68,71,76,79,82
15040010917058,e3ee38c7-d3bb-42c3-9122-0cb258d3f532,60,3,442.41,33.54582,-7.66893,4,16:00-21:00,1,41.8,43.0,37.5,11.5,42.5,37.04,1.1,3286,21.94,23,27,30,33,36,38,39,40,42,43,44,45,46,47,48,49,51,53,57
15040010795888,e416b0ed-6ca2-41be-ab4e-064898b04bf0,60,4,38.44,33.54916,-7.68779,4,16:00-21:00,1,17.0,15.0,10.8,11.2,12.87,9.23,1.19,1654,11.57,4,5,7,8,9,10,11,13,14,15,17,18,19,20,22,23,26,30,37
15040010604756,e4599bc4-9f83-4ea2-88f5-83fa7f684d14,26,7,21.28,33.54648,-7.6485,4,16:00-21:00,1,39.1,39.0,29.8,13.8,2.57,1.96,1.03,652,4.74,18,25,28,30,31,33,35,36,38,39,40,41,42,43,45,47,48,51,63
15040010911155,e4659f2b-1589-4d21-8e5b-4d7b348e5040,60,6,36.55,33.54733,-7.67756,4,16:00-21:00,1,23.3,23.0,17.7,8.3,7.42,5.72,0.99,1392,11.07,9,13,15,17,18,19,20,21,22,23,24,25,26,27,28,30,32,33,37
15040010824010,e483f957-06a3-4bcd-8031-6edfc3cfb11c,20,7,35.51,33.56529,-7.65972,4,16:00-21:00,1,20.3,20.0,16.4,8.2,7.81,6.39,1.13,2946,9.3,9,11,12,13,14,16,17,18,18,20,21,21,23,24,25,26,28,30,35
15040010846588,e4ccf948-6a18-4bb3-b7de-cf5a40c9af4c,60,7,30.83,33.5538,-7.68359,4,16:00-21:00,1,17.5,17.0,15.5,5.3,7.17,6.53,0.98,193,3.24,8,11,12,13,14,15,16,17,17,17,18,19,20,20,21,22,23,24,26
15040010548024,e50b8f95-b7ed-49b3-9051-16bee5de89ef,60,7,6.1,33.54809,-7.6618,4,16:00-21:00,1,21.2,23.0,14.7,7.8,1.49,0.95,1.44,32,1.5,4,9,13,18,18,20,21,21,22,23,23,23,23,25,26,26,29,30,32
15040010957522,e5577a55-0f45-43b6-ab41-2178ccc11983,60,7,17.49,33.56045,-7.68013,4,16:00-21:00,1,24.5,25.0,21.2,7.2,2.97,2.52,0.9,49,1.62,10,11,18,21,22,22,23,23,25,25,26,26,26,28,29,31,33,33,35
15040010602920,e56f3a2e-44c2-4647-a9d1-933c5a8244a9,43,4,192.3,33.53898,-7.66261,4,16:00-21:00,1,42.5,44.0,38.5,10.8,18.0,15.73,1.02,3316,7.75,20,26,32,35,38,39,41,42,43,44,45,46,47,48,49,50,52,54,57
15040011041021,e5824460-0405-4054-8abd-6395180f7e12,18,7,69.77,33.54915,-7.67612,4,16:00-21:00,1,17.6,18.0,14.2,7.1,17.71,13.95,1.17,52,10.13,6,8,9,11,12,13,15,16,16,18,18,20,21,22,23,25,25,26,27
15040011004594,e58bef8c-938c-4f8c-ac5b-c69a35587703,18,7,81.47,33.55829,-7.65542,4,16:00-21:00,1,26.2,24.0,17.5,15.3,16.74,12.22,1.07,10498,11.2,8,9,9,10,12,14,16,18,21,24,27,29,32,35,38,41,45,48,53
15040010819820,e591c849-2ea2-4153-b170-9afdb6eecd56,60,1,238.28,33.54355,-7.65363,4,16:00-21:00,1,58.1,58.0,55.8,10.8,15.38,14.79,1.01,20616,3.63,40,45,48,50,52,53,55,56,57,58,59,61,62,63,65,66,68,71,75
15040010601357,e5b80cc0-3308-4d88-b087-05e91405ab7a,51,3,16.93,33.54057,-7.663,4,16:00-21:00,1,50.7,53.0,44.1,13.7,1.38,1.15,1.04,6455,1.05,22,29,36,41,45,48,50,51,52,53,54,56,57,58,59,61,62,65,69
15040010823924,e5ed1633-0c96-4ff4-bd42-d79d03181b7b,60,7,70.04,33.5477,-7.66231,4,16:00-21:00,1,18.5,19.0,9.8,9.6,25.62,13.27,0.87,33,33.61,2,5,9,10,11,11,15,18,19,19,20,20,23,25,25,26,28,29,31
15040011037025,e6705f38-727e-4842-bb6e-0f7453849f66,18,7,16.04,33.56746,-7.66713,4,16:00-21:00,1,21.3,21.0,11.7,10.0,4.96,2.75,1.15,3679,8.99,3,9,12,14,15,17,18,19,20,21,22,23,24,26,27,29,31,34,39
15040010907063,e6dd4207-46ba-4576-b5cb-f77a8a2f6b12,60,4,31.8,33.55796,-7.68024,4,16:00-21:00,1,24.3,23.0,13.7,12.9,8.33,4.98,1.03,3859,10.83,4,6,10,14,16,18,20,21,23,23,25,26,28,30,32,34,37,41,47
15040010903959,e747dc90-2bbc-4eaa-8043-0e302fb8ecdd,60,7,169.4,33.55216,-7.67705,4,16:00-21:00,1,14.9,17.0,10.4,6.8,58.47,35.87,0.94,57,49.99,3,6,7,9,9,11,12,13,14,17,17,18,18,19,20,20,22,22,25
15040010811395,e76abcad-230a-440c-8e2e-1411a42c6f07,60,4,26.75,33.54505,-7.65989,4,16:00-21:00,1,38.0,38.0,33.9,11.8,2.84,2.53,0.85,847,1.23,20,23,26,28,31,32,34,36,37,38,39,40,41,42,44,46,48,51,58
15040010853896,e82377fa-29b7-43eb-9fc9-b4b0ec210f9c,60,7,22.22,33.55406,-7.68372,4,16:00-21:00,1,17.5,17.0,15.5,5.3,5.17,4.71,0.97,193,2.33,8,11,12,13,14,15,16,17,17,17,18,19,20,20,21,22,23,24,26
15040010601980,e84d937b-2737-4346-9e51-532e1e0a360e,18,4,84.4,33.54489,-7.66111,4,16:00-21:00,1,22.4,20.0,11.3,17.0,26.97,15.19,1.06,1829,26.09,4,5,6,7,8,10,12,15,18,20,22,24,27,30,32,35,37,40,51
15040010822067,e8c75d75-dc32-4006-90a0-bfbc9e207ca5,60,7,8.58,33.57621,-7.67476,4,16:00-21:00,1,23.4,21.0,15.1,13.8,2.05,1.47,1.01,59,2.31,4,11,14,14,16,16,17,18,20,21,21,23,25,26,27,29,33,39,63
15040010865816,e8d6af57-64fd-406d-b334-ad47132c429d,60,7,42.89,33.55265,-7.67419,4,16:00-21:00,1,16.9,18.0,15.0,4.7,10.27,8.58,1.02,56,4.64,7,10,12,13,14,15,16,17,17,18,19,19,19,19,20,20,21,22,23
15040010840267,e8e2f17d-6b12-4555-940d-47dd535cc5c9,18,7,36.34,33.56482,-7.65963,4,16:00-21:00,1,10.1,5.9,4.4,9.7,29.93,22.17,1.04,3820,24.95,2,2,2,3,3,3,4,4,5,6,7,9,11,13,15,17,20,24,31
15040011062053,e904ccee-0e4c-4435-9b42-cf6a5f38ca7c,60,4,44.2,33.5452,-7.65933,4,16:00-21:00,1,37.8,37.0,34.4,11.3,4.63,4.3,0.83,844,1.63,21,24,27,29,31,32,34,35,36,37,38,39,40,42,43,45,47,50,57
15040010273503,e92d2db6-16e4-4be2-bd35-3300faa506a2,60,4,85.25,33.55587,-7.65063,4,16:00-21:00,1,35.0,35.0,32.6,8.4,9.42,8.77,1.03,10857,3.8,21,25,27,29,30,31,32,33,34,35,35,36,37,39,40,41,43,45,49
15040010196528,e965cf24-a15a-4257-8b5c-bdc66b328a70,60,4,40.59,33.55336,-7.68979,4,16:00-21:00,1,15.0,15.0,8.5,9.4,17.25,9.74,1.04,2300,15.47,3,3,4,5,6,8,10,12,13,15,16,17,19,20,21,23,25,27,32
15040010854414,e9682df2-144a-4597-b7d7-8888d2e411c0,60,7,39.79,33.57581,-7.67574,4,16:00-21:00,1,19.4,19.0,14.9,9.1,9.59,7.54,1.11,165,7.85,7,10,11,13,15,15,16,17,18,19,19,20,21,22,22,23,25,28,37
15040011069309,e99ae9b8-e352-47cd-9b89-cc56d068e9b7,19,7,269.27,33.5574,-7.66299,4,16:00-21:00,1,43.5,40.0,40.1,13.5,24.15,24.23,1.0,951,6.62,28,30,32,33,34,35,36,38,38,40,41,43,44,47,51,56,59,62,68
15040010825803,ea2d26d7-8a52-46b6-8ab7-25fb8df97a2d,22,7,388.98,33.55947,-7.65733,4,16:00-21:00,1,27.4,25.0,23.5,10.4,59.7,56.01,1.13,2557,25.85,13,15,17,18,19,20,22,23,24,25,27,29,31,33,35,37,39,42,46
15040010826467,ea3372e9-5787-48a5-92d8-eb0268f29e6b,60,3,251.32,33.55004,-7.66651,4,16:00-21:00,1,28.6,26.0,20.1,16.0,45.01,34.8,1.0,3387,31.32,9,10,12,13,15,17,19,21,24,26,29,31,34,37,40,43,45,49,55
15040010822453,ea4d8ac5-bbee-49ad-a0cd-36f554a19879,60,7,17.37,33.57558,-7.67361,4,16:00-21:00,1,17.3,17.0,14.1,6.9,4.43,3.68,0.94,100,2.37,6,8,9,11,12,14,14,15,16,17,18,19,20,21,22,23,24,26,29
15040010916561,ea8a8900-d63a-460e-878f-bfd24f379333,60,4,12.9,33.55821,-7.67964,4,16:00-21:00,1,25.9,27.0,18.3,10.7,2.54,1.72,1.02,2823,3.05,7,11,14,17,19,21,23,24,25,27,28,29,30,31,33,34,36,38,42
15040010903753,ead4ddc5-8129-44b6-a741-03ebf22b1c84,60,4,14.39,33.55806,-7.67985,4,16:00-21:00,1,28.9,28.0,22.1,12.2,2.34,1.85,1.01,4943,2.18,10,14,16,19,20,22,24,25,27,28,30,31,33,35,36,38,41,44,50
15040010783729,ead98e1d-1de8-4e43-ba23-ef1897c8cb9a,60,7,42.81,33.57029,-7.68182,4,16:00-21:00,1,16.3,16.0,14.9,4.9,10.35,9.63,1.03,41,3.38,9,10,12,13,13,14,14,15,16,16,17,17,18,18,18,19,20,22,25
15040010852923,eb00fcb4-08fc-4725-87c9-bcd1e4e70185,18,7,31.1,33.56517,-7.6601,4,16:00-21:00,1,24.9,25.0,19.1,10.7,5.85,4.48,1.05,1080,4.6,8,12,14,17,18,18,21,22,23,25,26,28,29,30,32,33,35,37,40
15040011071507,eb10b04c-6093-4a1d-8769-27908af18f81,60,7,91.42,33.56653,-7.6662,4,16:00-21:00,1,32.7,35.0,24.6,13.5,13.37,9.4,1.07,3050,10.08,11,14,16,18,20,23,27,31,33,35,37,39,40,42,43,45,47,49,52
15040010917014,ebbcfa20-0867-43bb-aa39-f28755472c23,60,7,11.45,33.55958,-7.65131,4,16:00-21:00,1,19.3,16.0,10.3,13.5,3.99,2.58,1.04,181,5.9,4,7,8,9,11,12,13,14,15,16,17,19,21,22,23,26,30,37,49
15040010604692,ec34c7b8-1340-42c2-b9d3-bc1b24c9646c,60,4,67.67,33.54793,-7.65945,4,16:00-21:00,1,31.0,28.0,28.2,9.9,8.65,8.7,1.04,1832,3.66,18,23,24,24,24,24,25,26,28,28,30,31,32,34,36,38,41,44,48
15040010857756,ec6e46c3-1d7f-4a19-918d-8a520d73572e,60,4,176.19,33.55132,-7.66857,4,16:00-21:00,1,25.2,25.0,19.1,11.5,33.21,25.37,0.97,6553,21.32,9,10,12,13,15,17,19,21,24,25,27,29,31,32,33,36,38,40,43
15040010827052,ec809ba1-28d4-4fb5-acf0-27dcfbe5b2da,25,7,382.2,33.56108,-7.6609,4,16:00-21:00,1,31.0,29.0,26.1,12.2,52.73,47.45,0.99,65,26.29,14,17,19,20,24,24,25,26,27,29,30,31,33,36,40,42,45,47,51
15040011043503,eca069c4-d8d6-4908-99d8-84bd6c9942cd,18,7,86.88,33.54989,-7.67644,4,16:00-21:00,1,18.3,18.0,12.7,7.7,24.67,17.38,1.38,48,24.61,4,8,11,11,12,14,15,16,18,18,19,21,22,24,24,25,26,28,30
15040010950431,ecab670e-5f27-49a9-b9f9-ee2fc985c954,26,7,92.86,33.56545,-7.66316,4,16:00-21:00,1,24.8,23.0,19.7,11.3,17.01,14.53,0.88,103,9.45,9,11,13,16,17,18,19,20,21,23,24,26,27,30,31,33,37,41,47
15040010786783,ed2583e3-83c1-453a-be36-7a6b33bdc926,60,4,206.19,33.56438,-7.66247,4,16:00-21:00,1,20.7,19.0,16.4,9.8,45.29,39.07,1.13,4064,26.41,8,10,11,12,13,15,15,16,18,19,20,21,23,24,26,29,31,35,39
15040011004729,ed3d8395-6744-4989-b2b3-5ae34305da9e,20,4,21.05,33.55703,-7.65285,4,16:00-21:00,1,30.2,30.0,25.8,10.0,2.94,2.53,1.05,1725,2.26,15,18,21,23,24,25,26,28,29,30,31,32,33,34,36,38,39,42,46
15040010967026,ed519668-74a7-4b27-b74b-1d5e838ef97e,60,6,75.22,33.54995,-7.67883,4,16:00-21:00,1,18.3,16.0,11.9,11.2,22.85,16.92,1.07,2855,17.39,5,6,7,7,8,9,11,12,14,16,18,20,22,24,27,29,31,34,39
15040010805990,ed57eda8-050e-4d37-bae6-6b4d023aa179,60,4,20.1,33.5462,-7.65606,4,16:00-21:00,1,34.7,32.0,30.1,14.3,2.4,2.26,0.97,1312,0.96,17,21,23,25,26,28,29,30,31,32,33,34,36,38,40,42,45,50,62
15040010815687,ed5bab56-24c2-4935-a000-3723d39bd433,60,7,41.44,33.56202,-7.6708,4,16:00-21:00,1,18.1,19.0,14.2,5.9,10.54,7.85,1.2,35,8.92,4,13,13,13,15,17,17,18,18,19,19,19,19,21,22,24,24,26,26
15040010790721,ede4a200-16ad-4936-9bc5-4de9498592d9,60,7,382.47,33.55947,-7.65733,4,16:00-21:00,1,27.8,26.0,23.8,10.5,57.94,52.96,1.13,6622,25.51,13,15,17,18,20,21,22,23,25,26,28,29,31,33,35,37,40,42,46
15040010811393,ee041b31-cbe2-4616-9a8b-73f6f25ad5e1,60,4,71.6,33.5453,-7.65937,4,16:00-21:00,1,37.0,36.0,32.1,13.2,8.04,7.16,0.94,1777,4.7,18,22,26,28,30,31,33,34,35,36,37,39,40,41,43,44,46,49,57
15040010605594,ee10dbb4-a192-43bc-8492-866f0f44dfee,27,7,240.92,33.54582,-7.6498,4,16:00-21:00,1,50.1,51.0,46.9,11.1,18.51,17.01,1.01,5045,7.12,29,35,39,42,44,46,48,49,50,51,52,53,54,56,57,59,60,63,66
15040010834463,ee21526b-3bea-4ae7-8ba7-32ca9e359006,60,7,151.64,33.56144,-7.6518,4,16:00-21:00,1,22.4,20.0,15.5,12.6,35.19,27.3,1.07,2492,23.22,7,8,9,10,11,13,15,16,18,20,23,24,27,29,31,34,37,41,45
15040011041378,ee5d3583-9724-4650-b3dd-1921ca98db27,18,7,43.48,33.54752,-7.67485,4,16:00-21:00,1,27.1,29.0,21.2,11.0,7.39,5.4,1.19,50,4.54,9,10,13,14,15,23,25,26,27,29,31,31,32,33,34,36,38,41,42
15040010822923,ee785919-a92a-4e01-82f7-ec24d803b71a,26,7,380.5,33.56482,-7.65993,4,16:00-21:00,1,24.1,24.0,22.0,6.3,62.18,57.08,1.07,2370,25.1,14,16,18,19,20,21,22,23,23,24,25,26,27,27,28,29,30,32,34
15040010958083,ee918aef-c6d0-454f-8639-e958e88c188c,26,7,95.07,33.56614,-7.66259,4,16:00-21:00,1,24.9,23.0,20.4,10.6,16.78,14.88,0.85,98,8.42,9,11,14,16,18,18,20,20,22,23,25,26,28,30,31,33,36,41,47
15040010196573,eed29a50-15d5-4cdc-9c44-56e867df2922,60,4,45.16,33.55313,-7.69014,4,16:00-21:00,1,23.3,23.0,18.1,9.3,8.98,7.07,0.98,2809,7.66,8,11,14,16,17,18,20,21,22,23,24,25,27,28,29,31,32,34,39
15040011004789,eee83363-45fc-4875-a6e5-f97e52396a5b,18,4,70.5,33.55783,-7.6524,4,16:00-21:00,1,31.2,32.0,26.1,10.0,9.74,7.93,1.08,2454,6.75,12,17,21,23,25,27,28,30,31,32,34,35,36,37,38,39,41,43,46
15040010857888,ef0349ee-d267-4c1a-839b-59723c3bf65f,60,7,29.9,33.56117,-7.66089,4,16:00-21:00,1,18.7,19.0,8.9,12.1,12.11,5.67,1.04,9281,13.68,2,3,4,6,10,13,15,16,17,19,20,21,22,23,25,27,29,33,40
15040011004758,ef1dcf25-2505-4f28-895e-8dad957d1006,60,4,73.67,33.55719,-7.65272,4,16:00-21:00,1,34.6,35.0,30.4,9.6,8.72,7.58,1.03,1721,7.13,19,23,25,27,29,30,31,32,33,35,36,37,38,39,40,42,43,45,49
15040010855850,efc0c4e7-dee9-4cb8-ace6-61a9cda2cd23,60,7,7.92,33.54899,-7.67917,4,16:00-21:00,1,16.8,14.0,11.2,13.2,2.54,2.04,0.78,67,1.72,6,6,8,8,9,10,11,12,13,14,15,16,17,19,20,22,24,26,45
15040010828313,efe076b7-6a37-4768-a95b-f39fa405d0fc,60,4,200.95,33.54616,-7.65627,4,16:00-21:00,1,33.9,32.0,29.7,13.7,24.34,22.61,1.02,1365,10.57,18,22,24,25,27,28,29,29,30,32,33,34,34,35,37,39,42,45,64
15040010828814,efe46d68-bd76-410e-b04f-887eebf80a3d,60,7,19.1,33.57535,-7.6752,4,16:00-21:00,1,17.1,17.0,15.1,5.2,4.54,4.04,1.15,95,1.92,8,10,11,12,14,15,15,16,17,17,18,19,19,19,20,21,22,23,27
15040010866989,efea0b59-55de-4787-bdfc-83a82a5b273b,60,4,33.08,33.54485,-7.66066,4,16:00-21:00,1,38.3,38.0,33.3,12.8,3.58,3.13,0.9,847,1.85,19,23,25,28,31,32,34,35,37,38,39,40,41,43,45,47,49,54,62
15040010825125,eff87afd-cc2c-411c-b35b-69970fcde399,60,4,18.48,33.56532,-7.65963,4,16:00-21:00,1,27.1,27.0,19.1,11.5,3.48,2.46,1.07,5021,4.48,8,12,15,17,20,21,23,24,26,27,28,30,31,33,34,36,38,40,46
15040010847951,f0e3acfb-e9de-4eca-ac76-52a4bb953e7b,60,4,8.18,33.5479,-7.66035,4,16:00-21:00,1,40.5,38.0,33.4,18.3,0.88,0.77,0.78,93,0.42,18,23,24,26,26,29,31,33,36,38,39,40,43,47,49,54,59,65,80
15040010912932,f1a19f83-f127-4be8-91e5-91c2da63e951,60,7,171.45,33.55843,-7.65546,4,16:00-21:00,1,24.2,21.0,16.8,13.9,36.83,29.39,0.99,9559,24.63,7,9,10,11,12,14,16,17,19,21,23,25,28,31,34,38,41,45,50
15040010915488,f1cb2e2b-8994-441f-8e07-cbe4614b7fe4,20,7,35.43,33.552,-7.65761,4,16:00-21:00,1,47.3,43.0,42.6,15.5,2.99,2.97,1.02,186,0.98,27,29,31,33,35,37,38,40,42,43,46,49,53,56,57,63,66,70,75
15040010914456,f28a4385-bf59-4801-a6d3-0f35fbc1c56f,60,7,9.58,33.56791,-7.66386,4,16:00-21:00,1,24.5,24.0,22.2,7.4,1.56,1.44,1.02,496,0.55,14,15,17,18,19,20,21,22,23,24,25,27,27,29,30,31,32,34,36
15040010904500,f293396b-4e36-42db-ab92-a195cffb8dc9,60,6,42.75,33.54508,-7.68329,4,16:00-21:00,1,29.0,30.0,24.3,7.9,6.33,5.13,1.05,2029,8.29,14,18,21,23,25,26,27,28,29,30,31,31,32,33,34,35,36,38,41
15040010918800,f2c9c569-788d-449e-9e89-20d6552de044,60,7,211.94,33.56195,-7.65256,4,16:00-21:00,1,30.9,31.0,26.9,8.5,28.39,24.61,1.01,3065,23.87,17,21,23,25,26,27,28,29,31,31,32,33,34,35,37,38,38,40,44
15040010266975,f2c9d147-b9a7-48e3-a320-093823c137a8,26,7,68.06,33.54879,-7.67521,4,16:00-21:00,1,21.6,22.0,18.2,7.1,13.49,11.14,1.02,207,8.51,9,11,15,16,17,18,20,20,21,22,23,24,25,26,27,28,29,31,32
15040010780846,f3378582-22e1-4b60-862c-8ba19a4929d6,60,6,78.83,33.56994,-7.68364,4,16:00-21:00,1,29.6,30.0,24.7,8.4,11.49,9.46,1.1,801,11.37,15,19,21,23,25,26,27,28,29,30,31,32,33,34,35,36,38,40,42
15040010910770,f3a4643f-050f-4ab5-a295-7aac08387026,60,4,9.69,33.55221,-7.6664,4,16:00-21:00,1,39.7,40.0,35.4,11.0,0.99,0.87,0.95,6884,0.59,21,25,29,32,33,35,36,38,39,40,41,42,43,45,46,47,50,53,57
15040010918876,f3eb2b4f-d4be-42e0-ad25-2f7a14e23f2a,60,7,14.77,33.55836,-7.65533,4,16:00-21:00,1,38.2,40.0,32.4,11.2,1.64,1.33,1.05,10190,3.61,19,22,25,28,31,34,35,37,38,40,41,42,43,44,45,47,49,51,55
15040010912425,f4287cce-ba75-4a36-a31a-63b4c87ba828,60,7,5.72,33.56795,-7.66383,4,16:00-21:00,1,23.9,23.0,21.4,7.5,0.96,0.9,1.03,574,0.38,13,15,16,17,18,19,20,21,22,23,24,26,27,28,29,31,32,34,36
15040010830783,f44a1220-1418-434d-a799-6f53d642122a,60,7,19.69,33.5747,-7.67445,4,16:00-21:00,1,16.7,17.0,14.8,5.3,4.8,4.17,1.13,88,2.04,8,10,10,12,13,14,15,16,17,17,18,18,19,19,20,20,21,23,26
15040010911393,f4621cfe-f9d4-45a5-8d01-f51b8993cf36,60,3,48.73,33.54942,-7.66687,4,16:00-21:00,1,46.9,48.0,40.0,13.9,4.38,3.65,1.1,3529,5.5,23,28,32,35,38,41,43,45,47,48,50,51,52,54,55,57,59,62,67
15040010860317,f4afe2fb-8d00-4e6f-9142-4929d63b6340,60,4,11.3,33.54922,-7.65252,4,16:00-21:00,1,44.6,42.0,39.7,15.1,1.02,0.97,0.73,100,0.41,25,27,30,32,34,36,37,39,40,42,43,45,47,50,54,58,61,63,66
15040010918415,f4f21581-f2a6-4c67-b447-ada1c085bde9,60,7,38.25,33.57675,-7.67433,4,16:00-21:00,1,22.5,20.0,19.1,16.6,7.21,6.89,0.83,72,2.33,12,14,15,16,16,17,17,18,19,20,20,21,22,23,24,25,27,30,34
15040010912356,f51e9721-d050-4848-83ac-fa1cae3a8471,18,6,10.41,33.55132,-7.66857,4,16:00-21:00,1,19.5,15.0,8.7,16.3,4.3,2.5,0.82,112,5.04,2,4,5,7,7,8,10,12,14,15,17,19,22,26,28,31,35,40,47
15040011069416,f5d1d880-18ea-4cbd-a5b8-024cd894e340,18,7,14.18,33.55747,-7.66092,4,16:00-21:00,1,43.5,40.0,40.1,13.5,1.27,1.28,1.0,949,0.35,28,30,32,33,34,35,36,37,39,40,41,43,44,47,51,55,59,62,68
15040010967201,f60a0538-7b52-4b59-bc3f-84788885fae9,60,4,4.79,33.5492,-7.6785,4,16:00-21:00,1,23.3,23.0,17.2,10.2,1.0,0.75,0.98,6116,1.05,8,11,13,15,17,18,19,20,21,23,24,25,26,28,30,31,33,36,40
15040010838909,f6112ab0-5625-4dee-af38-c46c8e3e73b9,60,7,8.39,33.5519,-7.68324,4,16:00-21:00,1,16.4,18.0,11.5,7.5,2.62,1.68,0.98,45,1.99,4,5,6,8,10,11,14,16,18,18,19,19,20,21,22,22,25,25,25
15040010967278,f6bdf765-caad-4b9a-a049-52b287f5edf2,60,6,76.52,33.54861,-7.67788,4,16:00-21:00,1,14.1,11.0,8.7,10.0,31.86,25.04,0.99,1244,25.78,4,4,5,6,6,7,8,9,10,11,13,14,16,18,20,22,24,27,32
15040010913073,f6cafaab-b538-4a6f-b282-8d158dbea8d7,60,4,6.3,33.54605,-7.65599,4,16:00-21:00,1,33.7,32.0,24.7,13.6,0.92,0.71,1.02,820,1.51,12,17,21,24,26,27,28,29,31,32,34,35,37,39,41,43,47,51,58
15040011071474,f6e65f26-4ade-4009-a026-2ccb6815a845,60,4,13.51,33.55698,-7.65306,4,16:00-21:00,1,40.1,40.0,34.0,13.0,1.43,1.22,1.02,12712,0.98,19,23,26,29,31,33,35,37,39,40,42,44,45,47,49,51,54,57,61
15040010911331,f775a989-8719-4d4c-949a-fb0bdaa3eb2e,60,7,206.26,33.56441,-7.66496,4,16:00-21:00,1,23.5,21.0,18.8,10.6,39.59,35.36,0.88,97,21.95,8,11,13,15,16,18,18,19,20,21,23,25,26,28,29,31,33,39,47
15040010912665,f831eeb0-d101-4874-8fde-9c3a6ca387a9,60,6,63.76,33.54787,-7.67781,4,16:00-21:00,1,22.9,23.0,17.7,8.1,12.97,9.98,1.0,1410,15.58,9,13,15,17,18,19,20,21,22,23,24,25,25,27,28,29,31,33,36
15040010844901,f836c107-5794-44ba-97e7-5f35d33dc995,60,7,38.07,33.57563,-7.67639,4,16:00-21:00,1,25.5,26.0,21.7,9.2,6.31,5.27,0.99,174,2.99,10,14,16,17,19,21,22,24,25,26,27,28,29,30,32,33,34,36,40
15040010590207,f8c43120-f6d9-44e0-b965-5d7f5c819d30,60,1,62.41,33.54564,-7.65008,4,16:00-21:00,1,59.9,60.0,57.8,10.2,3.89,3.74,1.01,23556,0.88,42,48,51,53,54,56,57,58,59,60,61,62,63,65,66,67,69,72,76
15040010267000,f8dcb626-5ea1-4bf5-954e-bfdd8669a79b,60,4,36.06,33.55237,-7.66606,4,16:00-21:00,1,39.5,39.0,35.9,10.4,3.62,3.33,0.94,5428,2.05,22,27,30,32,34,35,36,37,38,39,40,41,42,44,45,46,49,52,58
15040010906222,f90991de-62f0-4ae3-a9e1-b782ce956502,60,3,38.75,33.57712,-7.67346,4,16:00-21:00,1,24.3,24.0,19.9,8.8,7.03,5.81,1.08,6834,5.69,10,13,15,17,18,20,21,22,23,24,25,26,27,29,30,31,33,35,39
15040010826596,f94cc1e2-f0c9-4700-bea1-02e6731bbd86,60,7,29.85,33.55355,-7.68347,4,16:00-21:00,1,17.5,17.0,15.5,5.3,6.94,6.32,0.98,193,3.13,8,11,12,13,14,15,16,17,17,17,18,19,20,20,21,22,23,24,26
15040010794181,f95b0ea7-e3e2-484b-b7e7-5b95cc9b46e4,60,7,25.15,33.56183,-7.67066,4,16:00-21:00,1,18.1,19.0,14.2,5.9,6.39,4.77,1.2,35,5.41,4,13,13,13,15,17,17,18,18,19,19,19,19,21,22,24,24,26,26
15040011004987,f964c210-a9cb-4fb6-b50a-a0a6ab07aa32,60,6,10.12,33.56947,-7.67371,4,16:00-21:00,1,31.9,32.0,24.8,11.6,1.47,1.14,1.07,2226,2.16,13,17,20,22,24,26,28,30,31,32,33,35,36,37,39,41,43,46,50
15040011004728,f986e72f-bacc-4caf-b32b-9684a59d60d7,18,4,20.27,33.55729,-7.6528,4,16:00-21:00,1,22.6,23.0,12.3,12.1,5.91,3.17,1.13,2482,7.45,3,6,8,11,13,15,17,19,21,23,25,26,28,29,31,33,35,37,42
15040010839670,f98893f3-4b83-4a47-a96d-b62e0e643840,60,7,18.77,33.57624,-7.67467,4,16:00-21:00,1,25.5,23.0,18.3,12.9,3.7,2.94,0.81,58,3.81,7,14,16,18,19,20,21,21,22,23,24,26,26,27,28,30,34,38,62
15040010784215,f9a21e8a-3ebf-4716-81a3-bb25bad7ca9f,60,6,30.33,33.54653,-7.67717,4,16:00-21:00,1,16.6,17.0,12.8,6.6,8.5,6.42,1.11,1269,8.2,6,8,10,11,12,13,14,15,16,17,17,18,19,20,21,22,23,25,26
15040010939239,fa11e091-0291-4614-984b-9194e7aaf593,19,7,12.42,33.55555,-7.65099,4,16:00-21:00,1,41.4,42.0,39.9,7.6,1.12,1.06,0.91,79,0.23,28,31,33,36,37,38,39,41,41,42,43,44,44,45,46,46,48,48,53
15040010867245,fa6521da-0e1f-4e0a-be86-53e177f5b75f,60,3,251.87,33.55216,-7.66554,4,16:00-21:00,1,38.0,39.0,29.8,11.4,30.43,23.25,1.16,2781,38.56,17,24,27,30,32,34,36,37,38,39,40,42,42,44,45,46,48,50,54
15040010801200,fb25c259-eddb-4671-bf14-8db8698d93f6,18,7,167.43,33.56301,-7.66081,4,16:00-21:00,1,17.7,17.0,14.2,7.5,42.38,35.46,0.99,1132,27.31,7,9,10,11,12,13,14,15,16,17,18,19,20,21,22,24,25,27,30
15040010828429,fb752ce9-47fa-47e9-9735-3fd492727569,21,7,219.81,33.56482,-7.65993,4,16:00-21:00,1,27.6,29.0,22.6,8.5,34.99,27.29,0.97,1043,29.95,11,15,19,21,23,24,26,27,28,29,30,30,31,32,33,34,36,37,40
15040010804442,fc5d647b-4ec4-4db4-8760-1a0cd1f8200e,60,7,42.6,33.5526,-7.68929,4,16:00-21:00,1,15.7,16.0,9.7,8.0,15.77,9.59,0.6,50,17.04,3,4,6,9,11,12,12,13,14,16,16,17,18,20,21,22,24,24,32
15040010829000,fc6db656-d268-48b3-9e0a-0ec7eab88e56,60,7,38.75,33.57394,-7.67351,4,16:00-21:00,1,16.6,17.0,14.5,5.4,9.65,8.21,1.15,90,4.35,7,10,10,12,13,14,15,15,16,17,18,18,19,19,20,20,21,22,26
15040010821857,fc9873ab-60b3-473d-b96e-d6cba9fdd94c,60,3,33.72,33.57097,-7.66865,4,16:00-21:00,1,18.0,19.0,8.4,10.4,14.54,6.39,1.04,11158,19.55,2,3,5,8,10,12,12,15,17,19,21,23,24,24,24,25,28,31,35
15040010830316,fd48b4bc-6b53-4aa7-86fa-3dc19f97b4ab,60,4,28.16,33.56158,-7.68133,4,16:00-21:00,1,30.7,30.0,26.7,9.7,3.79,3.38,1.02,3586,2.93,17,20,21,23,24,25,26,27,28,30,31,32,34,35,37,39,41,44,47
15040010985400,fd9361c7-79c0-45bc-90c1-4f7b1baf2b25,60,4,104.57,33.56606,-7.65854,4,16:00-21:00,1,16.0,13.0,10.2,10.5,36.87,28.96,1.29,6619,26.33,4,5,6,7,8,8,9,10,12,13,15,17,19,20,23,25,25,31,38
15040010477671,fdab155e-802d-4a73-9c4b-593b32cb089e,60,1,268.45,33.54533,-7.65064,4,16:00-21:00,1,62.0,63.0,59.1,11.4,16.36,15.34,1.0,20399,4.76,42,48,52,54,56,58,59,60,61,63,64,65,66,67,69,70,72,75,79
15040010823149,feae990f-7d6a-44c1-a4ca-e366efb9e636,60,4,5.68,33.55138,-7.66843,4,16:00-21:00,1,36.6,36.0,29.7,10.7,0.69,0.57,0.62,6815,1.82,20,24,27,29,30,31,32,34,35,36,37,38,40,41,43,45,47,50,55
15040010979981,fec2bab0-517c-4b20-b36a-ecce4f54e4ce,60,3,9.74,33.57027,-7.66795,4,16:00-21:00,1,21.1,21.0,13.2,10.3,2.65,1.67,1.1,5984,3.72,5,8,10,12,14,16,17,19,20,21,22,23,24,25,27,28,30,34,39
15040010849652,ffb93e03-5a1f-41cf-9391-cd5c3fc57934,60,7,16.91,33.55274,-7.68935,4,16:00-21:00,1,14.6,14.0,9.4,7.5,6.47,4.35,0.75,54,6.23,3,4,7,7,9,11,12,12,13,14,14,16,18,20,20,22,22,24,26
